Id,m1
StatusCode,Complete
Messages,
Full label,eu-west-2:AWS/RDS DBInstanceIdentifier:medicore-postgresql CPUUtilization Average 60
Label,CPUUtilization
2026/08/19 12:39:00,3.6880400939076576
2026/08/19 12:40:00,3.450057500958349
2026/08/19 12:41:00,3.9622956289622957
2026/08/19 12:42:00,3.299890003666545
2026/08/19 12:43:00,3.283388056467608
2026/08/19 12:44:00,3.729727929667988
2026/08/19 12:45:00,3.933267778870352
2026/08/19 12:46:00,3.641545281823939
2026/08/19 12:47:00,3.2950715739597585
2026/08/19 12:48:00,3.379897104610312
2026/08/19 12:49:00,3.9750662511041854
2026/08/19 12:50:00,3.766666666666666
2026/08/19 12:51:00,3.6786786786786783
2026/08/19 12:52:00,3.696303696303696
2026/08/19 12:53:00,6.239572906239573
2026/08/19 12:54:00,4.2291042291042285
2026/08/19 12:55:00,4.125068751145852
2026/08/19 12:56:00,3.6035434844263525
2026/08/19 12:57:00,3.5083333333333337
2026/08/19 12:58:00,3.5416666666666665
2026/08/19 12:59:00,3.787941857173779
2026/08/19 13:00:00,4.145743314259022
2026/08/19 13:01:00,4.3622317310734084
2026/08/19 13:02:00,3.7083951399189985
2026/08/19 13:03:00,3.5333333333333337
2026/08/19 13:04:00,4.083333333333334
2026/08/19 13:05:00,4.208333333333334
2026/08/19 13:06:00,3.4666088898518357
2026/08/19 13:07:00,3.4535110695874134
2026/08/19 13:08:00,3.308333333333333
2026/08/19 13:09:00,4.333333333333334
2026/08/19 13:10:00,3.8461538461538463
2026/08/19 13:11:00,3.4451117784451117
2026/08/19 13:12:00,3.2550240588734782
2026/08/19 13:13:00,3.3367256710989506
2026/08/19 13:14:00,4.0126540126540124
2026/08/19 13:15:00,4.033333333333333
2026/08/19 13:16:00,3.1916134731087817
2026/08/19 13:17:00,3.320042042743456
2026/08/19 13:18:00,3.3166666666666664
2026/08/19 13:19:00,3.8083333333333327
2026/08/19 13:20:00,3.67965367965368
2026/08/19 13:21:00,3.675
2026/08/19 13:22:00,3.2415586147128432
2026/08/19 13:23:00,4.963462244319129
2026/08/19 13:24:00,4.041666666666666
2026/08/19 13:25:00,4.05
2026/08/19 13:26:00,3.5630442383576697
2026/08/19 13:27:00,3.2667211120185335
2026/08/19 13:28:00,3.391666666666666
2026/08/19 13:29:00,3.625
2026/08/19 13:30:00,3.7583333333333333
2026/08/19 13:31:00,3.570236903570237
2026/08/19 13:32:00,3.196803196803197
2026/08/19 13:33:00,3.650060834347239
2026/08/19 13:34:00,3.8082063931202295
2026/08/19 13:35:00,3.4667244454074235
2026/08/19 13:36:00,3.1666666666666665
2026/08/19 13:37:00,3.1865198531865193
2026/08/19 13:38:00,3.433333333333333
2026/08/19 13:39:00,3.779490850968182
2026/08/19 13:40:00,3.5536128397203823
2026/08/19 13:41:00,3.463145801768203
2026/08/19 13:42:00,3.4000566676111266
2026/08/19 13:43:00,3.5083333333333337
2026/08/19 13:44:00,3.725062084368073
2026/08/19 13:45:00,3.9872541332310103
2026/08/19 13:46:00,3.205128205128205
2026/08/19 13:47:00,3.4367701034367704
2026/08/19 13:48:00,3.1135531135531136
2026/08/19 13:49:00,3.903903903903904
2026/08/19 13:50:00,3.5999999999999996
2026/08/19 13:51:00,3.538128538128538
2026/08/19 13:52:00,3.38672005338672
2026/08/19 13:53:00,4.849919168013867
2026/08/19 13:54:00,4.199930001166647
2026/08/19 13:55:00,3.241720695344923
2026/08/19 13:56:00,3.583273612106465
2026/08/19 13:57:00,3.3249999999999997
2026/08/19 13:58:00,3.158333333333333
2026/08/19 13:59:00,3.641666666666666
2026/08/19 14:00:00,4.083333333333334
2026/08/19 14:01:00,3.766666666666666
2026/08/19 14:02:00,3.1885312775770496
2026/08/19 14:03:00,3.3700929278099405
2026/08/19 14:04:00,3.7378665023892377
2026/08/19 14:05:00,3.795525450875056
2026/08/19 14:06:00,3.538128538128538
2026/08/19 14:07:00,3.225
2026/08/19 14:08:00,3.1582806953217446
2026/08/19 14:09:00,3.7333955565926096
2026/08/19 14:10:00,3.6083333333333334
2026/08/19 14:11:00,3.75
2026/08/19 14:12:00,3.4750579176319607
2026/08/19 14:13:00,3.111392869655161
2026/08/19 14:14:00,3.75
2026/08/19 14:15:00,3.4382284382284385
2026/08/19 14:16:00,3.6786786786786783
2026/08/19 14:17:00,3.241666666666667
2026/08/19 14:18:00,3.221831865332423
2026/08/19 14:19:00,3.8204234163594206
2026/08/19 14:20:00,3.4166666666666665
2026/08/19 14:21:00,3.79614059039976
2026/08/19 14:22:00,3.236623900965982
2026/08/19 14:23:00,4.908333333333333
2026/08/19 14:24:00,4.245754245754245
2026/08/19 14:25:00,3.928928928928929
2026/08/19 14:26:00,3.1385803959439884
2026/08/19 14:27:00,3.328272801588229
2026/08/19 14:28:00,3.266666666666666
2026/08/19 14:29:00,3.696303696303696
2026/08/19 14:30:00,4.1541541541541545
2026/08/19 14:31:00,3.37995337995338
2026/08/19 14:32:00,3.0947614280947615
2026/08/19 14:33:00,3.4381711926208354
2026/08/19 14:34:00,3.9167319455324257
2026/08/19 14:35:00,3.350055834263904
2026/08/19 14:36:00,3.84993583440276
2026/08/19 14:37:00,3.1666666666666665
2026/08/19 14:38:00,3.2282282282282284
2026/08/19 14:39:00,4.054279054279054
2026/08/19 14:40:00,3.7000616676944613
2026/08/19 14:41:00,3.4582756954050766
2026/08/19 14:42:00,2.983283611939801
2026/08/19 14:43:00,3.545271025542635
2026/08/19 14:44:00,3.921144208195275
2026/08/19 14:45:00,4.0790110275103855
2026/08/19 14:46:00,3.1
2026/08/19 14:47:00,3.1552306898216753
2026/08/19 14:48:00,3.2865651223703307
2026/08/19 14:49:00,3.995937463578695
2026/08/19 14:50:00,3.3033584143879615
2026/08/19 14:51:00,3.779490850968182
2026/08/19 14:52:00,3.203256644254992
2026/08/19 14:53:00,6.341666666666666
2026/08/19 14:54:00,4.108333333333333
2026/08/19 14:55:00,3.6583333333333337
2026/08/19 14:56:00,3.155178155178155
2026/08/19 14:57:00,3.2198865532198866
2026/08/19 14:58:00,3.3132981468840015
2026/08/19 14:59:00,3.8789435926525293
2026/08/19 15:00:00,3.8710644178418607
2026/08/19 15:01:00,4.062395729062396
2026/08/19 15:02:00,3.2166130564490594
2026/08/19 15:03:00,3.4666666666666663
2026/08/19 15:04:00,3.708456948564952
2026/08/19 15:05:00,3.8209243473628125
2026/08/19 15:06:00,3.1866261803863996
2026/08/19 15:07:00,3.283333333333333
2026/08/19 15:08:00,3.4251141704723493
2026/08/19 15:09:00,3.816539448685044
2026/08/19 15:10:00,3.6583333333333337
2026/08/19 15:11:00,3.6583333333333337
2026/08/19 15:12:00,3.1166666666666663
2026/08/19 15:13:00,3.4666666666666663
2026/08/19 15:14:00,3.916666666666667
2026/08/19 15:15:00,3.75
2026/08/19 15:16:00,3.1917730591019704
2026/08/19 15:17:00,3.141561947935069
2026/08/19 15:18:00,3.4083901398356637
2026/08/19 15:19:00,3.6999999999999997
2026/08/19 15:20:00,3.650060834347239
2026/08/19 15:21:00,3.4833333333333334
2026/08/19 15:22:00,3.6212580333655224
2026/08/19 15:23:00,4.946778337615536
2026/08/19 15:24:00,4.341666666666666
2026/08/19 15:25:00,3.7583333333333333
2026/08/19 15:26:00,3.338272756031368
2026/08/19 15:27:00,3.2332255591480283
2026/08/19 15:28:00,3.2951265495436872
2026/08/19 15:29:00,3.7166666666666663
2026/08/19 15:30:00,3.6083333333333334
2026/08/19 15:31:00,4.041666666666666
2026/08/19 15:32:00,3.15
2026/08/19 15:33:00,3.1083333333333334
2026/08/19 15:34:00,3.899870004333189
2026/08/19 15:35:00,3.3666666666666663
2026/08/19 15:36:00,3.85
2026/08/19 15:37:00,3.083436114537151
2026/08/19 15:38:00,3.146853146853147
2026/08/19 15:39:00,3.9372706039372702
2026/08/19 15:40:00,3.255132453087797
2026/08/19 15:41:00,3.962229525700272
2026/08/19 15:42:00,3.2550240588734782
2026/08/19 15:43:00,3.341778059268642
2026/08/19 15:44:00,3.8333333333333326
2026/08/19 15:45:00,3.9872541332310103
2026/08/19 15:46:00,3.3217336285985453
2026/08/19 15:47:00,3.141614306428226
2026/08/19 15:48:00,3.3700367033700362
2026/08/19 15:49:00,3.5999999999999996
2026/08/19 15:50:00,3.591666666666667
2026/08/19 15:51:00,3.8333333333333326
2026/08/19 15:52:00,3.1302552490051445
2026/08/19 15:53:00,5.183333333333334
2026/08/19 15:54:00,3.9082681955300744
2026/08/19 15:55:00,3.591666666666667
2026/08/19 15:56:00,3.516666666666666
2026/08/19 15:57:00,3.15
2026/08/19 15:58:00,3.4200867534200867
2026/08/19 15:59:00,3.625
2026/08/19 16:00:00,4.19573433675763
2026/08/19 16:01:00,3.749875004166528
2026/08/19 16:02:00,4.091803060102003
2026/08/19 16:03:00,4.158402640044001
2026/08/19 16:04:00,4.258191393620213
2026/08/19 16:05:00,3.6084536151205038
2026/08/19 16:06:00,3.5165494483517215
2026/08/19 16:07:00,3.103206646868431
2026/08/19 16:08:00,3.2967032967032965
2026/08/19 16:09:00,3.920587253920587
2026/08/19 16:10:00,3.4416666666666664
2026/08/19 16:11:00,3.904428904428905
2026/08/19 16:12:00,3.0697364030697365
2026/08/19 16:13:00,3.408333333333333
2026/08/19 16:14:00,4.033333333333333
2026/08/19 16:15:00,3.521537155130788
2026/08/19 16:16:00,3.4116881600240236
2026/08/19 16:17:00,3.4299034299034297
2026/08/19 16:18:00,3.1416666666666666
2026/08/19 16:19:00,3.9083333333333328
2026/08/19 16:20:00,3.7416666666666663
2026/08/19 16:21:00,3.458333333333333
2026/08/19 16:22:00,3.208333333333333
2026/08/19 16:23:00,5.850097501625027
2026/08/19 16:24:00,4.946530755242655
2026/08/19 16:25:00,4.416666666666666
2026/08/19 16:26:00,3.591666666666667
2026/08/19 16:27:00,3.1885312775770496
2026/08/19 16:28:00,3.3498883370554315
2026/08/19 16:29:00,3.65
2026/08/19 16:30:00,3.5786382822536242
2026/08/19 16:31:00,3.8
2026/08/19 16:32:00,3.2301032301032304
2026/08/19 16:33:00,3.6583333333333337
2026/08/19 16:34:00,4.045712379045712
2026/08/19 16:35:00,5.116666666666666
2026/08/19 16:36:00,3.9083333333333328
2026/08/19 16:37:00,3.654739506152284
2026/08/19 16:38:00,3.5868604127391936
2026/08/19 16:39:00,4.012720824522552
2026/08/19 16:40:00,3.5534942693648754
2026/08/19 16:41:00,3.72121676295766
2026/08/19 16:42:00,3.595321910609119
2026/08/19 16:43:00,3.3300033300033305
2026/08/19 16:44:00,3.845512178845512
2026/08/19 16:45:00,3.75
2026/08/19 16:46:00,3.4498850038332054
2026/08/19 16:47:00,3.233333333333333
2026/08/19 16:48:00,3.329892444474043
2026/08/19 16:49:00,3.5584519483982797
2026/08/19 16:50:00,3.7037037037037033
2026/08/19 16:51:00,3.3833333333333333
2026/08/19 16:52:00,3.275
2026/08/19 16:53:00,6.191666666666667
2026/08/19 16:54:00,3.979353979353979
2026/08/19 16:55:00,3.7705000083418145
2026/08/19 16:56:00,3.271782746965484
2026/08/19 16:57:00,3.111340962930833
2026/08/19 16:58:00,3.275
2026/08/19 16:59:00,3.538246361850211
2026/08/19 17:00:00,3.9955290113776654
2026/08/19 17:01:00,3.8543505044787056
2026/08/19 17:02:00,3.1616530690558418
2026/08/19 17:03:00,3.358277362043966
2026/08/19 17:04:00,3.9333333333333327
2026/08/19 17:05:00,3.754578754578754
2026/08/19 17:06:00,3.291611806469892
2026/08/19 17:07:00,3.1532057591885083
2026/08/19 17:08:00,3.1083333333333334
2026/08/19 17:09:00,3.8461538461538463
2026/08/19 17:10:00,3.9289944777190144
2026/08/19 17:11:00,3.5416076398726686
2026/08/19 17:12:00,3.075051250854181
2026/08/19 17:13:00,3.3416109731504475
2026/08/19 17:14:00,3.641666666666666
2026/08/19 17:15:00,3.958399306655111
2026/08/19 17:16:00,3.4499425009583176
2026/08/19 17:17:00,3.0833333333333335
2026/08/19 17:18:00,3.1303594918161077
2026/08/19 17:19:00,3.6035434844263525
2026/08/19 17:20:00,3.754703786339871
2026/08/19 17:21:00,3.486703813686564
2026/08/19 17:22:00,3.3217336285985453
2026/08/19 17:23:00,4.8
2026/08/19 17:24:00,4.0332661122314635
2026/08/19 17:25:00,3.9582673622106297
2026/08/19 17:26:00,3.249945834236096
2026/08/19 17:27:00,3.3618072007741335
2026/08/19 17:28:00,3.1999999999999997
2026/08/19 17:29:00,3.9333333333333327
2026/08/19 17:30:00,3.4048717137576796
2026/08/19 17:31:00,3.887285406830277
2026/08/19 17:32:00,3.0833333333333335
2026/08/19 17:33:00,3.2216709400286367
2026/08/19 17:34:00,4.108470282342744
2026/08/19 17:35:00,3.303303303303303
2026/08/19 17:36:00,3.5833333333333335
2026/08/19 17:37:00,3.113604955127458
2026/08/19 17:38:00,3.1864666922473766
2026/08/19 17:39:00,3.9126887664208057
2026/08/19 17:40:00,3.8789435926525293
2026/08/19 17:41:00,3.463203463203463
2026/08/19 17:42:00,3.153153153153153
2026/08/19 17:43:00,3.2799986680208457
2026/08/19 17:44:00,3.91231084936352
2026/08/19 17:45:00,3.854478854478854
2026/08/19 17:46:00,3.52494125097915
2026/08/19 17:47:00,3.158333333333333
2026/08/19 17:48:00,3.161547573366256
2026/08/19 17:49:00,3.875
2026/08/19 17:50:00,3.588078588078588
2026/08/19 17:51:00,3.470136803470137
2026/08/19 17:52:00,3.1717753617155893
2026/08/19 17:53:00,4.941666666666666
2026/08/19 17:54:00,3.970703548607751
2026/08/19 17:55:00,3.4416666666666664
2026/08/19 17:56:00,3.488178488178488
2026/08/19 17:57:00,3.333333333333333
2026/08/19 17:58:00,3.3199866533199867
2026/08/19 17:59:00,3.6166666666666663
2026/08/19 18:00:00,3.9877453837060224
2026/08/19 18:01:00,3.7703113009242273
2026/08/19 18:02:00,3.291721528692145
2026/08/19 18:03:00,3.4416666666666664
2026/08/19 18:04:00,3.7210928525048694
2026/08/19 18:05:00,3.8206783789645793
2026/08/19 18:06:00,3.2134532134532137
2026/08/19 18:07:00,3.3533533533533535
2026/08/19 18:08:00,3.180206130638206
2026/08/19 18:09:00,3.8
2026/08/19 18:10:00,3.5201281259905577
2026/08/19 18:11:00,3.766666666666666
2026/08/19 18:12:00,3.388278388278388
2026/08/19 18:13:00,3.3283283283283285
2026/08/19 18:14:00,3.775
2026/08/19 18:15:00,3.9333333333333327
2026/08/19 18:16:00,3.072030370641713
2026/08/19 18:17:00,3.3782656568015748
2026/08/19 18:18:00,3.2332255591480283
2026/08/19 18:19:00,3.6333333333333333
2026/08/19 18:20:00,3.538069629210302
2026/08/19 18:21:00,3.536929211364888
2026/08/19 18:22:00,3.3666666666666663
2026/08/19 18:23:00,4.716745279087985
2026/08/19 18:24:00,4.049932501124981
2026/08/19 18:25:00,3.9128842119284686
2026/08/19 18:26:00,3.4199726402188784
2026/08/19 18:27:00,3.1552832262146593
2026/08/19 18:28:00,3.1697836205602177
2026/08/19 18:29:00,3.3666105564907256
2026/08/19 18:30:00,3.64641435921344
2026/08/19 18:31:00,3.8788788788788793
2026/08/19 18:32:00,3.183280278662022
2026/08/19 18:33:00,3.3666666666666663
2026/08/19 18:34:00,3.6916666666666664
2026/08/19 18:35:00,3.8333333333333326
2026/08/19 18:36:00,3.091718195303255
2026/08/19 18:37:00,3.2219391578000893
2026/08/19 18:38:00,3.1083333333333334
2026/08/19 18:39:00,4.0956257715791935
2026/08/19 18:40:00,3.5666666666666664
2026/08/19 18:41:00,3.6963652408465006
2026/08/19 18:42:00,3.158385973099552
2026/08/19 18:43:00,3.186413533081979
2026/08/19 18:44:00,3.7083333333333335
2026/08/19 18:45:00,4.445702487595325
2026/08/19 18:46:00,3.033333333333333
2026/08/19 18:47:00,3.266666666666666
2026/08/19 18:48:00,3.1530479463481362
2026/08/19 18:49:00,3.766666666666666
2026/08/19 18:50:00,3.629824502980452
2026/08/19 18:51:00,3.5749999999999997
2026/08/19 18:52:00,3.1447065496646758
2026/08/19 18:53:00,6.035932530762442
2026/08/19 18:54:00,4.116666666666666
2026/08/19 18:55:00,3.8369784628730623
2026/08/19 18:56:00,3.0916666666666663
2026/08/19 18:57:00,3.1333333333333333
2026/08/19 18:58:00,3.3217889373605516
2026/08/19 18:59:00,3.775062917715295
2026/08/19 19:00:00,3.641666666666666
2026/08/19 19:01:00,4.1
2026/08/19 19:02:00,3.1112890579383747
2026/08/19 19:03:00,3.283333333333333
2026/08/19 19:04:00,3.8879730922290485
2026/08/19 19:05:00,3.283333333333333
2026/08/19 19:06:00,3.695177084897319
2026/08/19 19:07:00,3.122034067635746
2026/08/19 19:08:00,3.3416666666666663
2026/08/19 19:09:00,3.770248402649183
2026/08/19 19:10:00,3.5216544282931217
2026/08/19 19:11:00,3.3854210096226005
2026/08/19 19:12:00,3.084258610916608
2026/08/19 19:13:00,3.5917265287754794
2026/08/19 19:14:00,3.6916051399143353
2026/08/19 19:15:00,3.3467647940324357
2026/08/19 19:16:00,3.4283712317111825
2026/08/19 19:17:00,3.141614306428226
2026/08/19 19:18:00,3.416723612060201
2026/08/19 19:19:00,3.8083333333333327
2026/08/19 19:20:00,3.516608056532391
2026/08/19 19:21:00,3.3750000000000004
2026/08/19 19:22:00,3.0833333333333335
2026/08/19 19:23:00,5.058333333333334
2026/08/19 19:24:00,4.075
2026/08/19 19:25:00,3.891666666666667
2026/08/19 19:26:00,3.458333333333333
2026/08/19 19:27:00,3.3416666666666663
2026/08/19 19:28:00,3.25
2026/08/19 19:29:00,3.875
2026/08/19 19:30:00,3.6583333333333337
2026/08/19 19:31:00,3.7000616676944613
2026/08/19 19:32:00,3.2999450009166513
2026/08/19 19:33:00,3.358333333333333
2026/08/19 19:34:00,3.725
2026/08/19 19:35:00,3.5749999999999997
2026/08/19 19:36:00,3.687978687978688
2026/08/19 19:37:00,3.1281281281281283
2026/08/19 19:38:00,3.391666666666666
2026/08/19 19:39:00,3.7083333333333335
2026/08/19 19:40:00,3.6916666666666664
2026/08/19 19:41:00,3.766666666666666
2026/08/19 19:42:00,3.0833333333333335
2026/08/19 19:43:00,3.3249999999999997
2026/08/19 19:44:00,3.8
2026/08/19 19:45:00,3.9499999999999997
2026/08/19 19:46:00,3.280107893904327
2026/08/19 19:47:00,3.269882050683172
2026/08/19 19:48:00,3.241666666666667
2026/08/19 19:49:00,3.575059584326405
2026/08/19 19:50:00,3.596223964836921
2026/08/19 19:51:00,3.3868330608295234
2026/08/19 19:52:00,3.1666666666666665
2026/08/19 19:53:00,5.094650616852306
2026/08/19 19:54:00,3.900195009750487
2026/08/19 19:55:00,3.48682015348682
2026/08/19 19:56:00,3.6166666666666663
2026/08/19 19:57:00,3.1083333333333334
2026/08/19 19:58:00,3.241666666666667
2026/08/19 19:59:00,4.391666666666667
2026/08/19 20:00:00,4.6537571388135
2026/08/19 20:01:00,4.229158672694816
2026/08/19 20:02:00,3.066717778629644
2026/08/19 20:03:00,3.3499441675972066
2026/08/19 20:04:00,3.8629324985847013
2026/08/19 20:05:00,3.7286043175069232
2026/08/19 20:06:00,3.4750579176319607
2026/08/19 20:07:00,3.141614306428226
2026/08/19 20:08:00,3.1
2026/08/19 20:09:00,3.866666666666667
2026/08/19 20:10:00,3.3750562509375155
2026/08/19 20:11:00,3.9416666666666673
2026/08/19 20:12:00,3.0303030303030303
2026/08/19 20:13:00,3.241774725824194
2026/08/19 20:14:00,3.962097325792836
2026/08/19 20:15:00,3.371796793046606
2026/08/19 20:16:00,3.461621874113741
2026/08/19 20:17:00,3.346876248834421
2026/08/19 20:18:00,3.1029478004103894
2026/08/19 20:19:00,3.84993583440276
2026/08/19 20:20:00,3.0916666666666663
2026/08/19 20:21:00,3.8249999999999997
2026/08/19 20:22:00,3.1666666666666665
2026/08/19 20:23:00,5.091666666666666
2026/08/19 20:24:00,4.179154179154179
2026/08/19 20:25:00,3.520186853520187
2026/08/19 20:26:00,3.5499999999999994
2026/08/19 20:27:00,3.125
2026/08/19 20:28:00,3.5333333333333337
2026/08/19 20:29:00,3.7380532152252823
2026/08/19 20:30:00,3.7536285075573055
2026/08/19 20:31:00,3.4667822260742027
2026/08/19 20:32:00,3.1552832262146593
2026/08/19 20:33:00,3.4000000000000004
2026/08/19 20:34:00,4.0166666666666675
2026/08/19 20:35:00,3.3115344833338893
2026/08/19 20:36:00,3.433333333333333
2026/08/19 20:37:00,3.233333333333333
2026/08/19 20:38:00,3.3666666666666663
2026/08/19 20:39:00,4.058333333333334
2026/08/19 20:40:00,3.3750000000000004
2026/08/19 20:41:00,4.062604062604063
2026/08/19 20:42:00,3.1667194453240883
2026/08/19 20:43:00,3.495103518459819
2026/08/19 20:44:00,3.996137067501415
2026/08/19 20:45:00,4.283333333333333
2026/08/19 20:46:00,3.0946581695639117
2026/08/19 20:47:00,3.1666666666666665
2026/08/19 20:48:00,3.5333333333333337
2026/08/19 20:49:00,3.87958306969929
2026/08/19 20:50:00,3.6333333333333333
2026/08/19 20:51:00,3.68689733408962
2026/08/19 20:52:00,3.5749999999999997
2026/08/19 20:53:00,6.616666666666666
2026/08/19 20:54:00,4.416666666666666
2026/08/19 20:55:00,3.4666666666666663
2026/08/19 20:56:00,3.921144208195275
2026/08/19 20:57:00,3.5917265287754794
2026/08/19 20:58:00,3.4783624170031033
2026/08/19 20:59:00,4.008333333333333
2026/08/19 21:00:00,4.087715208631656
2026/08/19 21:01:00,3.775062917715295
2026/08/19 21:02:00,3.5783994795055305
2026/08/19 21:03:00,3.241666666666667
2026/08/19 21:04:00,4
2026/08/19 21:05:00,3.8
2026/08/19 21:06:00,3.15
2026/08/19 21:07:00,3.4416666666666664
2026/08/19 21:08:00,3.225
2026/08/19 21:09:00,4.166666666666666
2026/08/19 21:10:00,3.854607213027407
2026/08/19 21:11:00,3.545093590470788
2026/08/19 21:12:00,3.26345760002664
2026/08/19 21:13:00,3.358389306488441
2026/08/19 21:14:00,4.162356945046878
2026/08/19 21:15:00,3.987811781944121
2026/08/19 21:16:00,3.35
2026/08/19 21:17:00,3.158333333333333
2026/08/19 21:18:00,3.5666666666666664
2026/08/19 21:19:00,4.012211804744586
2026/08/19 21:20:00,3.725
2026/08/19 21:21:00,3.85
2026/08/19 21:22:00,3.225
2026/08/19 21:23:00,5.041666666666666
2026/08/19 21:24:00,4.229385906487279
2026/08/19 21:25:00,4.162218070198853
2026/08/19 21:26:00,3.4384574397229253
2026/08/19 21:27:00,3.3197651141064997
2026/08/19 21:28:00,3.233333333333333
2026/08/19 21:29:00,3.8416666666666672
2026/08/19 21:30:00,3.9712934594378577
2026/08/19 21:31:00,3.7916666666666665
2026/08/19 21:32:00,3.308333333333333
2026/08/19 21:33:00,3.3833333333333333
2026/08/19 21:34:00,4.11217135993594
2026/08/19 21:35:00,3.75
2026/08/19 21:36:00,3.725
2026/08/19 21:37:00,3.408333333333333
2026/08/19 21:38:00,3.163661188537556
2026/08/19 21:39:00,4.420866489832007
2026/08/19 21:40:00,3.9962036065737543
2026/08/19 21:41:00,3.670153312313364
2026/08/19 21:42:00,3.1303594918161077
2026/08/19 21:43:00,3.5249999999999995
2026/08/19 21:44:00,4.2165963900601655
2026/08/19 21:45:00,4.3999266678888675
2026/08/19 21:46:00,3.261540514839592
2026/08/19 21:47:00,3.333333333333333
2026/08/19 21:48:00,3.296813080688667
2026/08/19 21:49:00,3.85
2026/08/19 21:50:00,3.9832669455509078
2026/08/19 21:51:00,3.9372049181695328
2026/08/19 21:52:00,3.2133997102945338
2026/08/19 21:53:00,5.175
2026/08/19 21:54:00,4.329401558250889
2026/08/19 21:55:00,3.925
2026/08/19 21:56:00,3.158333333333333
2026/08/19 21:57:00,3.125
2026/08/19 21:58:00,3.121878121878122
2026/08/19 21:59:00,4.041666666666666
2026/08/19 22:00:00,3.928928928928929
2026/08/19 22:01:00,3.7960773867004094
2026/08/19 22:02:00,3.1416666666666666
2026/08/19 22:03:00,3.175105836861228
2026/08/19 22:04:00,4.045712379045712
2026/08/19 22:05:00,3.4048717137576796
2026/08/19 22:06:00,3.508274862085632
2026/08/19 22:07:00,3.1251041701390045
2026/08/19 22:08:00,3.3249999999999997
2026/08/19 22:09:00,4.025
2026/08/19 22:10:00,3.525058750979183
2026/08/19 22:11:00,3.47842044677266
2026/08/19 22:12:00,3.096748414165127
2026/08/19 22:13:00,3.025
2026/08/19 22:14:00,4.120856203807204
2026/08/19 22:15:00,3.3333888898148305
2026/08/19 22:16:00,3.4249429176180395
2026/08/19 22:17:00,3.0416666666666665
2026/08/19 22:18:00,3.333333333333333
2026/08/19 22:19:00,3.712891893241871
2026/08/19 22:20:00,3.461852883765161
2026/08/19 22:21:00,3.787941857173779
2026/08/19 22:22:00,3.1030513338115813
2026/08/19 22:23:00,6.17684764330786
2026/08/19 22:24:00,4.813387390092931
2026/08/19 22:25:00,4.466666666666666
2026/08/19 22:26:00,3.0884752422496757
2026/08/19 22:27:00,3.091718195303255
2026/08/19 22:28:00,3.7167286121435352
2026/08/19 22:29:00,3.661995328661995
2026/08/19 22:30:00,3.4548209320524133
2026/08/19 22:31:00,3.9206526635412673
2026/08/19 22:32:00,3.0333838897314958
2026/08/19 22:33:00,3.499941667638873
2026/08/19 22:34:00,3.7583333333333333
2026/08/19 22:35:00,3.266666666666666
2026/08/19 22:36:00,3.687733084709642
2026/08/19 22:37:00,3.053256807261078
2026/08/19 22:38:00,3.7333333333333334
2026/08/19 22:39:00,3.925
2026/08/19 22:40:00,3.208333333333333
2026/08/19 22:41:00,3.683394723245387
2026/08/19 22:42:00,3.4916666666666663
2026/08/19 22:43:00,3.163397822250341
2026/08/19 22:44:00,3.812209079230551
2026/08/19 22:45:00,3.991733195553259
2026/08/19 22:46:00,3.121878121878122
2026/08/19 22:47:00,3.3115897299010695
2026/08/19 22:48:00,3.080304367372084
2026/08/19 22:49:00,3.8704726314208977
2026/08/19 22:50:00,3.221831865332423
2026/08/19 22:51:00,3.73308446103593
2026/08/19 22:52:00,3.236731901830255
2026/08/19 22:53:00,6.183333333333333
2026/08/19 22:54:00,3.866666666666667
2026/08/19 22:55:00,3.8416666666666672
2026/08/19 22:56:00,3.308333333333333
2026/08/19 22:57:00,3.1216702184336707
2026/08/19 22:58:00,2.936465563267485
2026/08/19 22:59:00,3.5999999999999996
2026/08/19 23:00:00,4.362159102260997
2026/08/19 23:01:00,3.7455370549567886
2026/08/19 23:02:00,3.0916666666666663
2026/08/19 23:03:00,3.233333333333333
2026/08/19 23:04:00,3.7916666666666665
2026/08/19 23:05:00,3.966732778879648
2026/08/19 23:06:00,3.2332794453425775
2026/08/19 23:07:00,3.1634504919998006
2026/08/19 23:08:00,3.345123294070539
2026/08/19 23:09:00,3.7083333333333335
2026/08/19 23:10:00,3.4916666666666663
2026/08/19 23:11:00,3.9
2026/08/19 23:12:00,3.0916151397476708
2026/08/19 23:13:00,3.241666666666667
2026/08/19 23:14:00,3.7166666666666663
2026/08/19 23:15:00,4.2165963900601655
2026/08/19 23:16:00,3.163555836760519
2026/08/19 23:17:00,3.028028028028028
2026/08/19 23:18:00,3.371628371628372
2026/08/19 23:19:00,3.73707040373707
2026/08/19 23:20:00,3.5583926398773316
2026/08/19 23:21:00,3.6999383343610943
2026/08/19 23:22:00,3.055278055278055
2026/08/19 23:23:00,4.913328550693205
2026/08/19 23:24:00,3.8666022232962782
2026/08/19 23:25:00,3.6917281954699246
2026/08/19 23:26:00,3.4666666666666663
2026/08/19 23:27:00,3.0968515342734886
2026/08/19 23:28:00,3.2999450009166513
2026/08/19 23:29:00,3.803867265052804
2026/08/19 23:30:00,3.4833333333333334
2026/08/19 23:31:00,3.8083333333333327
2026/08/19 23:32:00,3.121878121878122
2026/08/19 23:33:00,3.428428428428428
2026/08/19 23:34:00,3.875
2026/08/19 23:35:00,3.7833333333333328
2026/08/19 23:36:00,2.916715278587976
2026/08/19 23:37:00,3.224946250895818
2026/08/19 23:38:00,3.0916666666666663
2026/08/19 23:39:00,3.916666666666667
2026/08/19 23:40:00,3.496270644645711
2026/08/19 23:41:00,3.737382164011012
2026/08/19 23:42:00,3.216666666666667
2026/08/19 23:43:00,3.333277778703688
2026/08/19 23:44:00,3.883333333333333
2026/08/19 23:45:00,4.366666666666666
2026/08/19 23:46:00,3.216666666666667
2026/08/19 23:47:00,3.0417173619560325
2026/08/19 23:48:00,3.0832819453009117
2026/08/19 23:49:00,3.9167319455324257
2026/08/19 23:50:00,3.31661138981017
2026/08/19 23:51:00,3.925
2026/08/19 23:52:00,3.105073006676323
2026/08/19 23:53:00,5.1220448137210735
2026/08/19 23:54:00,3.995737879595098
2026/08/19 23:55:00,3.350279189932494
2026/08/19 23:56:00,3.7203249862364656
2026/08/19 23:57:00,3.308333333333333
2026/08/19 23:58:00,3.416723612060201
2026/08/19 23:59:00,3.6166063898935015
2026/08/20 00:00:00,5.841666666666666
2026/08/20 00:01:00,3.8416666666666672
2026/08/20 00:02:00,3.0749999999999997
2026/08/20 00:03:00,3.4966199340637383
2026/08/20 00:04:00,3.820487153820487
2026/08/20 00:05:00,4.00439567758371
2026/08/20 00:06:00,3.183174174624602
2026/08/20 00:07:00,3.3117554806633525
2026/08/20 00:08:00,3.333333333333333
2026/08/20 00:09:00,3.883333333333333
2026/08/20 00:10:00,3.4916666666666663
2026/08/20 00:11:00,3.7333333333333334
2026/08/20 00:12:00,3.3300033300033305
2026/08/20 00:13:00,3.7333333333333334
2026/08/20 00:14:00,3.828828828828829
2026/08/20 00:15:00,3.8166666666666673
2026/08/20 00:16:00,3.191666666666667
2026/08/20 00:17:00,3.2916666666666665
2026/08/20 00:18:00,3.1416666666666666
2026/08/20 00:19:00,3.57975357975358
2026/08/20 00:20:00,3.75
2026/08/20 00:21:00,3.5749404176597057
2026/08/20 00:22:00,3.586980096431372
2026/08/20 00:23:00,5.141666666666667
2026/08/20 00:24:00,4.033333333333333
2026/08/20 00:25:00,4.066666666666666
2026/08/20 00:26:00,4.066666666666666
2026/08/20 00:27:00,3.196749970862956
2026/08/20 00:28:00,3.4166666666666665
2026/08/20 00:29:00,3.853918150119288
2026/08/20 00:30:00,3.9459882452839614
2026/08/20 00:31:00,3.803867265052804
2026/08/20 00:32:00,3.2133997102945338
2026/08/20 00:33:00,3.536929211364888
2026/08/20 00:34:00,4.058333333333334
2026/08/20 00:35:00,3.8544146784102824
2026/08/20 00:36:00,3.875
2026/08/20 00:37:00,3.4368274412319186
2026/08/20 00:38:00,3.35
2026/08/20 00:39:00,4.0792540792540795
2026/08/20 00:40:00,3.3950617283950617
2026/08/20 00:41:00,4.208333333333334
2026/08/20 00:42:00,3.408333333333333
2026/08/20 00:43:00,3.3550342163539186
2026/08/20 00:44:00,3.8120818805158407
2026/08/20 00:45:00,3.866666666666667
2026/08/20 00:46:00,3.904428904428905
2026/08/20 00:47:00,3.3783783783783785
2026/08/20 00:48:00,3.363191368918784
2026/08/20 00:49:00,4.150138337944599
2026/08/20 00:50:00,3.5000000000000004
2026/08/20 00:51:00,4.0290290290290285
2026/08/20 00:52:00,3.463145801768203
2026/08/20 00:53:00,6.298069704199269
2026/08/20 00:54:00,3.8960390269892273
2026/08/20 00:55:00,3.741729028817147
2026/08/20 00:56:00,3.7832702788286863
2026/08/20 00:57:00,3.4785365121206557
2026/08/20 00:58:00,3.3249999999999997
2026/08/20 00:59:00,3.7083333333333335
2026/08/20 01:00:00,4.4040027306481955
2026/08/20 01:01:00,3.6333333333333333
2026/08/20 01:02:00,3.183280278662022
2026/08/20 01:03:00,3.391610139831003
2026/08/20 01:04:00,3.695423680742087
2026/08/20 01:05:00,4.066666666666666
2026/08/20 01:06:00,3.0916666666666663
2026/08/20 01:07:00,3.1801531801531797
2026/08/20 01:08:00,3.2198865532198866
2026/08/20 01:09:00,3.6916666666666664
2026/08/20 01:10:00,3.787752655589224
2026/08/20 01:11:00,3.441838758604597
2026/08/20 01:12:00,3.1447590130294794
2026/08/20 01:13:00,3.238374319441901
2026/08/20 01:14:00,3.970703548607751
2026/08/20 01:15:00,3.388334804109293
2026/08/20 01:16:00,3.4498850038332054
2026/08/20 01:17:00,3.350055834263904
2026/08/20 01:18:00,3.111392869655161
2026/08/20 01:19:00,3.808269862168963
2026/08/20 01:20:00,3.5083333333333337
2026/08/20 01:21:00,3.550118337277909
2026/08/20 01:22:00,3.3298370044786307
2026/08/20 01:23:00,4.9134925004588155
2026/08/20 01:24:00,3.991666666666667
2026/08/20 01:25:00,4.279125526565543
2026/08/20 01:26:00,3.2082798620023
2026/08/20 01:27:00,3.3950617283950617
2026/08/20 01:28:00,3.1385803959439884
2026/08/20 01:29:00,3.7536911296107838
2026/08/20 01:30:00,3.4250000000000003
2026/08/20 01:31:00,3.6333333333333333
2026/08/20 01:32:00,3.208333333333333
2026/08/20 01:33:00,3.57975357975358
2026/08/20 01:34:00,3.7120453787120455
2026/08/20 01:35:00,3.6166666666666663
2026/08/20 01:36:00,3.2466991891576895
2026/08/20 01:37:00,3.161547573366256
2026/08/20 01:38:00,3.3416666666666663
2026/08/20 01:39:00,3.75
2026/08/20 01:40:00,3.4750000000000005
2026/08/20 01:41:00,3.6630036630036633
2026/08/20 01:42:00,3.2916666666666665
2026/08/20 01:43:00,3.4117450784117453
2026/08/20 01:44:00,3.6833333333333336
2026/08/20 01:45:00,4.462130167662876
2026/08/20 01:46:00,3.0749999999999997
2026/08/20 01:47:00,3.186573015899498
2026/08/20 01:48:00,3.125
2026/08/20 01:49:00,3.591666666666667
2026/08/20 01:50:00,3.358333333333333
2026/08/20 01:51:00,3.887778887778888
2026/08/20 01:52:00,3.3833333333333333
2026/08/20 01:53:00,4.946613279946614
2026/08/20 01:54:00,3.883333333333333
2026/08/20 01:55:00,3.488120410915569
2026/08/20 01:56:00,3.575059584326405
2026/08/20 01:57:00,3.391666666666666
2026/08/20 01:58:00,3.1364698031364697
2026/08/20 01:59:00,3.6166666666666663
2026/08/20 02:00:00,3.5583333333333336
2026/08/20 02:01:00,4.35
2026/08/20 02:02:00,3.1385281385281383
2026/08/20 02:03:00,3.161494828161495
2026/08/20 02:04:00,3.766666666666666
2026/08/20 02:05:00,3.4750000000000005
2026/08/20 02:06:00,3.5963437172208255
2026/08/20 02:07:00,4.2417373622893715
2026/08/20 02:08:00,3.8955622288955625
2026/08/20 02:09:00,4.7333333333333325
2026/08/20 02:10:00,4.029236942441851
2026/08/20 02:11:00,4.258191393620213
2026/08/20 02:12:00,3.1917730591019704
2026/08/20 02:13:00,3.3666666666666663
2026/08/20 02:14:00,3.7454745658085717
2026/08/20 02:15:00,3.9083333333333328
2026/08/20 02:16:00,3.3166666666666664
2026/08/20 02:17:00,3.180100231431378
2026/08/20 02:18:00,3.236623900965982
2026/08/20 02:19:00,3.5879591089207814
2026/08/20 02:20:00,3.358445281509383
2026/08/20 02:21:00,4.095762429095762
2026/08/20 02:22:00,3.1135012737050665
2026/08/20 02:23:00,4.858333333333333
2026/08/20 02:24:00,3.9167319455324257
2026/08/20 02:25:00,4.0790790790790785
2026/08/20 02:26:00,3.1
2026/08/20 02:27:00,3.15
2026/08/20 02:28:00,3.1166666666666663
2026/08/20 02:29:00,3.604548557348118
2026/08/20 02:30:00,4.033467782259408
2026/08/20 02:31:00,3.595321910609119
2026/08/20 02:32:00,3.0833333333333335
2026/08/20 02:33:00,3.308333333333333
2026/08/20 02:34:00,3.7378665023892377
2026/08/20 02:35:00,3.7583333333333333
2026/08/20 02:36:00,3.1281803166552664
2026/08/20 02:37:00,3.0718769251261215
2026/08/20 02:38:00,3.4201438128764243
2026/08/20 02:39:00,3.8793892875576494
2026/08/20 02:40:00,3.8288927075860455
2026/08/20 02:41:00,3.3833333333333333
2026/08/20 02:42:00,3.1416666666666666
2026/08/20 02:43:00,3.271728271728272
2026/08/20 02:44:00,4.120787454120787
2026/08/20 02:45:00,4
2026/08/20 02:46:00,3.0666666666666664
2026/08/20 02:47:00,3.1166666666666663
2026/08/20 02:48:00,3.213506718393579
2026/08/20 02:49:00,3.7203249862364656
2026/08/20 02:50:00,3.646292935515559
2026/08/20 02:51:00,3.68708186656434
2026/08/20 02:52:00,3.1083333333333334
2026/08/20 02:53:00,6.554307116104868
2026/08/20 02:54:00,4.355429713524317
2026/08/20 02:55:00,3.493995997331554
2026/08/20 02:56:00,4.633333333333333
2026/08/20 02:57:00,4
2026/08/20 02:58:00,2.925
2026/08/20 02:59:00,3.871322243868325
2026/08/20 03:00:00,3.503269718403844
2026/08/20 03:01:00,4.149930834486092
2026/08/20 03:02:00,3.158333333333333
2026/08/20 03:03:00,3.433333333333333
2026/08/20 03:04:00,3.8166666666666673
2026/08/20 03:05:00,3.341722362039367
2026/08/20 03:06:00,3.7666038899351673
2026/08/20 03:07:00,3.0833333333333335
2026/08/20 03:08:00,3.358333333333333
2026/08/20 03:09:00,3.8416666666666672
2026/08/20 03:10:00,3.330058775537388
2026/08/20 03:11:00,3.7453495937672048
2026/08/20 03:12:00,3.233333333333333
2026/08/20 03:13:00,3.433333333333333
2026/08/20 03:14:00,3.875
2026/08/20 03:15:00,3.341722362039367
2026/08/20 03:16:00,3.4582756954050766
2026/08/20 03:17:00,3.05
2026/08/20 03:18:00,3.5083333333333337
2026/08/20 03:19:00,3.7083951399189985
2026/08/20 03:20:00,3.741729028817147
2026/08/20 03:21:00,3.3833333333333333
2026/08/20 03:22:00,3.23848215921011
2026/08/20 03:23:00,4.975331688779252
2026/08/20 03:24:00,4.137125698557011
2026/08/20 03:25:00,3.216666666666667
2026/08/20 03:26:00,3.5833333333333335
2026/08/20 03:27:00,3.2332255591480283
2026/08/20 03:28:00,3.1166666666666663
2026/08/20 03:29:00,3.8879730922290485
2026/08/20 03:30:00,3.391949329110759
2026/08/20 03:31:00,3.7082715288078534
2026/08/20 03:32:00,3.328050713153724
2026/08/20 03:33:00,3.225
2026/08/20 03:34:00,3.921470676391248
2026/08/20 03:35:00,3.299890003666545
2026/08/20 03:36:00,3.3864940611237153
2026/08/20 03:37:00,3.2553492631754226
2026/08/20 03:38:00,3.183280278662022
2026/08/20 03:39:00,3.77005972041504
2026/08/20 03:40:00,3.3166666666666664
2026/08/20 03:41:00,3.9628359252722367
2026/08/20 03:42:00,3.2698274999165857
2026/08/20 03:43:00,3.241774725824194
2026/08/20 03:44:00,3.704875449580391
2026/08/20 03:45:00,3.720138796209796
2026/08/20 03:46:00,3.5583333333333336
2026/08/20 03:47:00,3.308333333333333
2026/08/20 03:48:00,3.1333333333333333
2026/08/20 03:49:00,3.6999999999999997
2026/08/20 03:50:00,3.7714799520447584
2026/08/20 03:51:00,3.5449753102896038
2026/08/20 03:52:00,3.033333333333333
2026/08/20 03:53:00,4.937223165817431
2026/08/20 03:54:00,3.8618089613985918
2026/08/20 03:55:00,3.5083333333333337
2026/08/20 03:56:00,3.5717853931461687
2026/08/20 03:57:00,3.0497966802213186
2026/08/20 03:58:00,3.1249479175347075
2026/08/20 03:59:00,3.736883372537244
2026/08/20 04:00:00,3.788194155357589
2026/08/20 04:01:00,4.0164658433744975
2026/08/20 04:02:00,3.128023756297754
2026/08/20 04:03:00,3.266666666666666
2026/08/20 04:04:00,3.7049371409541254
2026/08/20 04:05:00,4.178900306953157
2026/08/20 04:06:00,3.0832819453009117
2026/08/20 04:07:00,3.116770559018634
2026/08/20 04:08:00,3.1166666666666663
2026/08/20 04:09:00,3.8166666666666673
2026/08/20 04:10:00,3.5333333333333337
2026/08/20 04:11:00,3.8297588917010783
2026/08/20 04:12:00,3.169624983317763
2026/08/20 04:13:00,3.0749999999999997
2026/08/20 04:14:00,3.7416666666666663
2026/08/20 04:15:00,3.6799600366330862
2026/08/20 04:16:00,3.4281424639252647
2026/08/20 04:17:00,3.283333333333333
2026/08/20 04:18:00,3.1
2026/08/20 04:19:00,3.5583333333333336
2026/08/20 04:20:00,3.4967363793792465
2026/08/20 04:21:00,3.703456559455492
2026/08/20 04:22:00,3.058333333333333
2026/08/20 04:23:00,5.694684960703344
2026/08/20 04:24:00,4.7
2026/08/20 04:25:00,3.9417323622060367
2026/08/20 04:26:00,3.7951455500875797
2026/08/20 04:27:00,3.1166666666666663
2026/08/20 04:28:00,3.158333333333333
2026/08/20 04:29:00,3.883333333333333
2026/08/20 04:30:00,3.9083333333333328
2026/08/20 04:31:00,3.4916666666666663
2026/08/20 04:32:00,3.072132676168909
2026/08/20 04:33:00,3.1945417542454875
2026/08/20 04:34:00,3.9417323622060367
2026/08/20 04:35:00,3.9082681955300744
2026/08/20 04:36:00,3.1
2026/08/20 04:37:00,3.158385973099552
2026/08/20 04:38:00,3.058282361960634
2026/08/20 04:39:00,4.046088780845182
2026/08/20 04:40:00,3.0029028060458445
2026/08/20 04:41:00,4.079593705769711
2026/08/20 04:42:00,3.061139377762949
2026/08/20 04:43:00,3.4051551884907414
2026/08/20 04:44:00,3.6868358273693342
2026/08/20 04:45:00,3.549940834319428
2026/08/20 04:46:00,3.5249999999999995
2026/08/20 04:47:00,3.230264581980452
2026/08/20 04:48:00,3.228066663330164
2026/08/20 04:49:00,3.5634002164682377
2026/08/20 04:50:00,3.1945950454583363
2026/08/20 04:51:00,3.7333333333333334
2026/08/20 04:52:00,3.06676889229641
2026/08/20 04:53:00,6.216459451351621
2026/08/20 04:54:00,4.033333333333333
2026/08/20 04:55:00,3.7416666666666663
2026/08/20 04:56:00,3.1333333333333333
2026/08/20 04:57:00,3.058333333333333
2026/08/20 04:58:00,3.4967363793792465
2026/08/20 04:59:00,3.5116108367809957
2026/08/20 05:00:00,3.458333333333333
2026/08/20 05:01:00,4.008333333333333
2026/08/20 05:02:00,3.058333333333333
2026/08/20 05:03:00,3.508450281676056
2026/08/20 05:04:00,3.658211392953568
2026/08/20 05:05:00,3.230372158854383
2026/08/20 05:06:00,3.4448244223871884
2026/08/20 05:07:00,3.108385139752329
2026/08/20 05:08:00,3.222100109901089
2026/08/20 05:09:00,3.6833333333333336
2026/08/20 05:10:00,3.336336035765522
2026/08/20 05:11:00,3.7416666666666663
2026/08/20 05:12:00,3.0833333333333335
2026/08/20 05:13:00,3.35
2026/08/20 05:14:00,3.6166666666666663
2026/08/20 05:15:00,3.5666666666666664
2026/08/20 05:16:00,3.3166666666666664
2026/08/20 05:17:00,3.3
2026/08/20 05:18:00,3.1223980016652786
2026/08/20 05:19:00,3.444537114261885
2026/08/20 05:20:00,3.5302737627389593
2026/08/20 05:21:00,3.2918861257417156
2026/08/20 05:22:00,3.536221247352004
2026/08/20 05:23:00,4.8623715717782625
2026/08/20 05:24:00,4.303658109392984
2026/08/20 05:25:00,3.5249999999999995
2026/08/20 05:26:00,3.4916666666666663
2026/08/20 05:27:00,3.4666666666666663
2026/08/20 05:28:00,3.0916666666666663
2026/08/20 05:29:00,3.516725278754646
2026/08/20 05:30:00,3.2832786120231328
2026/08/20 05:31:00,3.6916666666666664
2026/08/20 05:32:00,3.516666666666666
2026/08/20 05:33:00,3.180523870580987
2026/08/20 05:34:00,3.6998766707776407
2026/08/20 05:35:00,3.1945950454583363
2026/08/20 05:36:00,3.3833333333333333
2026/08/20 05:37:00,3.3166666666666664
2026/08/20 05:38:00,3.1666666666666665
2026/08/20 05:39:00,4
2026/08/20 05:40:00,3.216666666666667
2026/08/20 05:41:00,3.641666666666666
2026/08/20 05:42:00,3.2885973091781002
2026/08/20 05:43:00,3.136260509809155
2026/08/20 05:44:00,3.6666666666666665
2026/08/20 05:45:00,3.8166666666666673
2026/08/20 05:46:00,3.5833333333333335
2026/08/20 05:47:00,3.1803649926735047
2026/08/20 05:48:00,3.091975864253092
2026/08/20 05:49:00,3.733146675999533
2026/08/20 05:50:00,3.628204914341001
2026/08/20 05:51:00,3.675
2026/08/20 05:52:00,3.058333333333333
2026/08/20 05:53:00,4.941666666666666
2026/08/20 05:54:00,3.8333333333333326
2026/08/20 05:55:00,3.188690555481551
2026/08/20 05:56:00,3.770185506472708
2026/08/20 05:57:00,3.058333333333333
2026/08/20 05:58:00,3.0083333333333333
2026/08/20 05:59:00,3.5801708490833097
2026/08/20 06:00:00,3.8784259429162433
2026/08/20 06:01:00,3.6916666666666664
2026/08/20 06:02:00,3.2635662787018997
2026/08/20 06:03:00,3.2084937580212345
2026/08/20 06:04:00,3.7617188803256263
2026/08/20 06:05:00,3.650060834347239
2026/08/20 06:06:00,3.358277362043966
2026/08/20 06:07:00,3.0751025034167805
2026/08/20 06:08:00,3.4132534132534134
2026/08/20 06:09:00,3.7953988088286814
2026/08/20 06:10:00,3.774937084381927
2026/08/20 06:11:00,3.3333888898148305
2026/08/20 06:12:00,3.09994833419443
2026/08/20 06:13:00,3.225
2026/08/20 06:14:00,3.97955275821303
2026/08/20 06:15:00,3.5950819945614994
2026/08/20 06:16:00,3.4916666666666663
2026/08/20 06:17:00,3.05
2026/08/20 06:18:00,3.1333333333333333
2026/08/20 06:19:00,3.6333333333333333
2026/08/20 06:20:00,3.355257680459579
2026/08/20 06:21:00,3.811827508549503
2026/08/20 06:22:00,3.0500508341805697
2026/08/20 06:23:00,4.7538963633941655
2026/08/20 06:24:00,3.9085939062604167
2026/08/20 06:25:00,3.995062469765968
2026/08/20 06:26:00,3.0749999999999997
2026/08/20 06:27:00,3.058333333333333
2026/08/20 06:28:00,3.180576833411044
2026/08/20 06:29:00,3.8533395609528256
2026/08/20 06:30:00,3.291721528692145
2026/08/20 06:31:00,3.799936667722205
2026/08/20 06:32:00,3
2026/08/20 06:33:00,3.033333333333333
2026/08/20 06:34:00,3.9299928394198265
2026/08/20 06:35:00,3.4195733039750453
2026/08/20 06:36:00,3.3638074303508687
2026/08/20 06:37:00,3.19438189127425
2026/08/20 06:38:00,3.275
2026/08/20 06:39:00,3.925
2026/08/20 06:40:00,3.216666666666667
2026/08/20 06:41:00,3.7333955565926096
2026/08/20 06:42:00,3
2026/08/20 06:43:00,3.321899560410284
2026/08/20 06:44:00,3.9501975098754936
2026/08/20 06:45:00,3.5614198972442783
2026/08/20 06:46:00,3.355257680459579
2026/08/20 06:47:00,3.044457419301026
2026/08/20 06:48:00,3.241666666666667
2026/08/20 06:49:00,3.6301871711183638
2026/08/20 06:50:00,3.769996830533638
2026/08/20 06:51:00,3.3249445842569285
2026/08/20 06:52:00,3.0473082110802125
2026/08/20 06:53:00,6.030326788663319
2026/08/20 06:54:00,4.333333333333334
2026/08/20 06:55:00,3.2138277854561803
2026/08/20 06:56:00,3.336336035765522
2026/08/20 06:57:00,3.0749999999999997
2026/08/20 06:58:00,3.433333333333333
2026/08/20 06:59:00,3.6083333333333334
2026/08/20 07:00:00,3.6583333333333337
2026/08/20 07:01:00,3.9082681955300744
2026/08/20 07:02:00,3.233333333333333
2026/08/20 07:03:00,3.5500591676527944
2026/08/20 07:04:00,3.8547355801252166
2026/08/20 07:05:00,3.4001133371112373
2026/08/20 07:06:00,3.716604723254612
2026/08/20 07:07:00,2.975
2026/08/20 07:08:00,3.333166674999583
2026/08/20 07:09:00,3.86686000966715
2026/08/20 07:10:00,3.283388056467608
2026/08/20 07:11:00,3.7116119238660814
2026/08/20 07:12:00,3.2583333333333333
2026/08/20 07:13:00,3.433333333333333
2026/08/20 07:14:00,3.8416666666666672
2026/08/20 07:15:00,3.7667294454907583
2026/08/20 07:16:00,3.141614306428226
2026/08/20 07:17:00,3.2720551503646713
2026/08/20 07:18:00,3.294631835318453
2026/08/20 07:19:00,3.6132340942771033
2026/08/20 07:20:00,3.253090435914118
2026/08/20 07:21:00,3.6999999999999997
2026/08/20 07:22:00,3.1999999999999997
2026/08/20 07:23:00,4.928897325740167
2026/08/20 07:24:00,3.9702398825609713
2026/08/20 07:25:00,4.058333333333334
2026/08/20 07:26:00,3.1639772859735893
2026/08/20 07:27:00,3.161072929872556
2026/08/20 07:28:00,3.0306057881240216
2026/08/20 07:29:00,3.769996830533638
2026/08/20 07:30:00,3.2667211120185335
2026/08/20 07:31:00,3.733271112148131
2026/08/20 07:32:00,3.241720695344923
2026/08/20 07:33:00,3.1916134731087817
2026/08/20 07:34:00,3.908398473307889
2026/08/20 07:35:00,3.6083333333333334
2026/08/20 07:36:00,3.175
2026/08/20 07:37:00,3.2583333333333333
2026/08/20 07:38:00,3.033333333333333
2026/08/20 07:39:00,3.6972886549863433
2026/08/20 07:40:00,3.285688076454792
2026/08/20 07:41:00,4.066666666666666
2026/08/20 07:42:00,3.172250716046093
2026/08/20 07:43:00,3.252819109895243
2026/08/20 07:44:00,3.5999999999999996
2026/08/20 07:45:00,3.671940049958368
2026/08/20 07:46:00,3.6447039199332774
2026/08/20 07:47:00,3.0749999999999997
2026/08/20 07:48:00,3.058333333333333
2026/08/20 07:49:00,3.4000000000000004
2026/08/20 07:50:00,3.3416666666666663
2026/08/20 07:51:00,3.8251275042501414
2026/08/20 07:52:00,2.9557716645573837
2026/08/20 07:53:00,4.916666666666666
2026/08/20 07:54:00,3.7364470391993327
2026/08/20 07:55:00,3.5583333333333336
2026/08/20 07:56:00,3.35
2026/08/20 07:57:00,2.9916666666666667
2026/08/20 07:58:00,3.3000550009166814
2026/08/20 07:59:00,3.3416109731504475
2026/08/20 08:00:00,4.158333333333333
2026/08/20 08:01:00,3.525058750979183
2026/08/20 08:02:00,2.9916168063865602
2026/08/20 08:03:00,3.275
2026/08/20 08:04:00,3.7416666666666663
2026/08/20 08:05:00,3.672245815638271
2026/08/20 08:06:00,3.4276278480168125
2026/08/20 08:07:00,2.9916168063865602
2026/08/20 08:08:00,3.033333333333333
2026/08/20 08:09:00,3.6083333333333334
2026/08/20 08:10:00,3.85
2026/08/20 08:11:00,3.6305499117343367
2026/08/20 08:12:00,3.069070772104815
2026/08/20 08:13:00,3.1166147230879484
2026/08/20 08:14:00,3.591666666666667
2026/08/20 08:15:00,3.7305354317595136
2026/08/20 08:16:00,3.3248891703609877
2026/08/20 08:17:00,3.027371440962087
2026/08/20 08:18:00,3.033333333333333
2026/08/20 08:19:00,3.455683975618692
2026/08/20 08:20:00,3.4250570842847385
2026/08/20 08:21:00,3.594362438495538
2026/08/20 08:22:00,3.2916666666666665
2026/08/20 08:23:00,4.658410973516226
2026/08/20 08:24:00,4.0166666666666675
2026/08/20 08:25:00,3.3250554175902933
2026/08/20 08:26:00,3.408219726009133
2026/08/20 08:27:00,3.208333333333333
2026/08/20 08:28:00,3.1
2026/08/20 08:29:00,3.741729028817147
2026/08/20 08:30:00,3.358333333333333
2026/08/20 08:31:00,3.6333333333333333
2026/08/20 08:32:00,2.9499999999999997
2026/08/20 08:33:00,3.3249999999999997
2026/08/20 08:34:00,3.8166666666666673
2026/08/20 08:35:00,3.3666666666666663
2026/08/20 08:36:00,3.347489382962778
2026/08/20 08:37:00,3.043949628888333
2026/08/20 08:38:00,3.0666666666666664
2026/08/20 08:39:00,3.8083333333333327
2026/08/20 08:40:00,3.7635930656630423
2026/08/20 08:41:00,3.8162850381628504
2026/08/20 08:42:00,3.6699696393420744
2026/08/20 08:43:00,4.133333333333334
2026/08/20 08:44:00,4.5
2026/08/20 08:45:00,5.225
2026/08/20 08:46:00,3.7833333333333328
2026/08/20 08:47:00,3.5882578217360175
2026/08/20 08:48:00,3.658455281842728
2026/08/20 08:49:00,3.7619071451211985
2026/08/20 08:50:00,3.5217717092665057
2026/08/20 08:51:00,3.9000650010833513
2026/08/20 08:52:00,3.333333333333333
2026/08/20 08:53:00,6.5794952944115925
2026/08/20 08:54:00,4.540067767187995
2026/08/20 08:55:00,3.8445535491387206
2026/08/20 08:56:00,4.433111677749446
2026/08/20 08:57:00,3.8890372546401393
2026/08/20 08:58:00,3.5416666666666665
2026/08/20 08:59:00,3.8045921510514664
2026/08/20 09:00:00,3.8453838710753727
2026/08/20 09:01:00,4.562180522486222
2026/08/20 09:02:00,3.620226556113511
2026/08/20 09:03:00,3.603948529289364
2026/08/20 09:04:00,4.2135300203584425
2026/08/20 09:05:00,3.625
2026/08/20 09:06:00,3.8416666666666672
2026/08/20 09:07:00,3.4750000000000005
2026/08/20 09:08:00,3.4916666666666663
2026/08/20 09:09:00,4.03742736793034
2026/08/20 09:10:00,3.4452842150925136
2026/08/20 09:11:00,4.270871490892137
2026/08/20 09:12:00,3.499766682221185
2026/08/20 09:13:00,3.5168425087921062
2026/08/20 09:14:00,4.237500208538396
2026/08/20 09:15:00,3.6999999999999997
2026/08/20 09:16:00,3.975
2026/08/20 09:17:00,3.4750000000000005
2026/08/20 09:18:00,3.9666666666666672
2026/08/20 09:19:00,5.044367123378893
2026/08/20 09:20:00,3.937730465686683
2026/08/20 09:21:00,4.45
2026/08/20 09:22:00,3.4626269352422177
2026/08/20 09:23:00,5.656599365926915
2026/08/20 09:24:00,4.328499841843275
2026/08/20 09:25:00,3.5623112475597756
2026/08/20 09:26:00,4.35
2026/08/20 09:27:00,3.5630442383576697
2026/08/20 09:28:00,3.3951183703431824
2026/08/20 09:29:00,3.8333333333333326
2026/08/20 09:30:00,3.6452611604913616
2026/08/20 09:31:00,4.447448349521044
2026/08/20 09:32:00,3.3550342163539186
2026/08/20 09:33:00,3.3950050883368643
2026/08/20 09:34:00,3.929600213130859
2026/08/20 09:35:00,3.6248187590620473
2026/08/20 09:36:00,3.841794726490883
2026/08/20 09:37:00,3.56177638383771
2026/08/20 09:38:00,3.3383283383283384
2026/08/20 09:39:00,3.8788788788788793
2026/08/20 09:40:00,3.8249999999999997
2026/08/20 09:41:00,3.8047188504254295
2026/08/20 09:42:00,3.3166666666666664
2026/08/20 09:43:00,3.6117645096174695
2026/08/20 09:44:00,3.875
2026/08/20 09:45:00,3.8583333333333325
2026/08/20 09:46:00,3.870999966701075
2026/08/20 09:47:00,3.5415486150461652
2026/08/20 09:48:00,3.5204217832354514
2026/08/20 09:49:00,3.9626379847155393
2026/08/20 09:50:00,3.6620564240310984
2026/08/20 09:51:00,4.095904095904096
2026/08/20 09:52:00,3.4584486149538316
2026/08/20 09:53:00,5.174482551744825
2026/08/20 09:54:00,4.388013881473571
2026/08/20 09:55:00,4.283333333333333
2026/08/20 09:56:00,3.1963242271387897
2026/08/20 09:57:00,3.600660121022187
2026/08/20 09:58:00,3.4533382269527206
2026/08/20 09:59:00,3.912167673841749
2026/08/20 10:00:00,4.079691645392201
2026/08/20 10:01:00,4.691666666666667
2026/08/20 10:02:00,3.604848646308569
2026/08/20 10:03:00,3.5330389134238813
2026/08/20 10:04:00,4.012546507165857
2026/08/20 10:05:00,4.425
2026/08/20 10:06:00,3.65
2026/08/20 10:07:00,3.5666666666666664
2026/08/20 10:08:00,3.5044200642615744
2026/08/20 10:09:00,4.135263122790635
2026/08/20 10:10:00,3.8024716065442545
2026/08/20 10:11:00,4.287379287379287
2026/08/20 10:12:00,3.775
2026/08/20 10:13:00,3.520186853520187
2026/08/20 10:14:00,4.066666666666666
2026/08/20 10:15:00,3.7916666666666665
2026/08/20 10:16:00,3.8249999999999997
2026/08/20 10:17:00,3.4216353918646663
2026/08/20 10:18:00,3.2916666666666665
2026/08/20 10:19:00,4.266453343999467
2026/08/20 10:20:00,3.470252594347492
2026/08/20 10:21:00,3.8879730922290485
2026/08/20 10:22:00,3.3782092988338923
2026/08/20 10:23:00,6.227106227106227
2026/08/20 10:24:00,5.271938605271938
2026/08/20 10:25:00,4.325
2026/08/20 10:26:00,4.008333333333333
2026/08/20 10:27:00,3.4750000000000005
2026/08/20 10:28:00,3.3750000000000004
2026/08/20 10:29:00,3.896168767378745
2026/08/20 10:30:00,3.5749404176597057
2026/08/20 10:31:00,4.283190560314656
2026/08/20 10:32:00,3.3868330608295234
2026/08/20 10:33:00,3.4965617143142578
2026/08/20 10:34:00,4.249929167847203
2026/08/20 10:35:00,3.428428428428428
2026/08/20 10:36:00,3.8878436204399005
2026/08/20 10:37:00,3.225053750895848
2026/08/20 10:38:00,3.3198204961379973
2026/08/20 10:39:00,4.27507125118752
2026/08/20 10:40:00,3.891666666666667
2026/08/20 10:41:00,3.508274862085632
2026/08/20 10:42:00,3.4000566676111266
2026/08/20 10:43:00,3.5000000000000004
2026/08/20 10:44:00,4.175
2026/08/20 10:45:00,4.008333333333333
2026/08/20 10:46:00,3.7166666666666663
2026/08/20 10:47:00,3.255078255078255
2026/08/20 10:48:00,3.7704371037704365
2026/08/20 10:49:00,3.866666666666667
2026/08/20 10:50:00,3.5333333333333337
2026/08/20 10:51:00,3.804528804528805
2026/08/20 10:52:00,3.2665033414995914
2026/08/20 10:53:00,6.850456697113142
2026/08/20 10:54:00,3.9288633823259542
2026/08/20 10:55:00,3.65
2026/08/20 10:56:00,3.696303696303696
2026/08/20 10:57:00,3.25005416756946
2026/08/20 10:58:00,4.158056129591361
2026/08/20 10:59:00,5.046965980946661
2026/08/20 11:00:00,4.216666666666666
2026/08/20 11:01:00,4.35390686135762
2026/08/20 11:02:00,3.3784347419876877
2026/08/20 11:03:00,3.6666666666666665
2026/08/20 11:04:00,3.9
2026/08/20 11:05:00,3.7083333333333335
2026/08/20 11:06:00,3.5249999999999995
2026/08/20 11:07:00,3.225
2026/08/20 11:08:00,3.433333333333333
2026/08/20 11:09:00,3.8378288378288374
2026/08/20 11:10:00,3.816730278837981
2026/08/20 11:11:00,3.737008057923625
2026/08/20 11:12:00,3.3416666666666663
2026/08/20 11:13:00,3.47985347985348
2026/08/20 11:14:00,3.9833333333333325
2026/08/20 11:15:00,3.6369703036369705
2026/08/20 11:16:00,3.4049850979869793
2026/08/20 11:17:00,3.75
2026/08/20 11:18:00,3.219832835621695
2026/08/20 11:19:00,3.875
2026/08/20 11:20:00,3.3050833347208575
2026/08/20 11:21:00,3.9205218464823743
2026/08/20 11:22:00,3.4049284049284045
2026/08/20 11:23:00,5.01675027917132
2026/08/20 11:24:00,4.129060242571862
2026/08/20 11:25:00,3.3466533466533464
2026/08/20 11:26:00,3.7916034732754453
2026/08/20 11:27:00,3.4832172260924636
2026/08/20 11:28:00,3.5120209553364368
2026/08/20 11:29:00,3.787941857173779
2026/08/20 11:30:00,3.837106488046579
2026/08/20 11:31:00,3.4750000000000005
2026/08/20 11:32:00,3.4299034299034297
2026/08/20 11:33:00,3.458160425312068
2026/08/20 11:34:00,4.304519745733019
2026/08/20 11:35:00,3.396546844041891
2026/08/20 11:36:00,3.68708186656434
2026/08/20 11:37:00,3.3383283383283384
2026/08/20 11:38:00,3.2832238925369155
2026/08/20 11:39:00,3.9667988932964433
2026/08/20 11:40:00,3.361695028361695
2026/08/20 11:41:00,4.046021412277926
2026/08/20 11:42:00,3.4533958392419213
2026/08/20 11:43:00,3.330114222917846
2026/08/20 11:44:00,4.012211804744586
2026/08/20 11:45:00,3.75
2026/08/20 11:46:00,3.6999999999999997
2026/08/20 11:47:00,3.2302107962303106
2026/08/20 11:48:00,3.216666666666667
2026/08/20 11:49:00,3.8537252677588336
2026/08/20 11:50:00,3.829567591867997
2026/08/20 11:51:00,3.6369096278006703
2026/08/20 11:52:00,3.3800659362616137
2026/08/20 11:53:00,4.9214240432417995
2026/08/20 11:54:00,3.766666666666666
2026/08/20 11:55:00,3.571250187303331
2026/08/20 11:56:00,3.866924461630775
2026/08/20 11:57:00,3.219832835621695
2026/08/20 11:58:00,3.4000000000000004
2026/08/20 11:59:00,3.625
2026/08/20 12:00:00,3.725
2026/08/20 12:01:00,4.3
2026/08/20 12:02:00,3.175
2026/08/20 12:03:00,3.496678155752036
2026/08/20 12:04:00,4.116323639696692
2026/08/20 12:05:00,4.067005583798649
2026/08/20 12:06:00,3.5332744454259095
2026/08/20 12:07:00,3.208333333333333
2026/08/20 12:08:00,3.2698274999165857
2026/08/20 12:09:00,3.891666666666667
2026/08/20 12:10:00,4.129341636418129
2026/08/20 12:11:00,3.6952387307730805
2026/08/20 12:12:00,3.241666666666667
2026/08/20 12:13:00,3.358333333333333
2026/08/20 12:14:00,3.8295038295038295
2026/08/20 12:15:00,3.9084636154538486
2026/08/20 12:16:00,3.645190350672317
2026/08/20 12:17:00,3.183333333333333
2026/08/20 12:18:00,3.213560225115721
2026/08/20 12:19:00,3.641666666666666
2026/08/20 12:20:00,4.020553201428046
2026/08/20 12:21:00,3.3666666666666663
2026/08/20 12:22:00,3.4717596909551083
2026/08/20 12:23:00,4.954624316028292
2026/08/20 12:24:00,3.8546713955076006
2026/08/20 12:25:00,3.7083333333333335
2026/08/20 12:26:00,3.6451295397294095
2026/08/20 12:27:00,3.3801222172269676
2026/08/20 12:28:00,3.2082798620023
2026/08/20 12:29:00,3.6535317473557773
2026/08/20 12:30:00,3.729852138004529
2026/08/20 12:31:00,3.9082030598980033
2026/08/20 12:32:00,3.3782656568015748
2026/08/20 12:33:00,3.1
2026/08/20 12:34:00,3.9878781823933926
2026/08/20 12:35:00,3.528351934337621
2026/08/20 12:36:00,3.5999999999999996
2026/08/20 12:37:00,3.233333333333333
2026/08/20 12:38:00,3.1999999999999997
2026/08/20 12:39:00,4.141666666666667
2026/08/20 12:40:00,3.866666666666667
2026/08/20 12:41:00,3.4666666666666663
2026/08/20 12:42:00,3.280217127062624
2026/08/20 12:43:00,3.3531855262499377
2026/08/20 12:44:00,4.066666666666666
2026/08/20 12:45:00,4.066666666666666
2026/08/20 12:46:00,3.5583333333333336
2026/08/20 12:47:00,3.2916666666666665
2026/08/20 12:48:00,3.413367078490792
2026/08/20 12:49:00,3.9538220279603613
2026/08/20 12:50:00,3.4250000000000003
2026/08/20 12:51:00,4.046021412277926
2026/08/20 12:52:00,3.1864666922473766
2026/08/20 12:53:00,6.333333333333333
2026/08/20 12:54:00,4.237429237429238
2026/08/20 12:55:00,3.7537537537537533
2026/08/20 12:56:00,3.5798131837026923
2026/08/20 12:57:00,3.208333333333333
2026/08/20 12:58:00,3.3998866704443187
2026/08/20 12:59:00,3.8250637510625176
2026/08/20 13:00:00,3.8788141672644767
2026/08/20 13:01:00,4.391739862331038
2026/08/20 13:02:00,3.105073006676323
2026/08/20 13:03:00,3.670520713415753
2026/08/20 13:04:00,4.108333333333333
2026/08/20 13:05:00,3.6629426749471374
2026/08/20 13:06:00,3.695423680742087
2026/08/20 13:07:00,3.25
2026/08/20 13:08:00,3.72121676295766
2026/08/20 13:09:00,3.9956623289956625
2026/08/20 13:10:00,3.5583926398773316
2026/08/20 13:11:00,3.916666666666667
2026/08/20 13:12:00,3.2962093592368777
2026/08/20 13:13:00,3.712602826583905
2026/08/20 13:14:00,4.054211551589217
2026/08/20 13:15:00,3.766666666666666
2026/08/20 13:16:00,3.6750612510208502
2026/08/20 13:17:00,3.350055834263904
2026/08/20 13:18:00,3.2782235865267513
2026/08/20 13:19:00,3.7712915632960917
2026/08/20 13:20:00,4.0873525633539645
2026/08/20 13:21:00,3.5083333333333337
2026/08/20 13:22:00,3.3466533466533464
2026/08/20 13:23:00,5.050084168069468
2026/08/20 13:24:00,4.028961812448908
2026/08/20 13:25:00,4.216666666666666
2026/08/20 13:26:00,3.5833333333333335
2026/08/20 13:27:00,3.4131965834734683
2026/08/20 13:28:00,3.320042042743456
2026/08/20 13:29:00,3.687978687978688
2026/08/20 13:30:00,3.9995333877714265
2026/08/20 13:31:00,3.7707516476182534
2026/08/20 13:32:00,3.3917231953865894
2026/08/20 13:33:00,3.388334804109293
2026/08/20 13:34:00,3.858269028849519
2026/08/20 13:35:00,3.725062084368073
2026/08/20 13:36:00,3.3700367033700362
2026/08/20 13:37:00,3.283333333333333
2026/08/20 13:38:00,3.196803196803197
2026/08/20 13:39:00,3.750062501041684
2026/08/20 13:40:00,3.770374201297943
2026/08/20 13:41:00,3.65
2026/08/20 13:42:00,3.1135531135531136
2026/08/20 13:43:00,3.6286286286286287
2026/08/20 13:44:00,3.883333333333333
2026/08/20 13:45:00,4.091666666666666
2026/08/20 13:46:00,3.380009657170449
2026/08/20 13:47:00,3.3115897299010695
2026/08/20 13:48:00,3.305028305028305
2026/08/20 13:49:00,3.9082681955300744
2026/08/20 13:50:00,3.8000633343889065
2026/08/20 13:51:00,3.8872205538872198
2026/08/20 13:52:00,3.233333333333333
2026/08/20 13:53:00,4.966666666666666
2026/08/20 13:54:00,4.266666666666667
2026/08/20 13:55:00,3.6583333333333337
2026/08/20 13:56:00,3.591606806553224
2026/08/20 13:57:00,3.230157012271267
2026/08/20 13:58:00,3.2198865532198866
2026/08/20 13:59:00,3.7379287379287374
2026/08/20 14:00:00,4.499925001249979
2026/08/20 14:01:00,3.733457781926064
2026/08/20 14:02:00,3.175
2026/08/20 14:03:00,3.3080576618615116
2026/08/20 14:04:00,3.8123998932194345
2026/08/20 14:05:00,3.9960705306448654
2026/08/20 14:06:00,3.5999999999999996
2026/08/20 14:07:00,3.266557781407286
2026/08/20 14:08:00,3.3834461148704955
2026/08/20 14:09:00,4.053986419979647
2026/08/20 14:10:00,4.0125872030102725
2026/08/20 14:11:00,3.283388056467608
2026/08/20 14:12:00,3.461795128461795
2026/08/20 14:13:00,3.305028305028305
2026/08/20 14:14:00,4.062395729062396
2026/08/20 14:15:00,3.7166666666666663
2026/08/20 14:16:00,3.5499999999999994
2026/08/20 14:17:00,3.241666666666667
2026/08/20 14:18:00,3.408333333333333
2026/08/20 14:19:00,3.904493914317587
2026/08/20 14:20:00,3.4914920920620633
2026/08/20 14:21:00,3.816793893129771
2026/08/20 14:22:00,3.2115448782115448
2026/08/20 14:23:00,5.328182756668554
2026/08/20 14:24:00,4.06226018484535
2026/08/20 14:25:00,4.083265278912019
2026/08/20 14:26:00,3.346430474160895
2026/08/20 14:27:00,3.2201551680987732
2026/08/20 14:28:00,3.4250000000000003
2026/08/20 14:29:00,3.87958306969929
2026/08/20 14:30:00,3.52494125097915
2026/08/20 14:31:00,3.7953988088286814
2026/08/20 14:32:00,3.216666666666667
2026/08/20 14:33:00,3.504711797808931
2026/08/20 14:34:00,3.8623244018819447
2026/08/20 14:35:00,3.7380532152252823
2026/08/20 14:36:00,3.508216392786907
2026/08/20 14:37:00,3.269936603269936
2026/08/20 14:38:00,3.371684510231605
2026/08/20 14:39:00,3.9789125973874313
2026/08/20 14:40:00,3.45
2026/08/20 14:41:00,4.075
2026/08/20 14:42:00,3.3416666666666663
2026/08/20 14:43:00,3.458333333333333
2026/08/20 14:44:00,3.7916666666666665
2026/08/20 14:45:00,3.8710644178418607
2026/08/20 14:46:00,3.8084602820094
2026/08/20 14:47:00,3.3366143374318074
2026/08/20 14:48:00,3.313408481659701
2026/08/20 14:49:00,3.6369096278006703
2026/08/20 14:50:00,3.3833333333333333
2026/08/20 14:51:00,3.8709355177064078
2026/08/20 14:52:00,3.191826257979566
2026/08/20 14:53:00,6.439773106439773
2026/08/20 14:54:00,3.9499999999999997
2026/08/20 14:55:00,3.4799114204365704
2026/08/20 14:56:00,3.737008057923625
2026/08/20 14:57:00,3.5083333333333337
2026/08/20 14:58:00,3.333333333333333
2026/08/20 14:59:00,3.641666666666666
2026/08/20 15:00:00,3.7916034732754453
2026/08/20 15:01:00,4.337329337329337
2026/08/20 15:02:00,3.158385973099552
2026/08/20 15:03:00,3.516666666666666
2026/08/20 15:04:00,3.7871204537871206
2026/08/20 15:05:00,4.1457851184628955
2026/08/20 15:06:00,3.2115448782115448
2026/08/20 15:07:00,3.283388056467608
2026/08/20 15:08:00,3.2301032301032304
2026/08/20 15:09:00,4.049932501124981
2026/08/20 15:10:00,3.650060834347239
2026/08/20 15:11:00,3.828828828828829
2026/08/20 15:12:00,3.2049681168106825
2026/08/20 15:13:00,3.3917231953865894
2026/08/20 15:14:00,3.853982448530148
2026/08/20 15:15:00,4.241666666666666
2026/08/20 15:16:00,3.5416666666666665
2026/08/20 15:17:00,3.2467532467532463
2026/08/20 15:18:00,3.278278278278278
2026/08/20 15:19:00,3.8166666666666673
2026/08/20 15:20:00,3.7295416326734485
2026/08/20 15:21:00,4.254325230651162
2026/08/20 15:22:00,3.358333333333333
2026/08/20 15:23:00,5.075
2026/08/20 15:24:00,4.3203196537084825
2026/08/20 15:25:00,3.4336194682890233
2026/08/20 15:26:00,4.095762429095762
2026/08/20 15:27:00,3.4250000000000003
2026/08/20 15:28:00,3.362631508856039
2026/08/20 15:29:00,4.017470160698807
2026/08/20 15:30:00,3.4916084731921133
2026/08/20 15:31:00,3.9917997266575553
2026/08/20 15:32:00,3.0832819453009117
2026/08/20 15:33:00,3.6870203536870205
2026/08/20 15:34:00,4.1871306085074504
2026/08/20 15:35:00,3.8373625640255598
2026/08/20 15:36:00,3.413310244925823
2026/08/20 15:37:00,3.3784347419876877
2026/08/20 15:38:00,3.5415486150461652
2026/08/20 15:39:00,4.141804726824227
2026/08/20 15:40:00,3.4000000000000004
2026/08/20 15:41:00,4.079186160736584
2026/08/20 15:42:00,3.470136803470137
2026/08/20 15:43:00,3.7083951399189985
2026/08/20 15:44:00,4.0332661122314635
2026/08/20 15:45:00,4.0791182444807035
2026/08/20 15:46:00,3.7622837312511463
2026/08/20 15:47:00,3.283333333333333
2026/08/20 15:48:00,3.5546601844760413
2026/08/20 15:49:00,3.891212691852617
2026/08/20 15:50:00,3.4421829941157838
2026/08/20 15:51:00,4.191596806719888
2026/08/20 15:52:00,3.361751113632193
2026/08/20 15:53:00,5.258333333333334
2026/08/20 15:54:00,4.183333333333334
2026/08/20 15:55:00,3.4964452806313577
2026/08/20 15:56:00,3.866731112185203
2026/08/20 15:57:00,3.520186853520187
2026/08/20 15:58:00,3.288159296750133
2026/08/20 15:59:00,3.8624532835024024
2026/08/20 16:00:00,3.8
2026/08/20 16:01:00,4.441666666666666
2026/08/20 16:02:00,3.5416666666666665
2026/08/20 16:03:00,3.5499999999999994
2026/08/20 16:04:00,3.9872806579429296
2026/08/20 16:05:00,3.5622518103246903
2026/08/20 16:06:00,3.816603056615723
2026/08/20 16:07:00,3.4048717137576796
2026/08/20 16:08:00,3.333333333333333
2026/08/20 16:09:00,3.887350261937335
2026/08/20 16:10:00,3.866666666666667
2026/08/20 16:11:00,3.8083333333333327
2026/08/20 16:12:00,3.3132981468840015
2026/08/20 16:13:00,3.3534092994544453
2026/08/20 16:14:00,4.054211551589217
2026/08/20 16:15:00,3.9083333333333328
2026/08/20 16:16:00,3.4284856270541715
2026/08/20 16:17:00,3.4215784215784217
2026/08/20 16:18:00,3.225053750895848
2026/08/20 16:19:00,3.641666666666666
2026/08/20 16:20:00,3.499941667638873
2026/08/20 16:21:00,4.158402640044001
2026/08/20 16:22:00,3.3366143374318074
2026/08/20 16:23:00,5.85
2026/08/20 16:24:00,4.825
2026/08/20 16:25:00,4.487328915381798
2026/08/20 16:26:00,3.6535317473557773
2026/08/20 16:27:00,3.1166666666666663
2026/08/20 16:28:00,3.255186652902194
2026/08/20 16:29:00,3.603483367255013
2026/08/20 16:30:00,3.7880680020647057
2026/08/20 16:31:00,3.774937084381927
2026/08/20 16:32:00,3.241666666666667
2026/08/20 16:33:00,3.3833897231620527
2026/08/20 16:34:00,3.8995450530771407
2026/08/20 16:35:00,4.15055340712095
2026/08/20 16:36:00,3.174894170194327
2026/08/20 16:37:00,3.241774725824194
2026/08/20 16:38:00,3.1999999999999997
2026/08/20 16:39:00,3.82023221673562
2026/08/20 16:40:00,3.433333333333333
2026/08/20 16:41:00,3.9296656453976286
2026/08/20 16:42:00,3.1999999999999997
2026/08/20 16:43:00,3.45
2026/08/20 16:44:00,3.7833333333333328
2026/08/20 16:45:00,3.836914453489924
2026/08/20 16:46:00,3.771542752476896
2026/08/20 16:47:00,3.191666666666667
2026/08/20 16:48:00,3.108385139752329
2026/08/20 16:49:00,3.878490641577419
2026/08/20 16:50:00,3.2468073061489537
2026/08/20 16:51:00,3.7286665220800446
2026/08/20 16:52:00,3.3750000000000004
2026/08/20 16:53:00,6.136246315754416
2026/08/20 16:54:00,4.10362486863396
2026/08/20 16:55:00,3.330336030905518
2026/08/20 16:56:00,3.3863810763020052
2026/08/20 16:57:00,3.4666666666666663
2026/08/20 16:58:00,3.208333333333333
2026/08/20 16:59:00,3.725
2026/08/20 17:00:00,3.5302149767705195
2026/08/20 17:01:00,3.928470148631291
2026/08/20 17:02:00,3.37202138111335
2026/08/20 17:03:00,3.0526965486179454
2026/08/20 17:04:00,3.879906082960052
2026/08/20 17:05:00,3.225
2026/08/20 17:06:00,3.4000000000000004
2026/08/20 17:07:00,3.208333333333333
2026/08/20 17:08:00,3.0833333333333335
2026/08/20 17:09:00,4.045239961966403
2026/08/20 17:10:00,3.591666666666667
2026/08/20 17:11:00,3.3886733385509467
2026/08/20 17:12:00,3.2028291657630907
2026/08/20 17:13:00,3.233333333333333
2026/08/20 17:14:00,3.8299502106472616
2026/08/20 17:15:00,3.961832952441323
2026/08/20 17:16:00,3.1
2026/08/20 17:17:00,3.2916666666666665
2026/08/20 17:18:00,3.4719331257389303
2026/08/20 17:19:00,3.6031828114834767
2026/08/20 17:20:00,3.241666666666667
2026/08/20 17:21:00,3.9583333333333326
2026/08/20 17:22:00,3.1555984813161926
2026/08/20 17:23:00,5.037699339427504
2026/08/20 17:24:00,3.9298619552728424
2026/08/20 17:25:00,3.2916666666666665
2026/08/20 17:26:00,3.7533154286286217
2026/08/20 17:27:00,3.1555459344245915
2026/08/20 17:28:00,3.361302483860744
2026/08/20 17:29:00,3.5468669342081163
2026/08/20 17:30:00,3.4250570842847385
2026/08/20 17:31:00,3.86168012277307
2026/08/20 17:32:00,3.183333333333333
2026/08/20 17:33:00,3.1999999999999997
2026/08/20 17:34:00,3.8166666666666673
2026/08/20 17:35:00,3.5999999999999996
2026/08/20 17:36:00,3.175
2026/08/20 17:37:00,3.3886733385509467
2026/08/20 17:38:00,3.3029175771931873
2026/08/20 17:39:00,3.8050356357823225
2026/08/20 17:40:00,3.252819109895243
2026/08/20 17:41:00,3.7083333333333335
2026/08/20 17:42:00,3.2055018067373817
2026/08/20 17:43:00,3.2832786120231328
2026/08/20 17:44:00,3.891731528858814
2026/08/20 17:45:00,3.594842110530969
2026/08/20 17:46:00,3.458333333333333
2026/08/20 17:47:00,3.2916666666666665
2026/08/20 17:48:00,3.2055018067373817
2026/08/20 17:49:00,3.5197758019583967
2026/08/20 17:50:00,3.4166666666666665
2026/08/20 17:51:00,3.6884699926730167
2026/08/20 17:52:00,3.4000000000000004
2026/08/20 17:53:00,4.845866417561887
2026/08/20 17:54:00,3.875
2026/08/20 17:55:00,3.4666666666666663
2026/08/20 17:56:00,3.4053252959885434
2026/08/20 17:57:00,3.252873371478139
2026/08/20 17:58:00,3.25
2026/08/20 17:59:00,3.6218007426773013
2026/08/20 18:00:00,3.5000583343055713
2026/08/20 18:01:00,4.15
2026/08/20 18:02:00,3.1694134916928003
2026/08/20 18:03:00,3.4053820022647043
2026/08/20 18:04:00,3.6698472009074528
2026/08/20 18:05:00,3.4552811683013336
2026/08/20 18:06:00,3.5666666666666664
2026/08/20 18:07:00,3.25005416756946
2026/08/20 18:08:00,3.236137986254754
2026/08/20 18:09:00,3.8
2026/08/20 18:10:00,3.183333333333333
2026/08/20 18:11:00,3.9548398914292373
2026/08/20 18:12:00,3.0526965486179454
2026/08/20 18:13:00,3.591666666666667
2026/08/20 18:14:00,3.7416666666666663
2026/08/20 18:15:00,3.813298253209665
2026/08/20 18:16:00,3.3279396800507115
2026/08/20 18:17:00,3.2304259499783528
2026/08/20 18:18:00,3.3029175771931873
2026/08/20 18:19:00,3.6884085724276887
2026/08/20 18:20:00,3.6866513195209016
2026/08/20 18:21:00,3.7333333333333334
2026/08/20 18:22:00,3.191666666666667
2026/08/20 18:23:00,4.804089720746673
2026/08/20 18:24:00,3.8333333333333326
2026/08/20 18:25:00,3.7616561295811297
2026/08/20 18:26:00,3.5333333333333337
2026/08/20 18:27:00,3.1639245986811426
2026/08/20 18:28:00,3.236137986254754
2026/08/20 18:29:00,3.5583333333333336
2026/08/20 18:30:00,3.591666666666667
2026/08/20 18:31:00,3.8965580403976485
2026/08/20 18:32:00,3.125
2026/08/20 18:33:00,3.3279396800507115
2026/08/20 18:34:00,3.5249999999999995
2026/08/20 18:35:00,3.45
2026/08/20 18:36:00,3.5749999999999997
2026/08/20 18:37:00,3.1999999999999997
2026/08/20 18:38:00,3.1555984813161926
2026/08/20 18:39:00,3.725
2026/08/20 18:40:00,3.736571695469406
2026/08/20 18:41:00,3.333333333333333
2026/08/20 18:42:00,3.0749999999999997
2026/08/20 18:43:00,3.4000000000000004
2026/08/20 18:44:00,3.9833333333333325
2026/08/20 18:45:00,3.5801708490833097
2026/08/20 18:46:00,3.436368792433316
2026/08/20 18:47:00,3.16387191314339
2026/08/20 18:48:00,3.1416666666666666
2026/08/20 18:49:00,4.21673694561576
2026/08/20 18:50:00,3.269500233535731
2026/08/20 18:51:00,3.641666666666666
2026/08/20 18:52:00,3.033333333333333
2026/08/20 18:53:00,6.311196962632385
2026/08/20 18:54:00,4.053513044638686
2026/08/20 18:55:00,3.2803809904419357
2026/08/20 18:56:00,3.4751158371945725
2026/08/20 18:57:00,3.1110295589510906
2026/08/20 18:58:00,3.2583333333333333
2026/08/20 18:59:00,3.5999999999999996
2026/08/20 19:00:00,3.713386508584084
2026/08/20 19:01:00,3.908398473307889
2026/08/20 19:02:00,3.0943484353106023
2026/08/20 19:03:00,3.5333333333333337
2026/08/20 19:04:00,3.8382761893660597
2026/08/20 19:05:00,3.4083901398356637
2026/08/20 19:06:00,3.4029492226596383
2026/08/20 19:07:00,3.191666666666667
2026/08/20 19:08:00,2.9307933124625323
2026/08/20 19:09:00,3.858269028849519
2026/08/20 19:10:00,3.569820007673445
2026/08/20 19:11:00,3.5000000000000004
2026/08/20 19:12:00,3.191666666666667
2026/08/20 19:13:00,3.233333333333333
2026/08/20 19:14:00,3.7416666666666663
2026/08/20 19:15:00,3.821751511215467
2026/08/20 19:16:00,3.0275734374218084
2026/08/20 19:17:00,3.5000000000000004
2026/08/20 19:18:00,3.080817332511782
2026/08/20 19:19:00,3.508274862085632
2026/08/20 19:20:00,3.25005416756946
2026/08/20 19:21:00,3.625
2026/08/20 19:22:00,3.2916666666666665
2026/08/20 19:23:00,4.853964070657703
2026/08/20 19:24:00,3.8083333333333327
2026/08/20 19:25:00,4.3
2026/08/20 19:26:00,3.125
2026/08/20 19:27:00,3.2306949324718146
2026/08/20 19:28:00,3.283333333333333
2026/08/20 19:29:00,3.458333333333333
2026/08/20 19:30:00,3.377758502777268
2026/08/20 19:31:00,3.641666666666666
2026/08/20 19:32:00,3.1474295991606853
2026/08/20 19:33:00,3.1666666666666665
2026/08/20 19:34:00,3.953228469917099
2026/08/20 19:35:00,3.305633732451831
2026/08/20 19:36:00,3.45
2026/08/20 19:37:00,3.35
2026/08/20 19:38:00,3.0666666666666664
2026/08/20 19:39:00,3.669663558572834
2026/08/20 19:40:00,3.5333333333333337
2026/08/20 19:41:00,3.6470215990274606
2026/08/20 19:42:00,3.200053334222237
2026/08/20 19:43:00,3.1191619962636774
2026/08/20 19:44:00,3.6137154657030095
2026/08/20 19:45:00,4.2
2026/08/20 19:46:00,3.1333333333333333
2026/08/20 19:47:00,3.052492869176494
2026/08/20 19:48:00,3.125
2026/08/20 19:49:00,3.5000000000000004
2026/08/20 19:50:00,3.6333333333333333
2026/08/20 19:51:00,3.6303685323652353
2026/08/20 19:52:00,2.9857717135660793
2026/08/20 19:53:00,4.829469757527311
2026/08/20 19:54:00,3.7446623965839336
2026/08/20 19:55:00,3.846858398974171
2026/08/20 19:56:00,3.216720278671311
2026/08/20 19:57:00,3.010741926874833
2026/08/20 19:58:00,3.033333333333333
2026/08/20 19:59:00,3.547103199054106
2026/08/20 20:00:00,3.5695818251572113
2026/08/20 20:01:00,4.183333333333334
2026/08/20 20:02:00,3.0416666666666665
2026/08/20 20:03:00,3.283333333333333
2026/08/20 20:04:00,3.6583333333333337
2026/08/20 20:05:00,3.458333333333333
2026/08/20 20:06:00,3.5304501323918793
2026/08/20 20:07:00,3.1192140247869093
2026/08/20 20:08:00,3.266666666666666
2026/08/20 20:09:00,3.6999999999999997
2026/08/20 20:10:00,3.4471847990807505
2026/08/20 20:11:00,3.6666666666666665
2026/08/20 20:12:00,3.0941935914330037
2026/08/20 20:13:00,3.1917198619977
2026/08/20 20:14:00,3.7832702788286863
2026/08/20 20:15:00,3.641666666666666
2026/08/20 20:16:00,3.3750000000000004
2026/08/20 20:17:00,3.080868638422595
2026/08/20 20:18:00,3.066615556407393
2026/08/20 20:19:00,3.4695000917415886
2026/08/20 20:20:00,3.2306949324718146
2026/08/20 20:21:00,3.86982702540408
2026/08/20 20:22:00,2.9642952304822807
2026/08/20 20:23:00,4.8
2026/08/20 20:24:00,3.9416666666666673
2026/08/20 20:25:00,3.552901536254608
2026/08/20 20:26:00,3.6999383343610943
2026/08/20 20:27:00,2.9499999999999997
2026/08/20 20:28:00,3.183333333333333
2026/08/20 20:29:00,3.5333333333333337
2026/08/20 20:30:00,3.5749999999999997
2026/08/20 20:31:00,3.8
2026/08/20 20:32:00,3.016716945282421
2026/08/20 20:33:00,3.172409199154024
2026/08/20 20:34:00,4.036629914430118
2026/08/20 20:35:00,3.674938751020816
2026/08/20 20:36:00,3.055888622435385
2026/08/20 20:37:00,3.275
2026/08/20 20:38:00,3.102481985588471
2026/08/20 20:39:00,3.763655742073008
2026/08/20 20:40:00,3.35
2026/08/20 20:41:00,3.6166666666666663
2026/08/20 20:42:00,3.044101948225247
2026/08/20 20:43:00,3.5055289102051685
2026/08/20 20:44:00,3.5917265287754794
2026/08/20 20:45:00,3.652922337870297
2026/08/20 20:46:00,3.347266399107396
2026/08/20 20:47:00,3.125
2026/08/20 20:48:00,3.3026421136909523
2026/08/20 20:49:00,3.5000583343055713
2026/08/20 20:50:00,3.4666088898518357
2026/08/20 20:51:00,3.5666666666666664
2026/08/20 20:52:00,3.233333333333333
2026/08/20 20:53:00,6.061918164104784
2026/08/20 20:54:00,4.011542567387243
2026/08/20 20:55:00,3.283333333333333
2026/08/20 20:56:00,3.4222051990874123
2026/08/20 20:57:00,3.0416666666666665
2026/08/20 20:58:00,3.3
2026/08/20 20:59:00,3.266666666666666
2026/08/20 21:00:00,3.6862823592207095
2026/08/20 21:01:00,3.8833980566342774
2026/08/20 21:02:00,3.3223421262989605
2026/08/20 21:03:00,3.166613889768504
2026/08/20 21:04:00,3.6833333333333336
2026/08/20 21:05:00,3.34439792497206
2026/08/20 21:06:00,3.6333333333333333
2026/08/20 21:07:00,3.3306687982946976
2026/08/20 21:08:00,3.085750504561907
2026/08/20 21:09:00,3.65
2026/08/20 21:10:00,3.25
2026/08/20 21:11:00,3.5833333333333335
2026/08/20 21:12:00,3.416723612060201
2026/08/20 21:13:00,3.175
2026/08/20 21:14:00,3.663735678124167
2026/08/20 21:15:00,3.469442220443021
2026/08/20 21:16:00,3.408333333333333
2026/08/20 21:17:00,3.241666666666667
2026/08/20 21:18:00,3.2140953903543825
2026/08/20 21:19:00,3.4916666666666663
2026/08/20 21:20:00,3.25
2026/08/20 21:21:00,3.727982385908727
2026/08/20 21:22:00,3.2057687183586467
2026/08/20 21:23:00,4.912263143848412
2026/08/20 21:24:00,3.8552491340261126
2026/08/20 21:25:00,3.260887695361366
2026/08/20 21:26:00,3.583393056550942
2026/08/20 21:27:00,3.0833333333333335
2026/08/20 21:28:00,3.055888622435385
2026/08/20 21:29:00,3.502802241793434
2026/08/20 21:30:00,3.5999999999999996
2026/08/20 21:31:00,3.846922462030376
2026/08/20 21:32:00,2.9940619161996262
2026/08/20 21:33:00,3.147482014388489
2026/08/20 21:34:00,3.8030424339471574
2026/08/20 21:35:00,3.3889555022648543
2026/08/20 21:36:00,3.5445022684814513
2026/08/20 21:37:00,3.1416666666666666
2026/08/20 21:38:00,3.05
2026/08/20 21:39:00,3.6833333333333336
2026/08/20 21:40:00,3.5000000000000004
2026/08/20 21:41:00,3.65
2026/08/20 21:42:00,3.172514863357037
2026/08/20 21:43:00,3.1416666666666666
2026/08/20 21:44:00,3.6333333333333333
2026/08/20 21:45:00,3.8279985989024734
2026/08/20 21:46:00,3.4332761120647985
2026/08/20 21:47:00,3.0393365086766813
2026/08/20 21:48:00,3.2749454175763737
2026/08/20 21:49:00,3.6445823325326927
2026/08/20 21:50:00,3.725
2026/08/20 21:51:00,3.2557287503330667
2026/08/20 21:52:00,3.016716945282421
2026/08/20 21:53:00,4.928860941070504
2026/08/20 21:54:00,3.7832702788286863
2026/08/20 21:55:00,3.4750579176319607
2026/08/20 21:56:00,3.4750000000000005
2026/08/20 21:57:00,3.025
2026/08/20 21:58:00,2.997601918465228
2026/08/20 21:59:00,3.6667277787963126
2026/08/20 22:00:00,3.9999333344444254
2026/08/20 22:01:00,3.5999999999999996
2026/08/20 22:02:00,3.1000516675277923
2026/08/20 22:03:00,3.166613889768504
2026/08/20 22:04:00,3.933398889981499
2026/08/20 22:05:00,3.499941667638873
2026/08/20 22:06:00,3.411062183079797
2026/08/20 22:07:00,2.983333333333333
2026/08/20 22:08:00,3.0833333333333335
2026/08/20 22:09:00,3.7833333333333328
2026/08/20 22:10:00,3.4250000000000003
2026/08/20 22:11:00,3.5833333333333335
2026/08/20 22:12:00,2.9916666666666667
2026/08/20 22:13:00,3.1974952953519744
2026/08/20 22:14:00,3.6695411405601055
2026/08/20 22:15:00,3.641666666666666
2026/08/20 22:16:00,3.0749999999999997
2026/08/20 22:17:00,3.233333333333333
2026/08/20 22:18:00,3.2974170233317235
2026/08/20 22:19:00,3.5999999999999996
2026/08/20 22:20:00,3.5333333333333337
2026/08/20 22:21:00,3.5000000000000004
2026/08/20 22:22:00,3.0190315747335412
2026/08/20 22:23:00,5.841666666666666
2026/08/20 22:24:00,4.741666666666667
2026/08/20 22:25:00,3.8136792845604277
2026/08/20 22:26:00,3.7696195353026543
2026/08/20 22:27:00,3.05
2026/08/20 22:28:00,3.45
2026/08/20 22:29:00,3.4582756954050766
2026/08/20 22:30:00,3.480664823635213
2026/08/20 22:31:00,3.719580337931379
2026/08/20 22:32:00,3.233333333333333
2026/08/20 22:33:00,3.191666666666667
2026/08/20 22:34:00,3.588855396605992
2026/08/20 22:35:00,3.6999999999999997
2026/08/20 22:36:00,3.108385139752329
2026/08/20 22:37:00,3.1666666666666665
2026/08/20 22:38:00,3.31661138981017
2026/08/20 22:39:00,3.6333333333333333
2026/08/20 22:40:00,3.586142478274648
2026/08/20 22:41:00,3.588915165040136
2026/08/20 22:42:00,3.127397671548187
2026/08/20 22:43:00,3.1143309184778083
2026/08/20 22:44:00,3.586022850471187
2026/08/20 22:45:00,3.830396695866502
2026/08/20 22:46:00,3.1
2026/08/20 22:47:00,3.2191346699136
2026/08/20 22:48:00,3.225
2026/08/20 22:49:00,3.4889336686262427
2026/08/20 22:50:00,3.4693843510750093
2026/08/20 22:51:00,3.6805116077673783
2026/08/20 22:52:00,3.0023017646862593
2026/08/20 22:53:00,6.05
2026/08/20 22:54:00,3.8416666666666672
2026/08/20 22:55:00,3.283333333333333
2026/08/20 22:56:00,3.5833333333333335
2026/08/20 22:57:00,2.9643939646271193
2026/08/20 22:58:00,3.2524935784101143
2026/08/20 22:59:00,3.5083333333333337
2026/08/20 23:00:00,3.3666666666666663
2026/08/20 23:01:00,4.063551277354029
2026/08/20 23:02:00,3.0356606731827736
2026/08/20 23:03:00,3.297471938180728
2026/08/20 23:04:00,3.608393473224554
2026/08/20 23:05:00,3.177383037277959
2026/08/20 23:06:00,3.6555307597508575
2026/08/20 23:07:00,2.983333333333333
2026/08/20 23:08:00,3.060679854555159
2026/08/20 23:09:00,3.5833333333333335
2026/08/20 23:10:00,3.3973953302468107
2026/08/20 23:11:00,3.9
2026/08/20 23:12:00,3.1
2026/08/20 23:13:00,3.1857757614170867
2026/08/20 23:14:00,3.591666666666667
2026/08/20 23:15:00,3.9666666666666672
2026/08/20 23:16:00,3.1
2026/08/20 23:17:00,3.0416666666666665
2026/08/20 23:18:00,3.0976251540485626
2026/08/20 23:19:00,3.619441571871768
2026/08/20 23:20:00,3.3890683809079705
2026/08/20 23:21:00,3.7583333333333333
2026/08/20 23:22:00,3.010641491810388
2026/08/20 23:23:00,4.658333333333332
2026/08/20 23:24:00,3.872031442560703
2026/08/20 23:25:00,3.3942689395202987
2026/08/20 23:26:00,3.4890498792572235
2026/08/20 23:27:00,3.1857226253023097
2026/08/20 23:28:00,3
2026/08/20 23:29:00,3.516666666666666
2026/08/20 23:30:00,3.4973187223128934
2026/08/20 23:31:00,3.8029155686025953
2026/08/20 23:32:00,3.3141258368584086
2026/08/20 23:33:00,3.1440771257964437
2026/08/20 23:34:00,3.775
2026/08/20 23:35:00,3.622222962395497
2026/08/20 23:36:00,3.2441538512859855
2026/08/20 23:37:00,2.956067015288279
2026/08/20 23:38:00,3.025
2026/08/20 23:39:00,4
2026/08/20 23:40:00,3.1333333333333333
2026/08/20 23:41:00,3.6667277787963126
2026/08/20 23:42:00,3.0522892169126843
2026/08/20 23:43:00,3.15
2026/08/20 23:44:00,3.8333333333333326
2026/08/20 23:45:00,4.0802051760317095
2026/08/20 23:46:00,3.1440771257964437
2026/08/20 23:47:00,3.1642407487592843
2026/08/20 23:48:00,3.0749999999999997
2026/08/20 23:49:00,3.6167269454490905
2026/08/20 23:50:00,3.1773300420308224
2026/08/20 23:51:00,3.9137313681405614
2026/08/20 23:52:00,3.1
2026/08/20 23:53:00,5.10391299996664
2026/08/20 23:54:00,3.7554541518169398
2026/08/20 23:55:00,3.1857757614170867
2026/08/20 23:56:00,3.3558164709800984
2026/08/20 23:57:00,3.0689683929613873
2026/08/20 23:58:00,3.1666666666666665
2026/08/20 23:59:00,3.4666666666666663
2026/08/21 00:00:00,5.512440462312227
2026/08/21 00:01:00,3.8362744770991095
2026/08/21 00:02:00,3.1333333333333333
2026/08/21 00:03:00,3.5833333333333335
2026/08/21 00:04:00,3.591666666666667
2026/08/21 00:05:00,3.3166666666666664
2026/08/21 00:06:00,3.3641435589974185
2026/08/21 00:07:00,3.058333333333333
2026/08/21 00:08:00,3.219080977399716
2026/08/21 00:09:00,3.672245815638271
2026/08/21 00:10:00,3.1607038612292553
2026/08/21 00:11:00,3.5666666666666664
2026/08/21 00:12:00,3.0833333333333335
2026/08/21 00:13:00,3.322508118910817
2026/08/21 00:14:00,3.5776832624468353
2026/08/21 00:15:00,3.4057789990840206
2026/08/21 00:16:00,3.358333333333333
2026/08/21 00:17:00,3.219080977399716
2026/08/21 00:18:00,3.2059288866683318
2026/08/21 00:19:00,3.4442498540572095
2026/08/21 00:20:00,3.175
2026/08/21 00:21:00,3.7887619491723017
2026/08/21 00:22:00,3.2608333055342427
2026/08/21 00:23:00,4.7
2026/08/21 00:24:00,3.8054792239153965
2026/08/21 00:25:00,3.3525143857893425
2026/08/21 00:26:00,3.6389374635689897
2026/08/21 00:27:00,3.2857976815945293
2026/08/21 00:28:00,3.1416666666666666
2026/08/21 00:29:00,3.4307602631359813
2026/08/21 00:30:00,3.2607789175214745
2026/08/21 00:31:00,3.847050594544183
2026/08/21 00:32:00,3.841730695511591
2026/08/21 00:33:00,4.153114836127095
2026/08/21 00:34:00,4
2026/08/21 00:35:00,3.65
2026/08/21 00:36:00,3.1809476226163707
2026/08/21 00:37:00,3.1023267450587944
2026/08/21 00:38:00,3.0666666666666664
2026/08/21 00:39:00,3.6833333333333336
2026/08/21 00:40:00,3.6833333333333336
2026/08/21 00:41:00,3.4916666666666663
2026/08/21 00:42:00,3.158333333333333
2026/08/21 00:43:00,3.1143309184778083
2026/08/21 00:44:00,3.641666666666666
2026/08/21 00:45:00,3.4750000000000005
2026/08/21 00:46:00,3.752814610958219
2026/08/21 00:47:00,3.2059288866683318
2026/08/21 00:48:00,3.1023267450587944
2026/08/21 00:49:00,3.447414439170622
2026/08/21 00:50:00,3.208333333333333
2026/08/21 00:51:00,3.7583333333333333
2026/08/21 00:52:00,3.308333333333333
2026/08/21 00:53:00,5.958333333333333
2026/08/21 00:54:00,3.8083333333333327
2026/08/21 00:55:00,3.358333333333333
2026/08/21 00:56:00,3.5333333333333337
2026/08/21 00:57:00,3.060628804937036
2026/08/21 00:58:00,3.0560413023565656
2026/08/21 00:59:00,3.6333333333333333
2026/08/21 01:00:00,3.561004086398132
2026/08/21 01:01:00,3.8083333333333327
2026/08/21 01:02:00,3.308333333333333
2026/08/21 01:03:00,3.106003830460488
2026/08/21 01:04:00,3.6027020265198897
2026/08/21 01:05:00,3.4390873511533018
2026/08/21 01:06:00,3.3416666666666663
2026/08/21 01:07:00,2.9916666666666667
2026/08/21 01:08:00,2.941666666666667
2026/08/21 01:09:00,3.8583333333333325
2026/08/21 01:10:00,3.3358352097406385
2026/08/21 01:11:00,3.6472645515863102
2026/08/21 01:12:00,3.016616389726838
2026/08/21 01:13:00,3.2775127597825
2026/08/21 01:14:00,3.65
2026/08/21 01:15:00,3.916666666666667
2026/08/21 01:16:00,2.964443334166042
2026/08/21 01:17:00,3.093987157034442
2026/08/21 01:18:00,3.216666666666667
2026/08/21 01:19:00,3.358333333333333
2026/08/21 01:20:00,3.7055541677075525
2026/08/21 01:21:00,3.3832769453842437
2026/08/21 01:22:00,2.977282583313874
2026/08/21 01:23:00,4.941666666666666
2026/08/21 01:24:00,3.7416666666666663
2026/08/21 01:25:00,4.083333333333334
2026/08/21 01:26:00,3.4000000000000004
2026/08/21 01:27:00,3
2026/08/21 01:28:00,3.189274710633691
2026/08/21 01:29:00,3.5333333333333337
2026/08/21 01:30:00,3.3166666666666664
2026/08/21 01:31:00,3.9083333333333328
2026/08/21 01:32:00,2.9916666666666667
2026/08/21 01:33:00,3.25
2026/08/21 01:34:00,3.6360603786172967
2026/08/21 01:35:00,3.6333333333333333
2026/08/21 01:36:00,2.9228078940794404
2026/08/21 01:37:00,3.1416666666666666
2026/08/21 01:38:00,3.093987157034442
2026/08/21 01:39:00,3.7166666666666663
2026/08/21 01:40:00,3.2916666666666665
2026/08/21 01:41:00,3.591666666666667
2026/08/21 01:42:00,2.956116246148722
2026/08/21 01:43:00,3.200053334222237
2026/08/21 01:44:00,3.6916666666666664
2026/08/21 01:45:00,3.5442657949162717
2026/08/21 01:46:00,3.4666666666666663
2026/08/21 01:47:00,2.9916666666666667
2026/08/21 01:48:00,3.1999999999999997
2026/08/21 01:49:00,3.5333333333333337
2026/08/21 01:50:00,3.8554417520193183
2026/08/21 01:51:00,3.294137269618881
2026/08/21 01:52:00,2.9561654786489906
2026/08/21 01:53:00,4.795183134298486
2026/08/21 01:54:00,3.8
2026/08/21 01:55:00,3.4416666666666664
2026/08/21 01:56:00,3.3059090000666176
2026/08/21 01:57:00,3.0022016145173125
2026/08/21 01:58:00,3.2059822796615816
2026/08/21 01:59:00,3.502568550270198
2026/08/21 02:00:00,3.8166666666666673
2026/08/21 02:01:00,3.680572903655591
2026/08/21 02:02:00,3.1749470842152636
2026/08/21 02:03:00,3.194115488541215
2026/08/21 02:04:00,3.5999999999999996
2026/08/21 02:05:00,3.6472038104120177
2026/08/21 02:06:00,3.175
2026/08/21 02:07:00,3.3
2026/08/21 02:08:00,4.283333333333333
2026/08/21 02:09:00,4.211562197684892
2026/08/21 02:10:00,3.264164140825367
2026/08/21 02:11:00,3.6999999999999997
2026/08/21 02:12:00,3.2191346699136
2026/08/21 02:13:00,3.230856343470007
2026/08/21 02:14:00,3.875
2026/08/21 02:15:00,3.358389306488441
2026/08/21 02:16:00,3.3191560336919355
2026/08/21 02:17:00,3.216666666666667
2026/08/21 02:18:00,3.0144058622699643
2026/08/21 02:19:00,3.6583333333333337
2026/08/21 02:20:00,3.661079142690351
2026/08/21 02:21:00,3.283333333333333
2026/08/21 02:22:00,3.122658006495129
2026/08/21 02:23:00,4.6284713535151365
2026/08/21 02:24:00,4.033333333333333
2026/08/21 02:25:00,3.5083333333333337
2026/08/21 02:26:00,3
2026/08/21 02:27:00,3.1999999999999997
2026/08/21 02:28:00,3.0560413023565656
2026/08/21 02:29:00,3.3666666666666663
2026/08/21 02:30:00,3.2357601534484197
2026/08/21 02:31:00,4.088600216504289
2026/08/21 02:32:00,3
2026/08/21 02:33:00,3.202401801351013
2026/08/21 02:34:00,3.8416666666666672
2026/08/21 02:35:00,3.239237238737613
2026/08/21 02:36:00,3.4359102660328578
2026/08/21 02:37:00,3.125
2026/08/21 02:38:00,3.058333333333333
2026/08/21 02:39:00,3.7416666666666663
2026/08/21 02:40:00,3.191666666666667
2026/08/21 02:41:00,3.7916666666666665
2026/08/21 02:42:00,2.939462070114081
2026/08/21 02:43:00,3.3608539738136933
2026/08/21 02:44:00,3.5889749354650675
2026/08/21 02:45:00,3.911266783420899
2026/08/21 02:46:00,3.191666666666667
2026/08/21 02:47:00,3.058333333333333
2026/08/21 02:48:00,3.0227329502872844
2026/08/21 02:49:00,3.4692686181302648
2026/08/21 02:50:00,3.3308352069281373
2026/08/21 02:51:00,3.85
2026/08/21 02:52:00,3.0083333333333333
2026/08/21 02:53:00,5.816666666666666
2026/08/21 02:54:00,3.986323075640064
2026/08/21 02:55:00,3.4000000000000004
2026/08/21 02:56:00,3.35
2026/08/21 02:57:00,3.0166666666666666
2026/08/21 02:58:00,2.966666666666667
2026/08/21 02:59:00,3.433333333333333
2026/08/21 03:00:00,3.963693896244483
2026/08/21 03:01:00,3.75
2026/08/21 03:02:00,2.9688933366691685
2026/08/21 03:03:00,3.197601798651012
2026/08/21 03:04:00,3.5583333333333336
2026/08/21 03:05:00,3.4525894420815613
2026/08/21 03:06:00,3.472395703222583
2026/08/21 03:07:00,3.0356100408639812
2026/08/21 03:08:00,3.1166666666666663
2026/08/21 03:09:00,3.5833333333333335
2026/08/21 03:10:00,3.775
2026/08/21 03:11:00,3.3166666666666664
2026/08/21 03:12:00,3.241666666666667
2026/08/21 03:13:00,3.1476392705470895
2026/08/21 03:14:00,3.591666666666667
2026/08/21 03:15:00,3.3416666666666663
2026/08/21 03:16:00,3.3416666666666663
2026/08/21 03:17:00,2.9688933366691685
2026/08/21 03:18:00,3.3308352069281373
2026/08/21 03:19:00,3.591666666666667
2026/08/21 03:20:00,3.177383037277959
2026/08/21 03:21:00,3.6472645515863102
2026/08/21 03:22:00,3.05
2026/08/21 03:23:00,4.912017346343091
2026/08/21 03:24:00,3.9833333333333325
2026/08/21 03:25:00,3.358333333333333
2026/08/21 03:26:00,3.4141060871013407
2026/08/21 03:27:00,2.985572512717872
2026/08/21 03:28:00,3.0166666666666666
2026/08/21 03:29:00,3.8054792239153965
2026/08/21 03:30:00,3.45
2026/08/21 03:31:00,3.625
2026/08/21 03:32:00,3.0416666666666665
2026/08/21 03:33:00,3.2274205654240684
2026/08/21 03:34:00,3.938712632192522
2026/08/21 03:35:00,3.216666666666667
2026/08/21 03:36:00,3.3441747977649907
2026/08/21 03:37:00,2.958333333333333
2026/08/21 03:38:00,3.2059288866683318
2026/08/21 03:39:00,3.4609290301059126
2026/08/21 03:40:00,3.2891997668415356
2026/08/21 03:41:00,3.7916666666666665
2026/08/21 03:42:00,2.9939121007422234
2026/08/21 03:43:00,3.339162294945457
2026/08/21 03:44:00,3.510966558252022
2026/08/21 03:45:00,3.688899991672912
2026/08/21 03:46:00,3.502626970227671
2026/08/21 03:47:00,2.972770422183362
2026/08/21 03:48:00,3.1999999999999997
2026/08/21 03:49:00,3.3441747977649907
2026/08/21 03:50:00,3.308333333333333
2026/08/21 03:51:00,3.6306103755516697
2026/08/21 03:52:00,3.0083333333333333
2026/08/21 03:53:00,4.878658994245684
2026/08/21 03:54:00,3.688899991672912
2026/08/21 03:55:00,3.6833333333333336
2026/08/21 03:56:00,2.9688933366691685
2026/08/21 03:57:00,2.989424598218003
2026/08/21 03:58:00,3.3666666666666663
2026/08/21 03:59:00,3.377533149862397
2026/08/21 04:00:00,3.9303855441752025
2026/08/21 04:01:00,3.5667261121018687
2026/08/21 04:02:00,3.1773300420308224
2026/08/21 04:03:00,3.2142559746856523
2026/08/21 04:04:00,3.7111166708364607
2026/08/21 04:05:00,3.5083333333333337
2026/08/21 04:06:00,3.333333333333333
2026/08/21 04:07:00,3.2059288866683318
2026/08/21 04:08:00,2.9939121007422234
2026/08/21 04:09:00,3.5249999999999995
2026/08/21 04:10:00,3.5000000000000004
2026/08/21 04:11:00,3.5889749354650675
2026/08/21 04:12:00,3.1416666666666666
2026/08/21 04:13:00,3.169043449253607
2026/08/21 04:14:00,3.5639936714131073
2026/08/21 04:15:00,3.5416666666666665
2026/08/21 04:16:00,3.377533149862397
2026/08/21 04:17:00,3.2891997668415356
2026/08/21 04:18:00,3.2607789175214745
2026/08/21 04:19:00,3.3750000000000004
2026/08/21 04:20:00,3.191666666666667
2026/08/21 04:21:00,4.021983512365726
2026/08/21 04:22:00,2.9522141606204655
2026/08/21 04:23:00,5.733333333333333
2026/08/21 04:24:00,4.291666666666666
2026/08/21 04:25:00,4.246814888833375
2026/08/21 04:26:00,3.6166666666666663
2026/08/21 04:27:00,3.0500508341805697
2026/08/21 04:28:00,3.0416666666666665
2026/08/21 04:29:00,3.3274401227566885
2026/08/21 04:30:00,4.0136564243484045
2026/08/21 04:31:00,3.527645734300726
2026/08/21 04:32:00,3.0227832922523485
2026/08/21 04:33:00,3.135632797384748
2026/08/21 04:34:00,3.5057040552918646
2026/08/21 04:35:00,3.4692686181302648
2026/08/21 04:36:00,3.6056291114997086
2026/08/21 04:37:00,3.0022516887665747
2026/08/21 04:38:00,3.0810738791552863
2026/08/21 04:39:00,3.52494125097915
2026/08/21 04:40:00,3.4250000000000003
2026/08/21 04:41:00,3.8166666666666673
2026/08/21 04:42:00,3.0689683929613873
2026/08/21 04:43:00,3.158333333333333
2026/08/21 04:44:00,3.5083333333333337
2026/08/21 04:45:00,3.916666666666667
2026/08/21 04:46:00,3.4390873511533018
2026/08/21 04:47:00,3.066717778629644
2026/08/21 04:48:00,3.402495163119621
2026/08/21 04:49:00,3.4166666666666665
2026/08/21 04:50:00,3.3724706470147385
2026/08/21 04:51:00,3.5666666666666664
2026/08/21 04:52:00,3.0916666666666663
2026/08/21 04:53:00,6
2026/08/21 04:54:00,3.8333333333333326
2026/08/21 04:55:00,3.7027770828121094
2026/08/21 04:56:00,3.0227329502872844
2026/08/21 04:57:00,3.0272704528396295
2026/08/21 04:58:00,3.0977283325561253
2026/08/21 04:59:00,3.5442657949162717
2026/08/21 05:00:00,3.4640686152052624
2026/08/21 05:01:00,3.9279459594696022
2026/08/21 05:02:00,3.15
2026/08/21 05:03:00,3.458333333333333
2026/08/21 05:04:00,3.4973769672745436
2026/08/21 05:05:00,3.1999999999999997
2026/08/21 05:06:00,3.3416666666666663
2026/08/21 05:07:00,2.983333333333333
2026/08/21 05:08:00,3.269118505545826
2026/08/21 05:09:00,3.4807227912399035
2026/08/21 05:10:00,3.4108915019598034
2026/08/21 05:11:00,3.5639936714131073
2026/08/21 05:12:00,3.000050000833347
2026/08/21 05:13:00,3.5109079991994125
2026/08/21 05:14:00,3.4750000000000005
2026/08/21 05:15:00,3.6999999999999997
2026/08/21 05:16:00,3.3416666666666663
2026/08/21 05:17:00,2.989424598218003
2026/08/21 05:18:00,3.3667227787129783
2026/08/21 05:19:00,3.427513509907265
2026/08/21 05:20:00,3.1416666666666666
2026/08/21 05:21:00,3.7416666666666663
2026/08/21 05:22:00,2.958333333333333
2026/08/21 05:23:00,5.037888250478807
2026/08/21 05:24:00,3.741729028817147
2026/08/21 05:25:00,3.3607979184735473
2026/08/21 05:26:00,3.45
2026/08/21 05:27:00,3.1333333333333333
2026/08/21 05:28:00,3.05
2026/08/21 05:29:00,3.5140311433091846
2026/08/21 05:30:00,3.2333872231203857
2026/08/21 05:31:00,3.5859630395623454
2026/08/21 05:32:00,3.333333333333333
2026/08/21 05:33:00,3.189274710633691
2026/08/21 05:34:00,3.5833333333333335
2026/08/21 05:35:00,3.1857226253023097
2026/08/21 05:36:00,3.472395703222583
2026/08/21 05:37:00,2.97723292469352
2026/08/21 05:38:00,3.1393121825297694
2026/08/21 05:39:00,3.6166666666666663
2026/08/21 05:40:00,3.485947794178967
2026/08/21 05:41:00,3.4750000000000005
2026/08/21 05:42:00,2.941666666666667
2026/08/21 05:43:00,3.214309506362001
2026/08/21 05:44:00,3.5109079991994125
2026/08/21 05:45:00,3.805542602091799
2026/08/21 05:46:00,3.5442657949162717
2026/08/21 05:47:00,2.989424598218003
2026/08/21 05:48:00,3.302476857643232
2026/08/21 05:49:00,3.430817400572913
2026/08/21 05:50:00,3.3441190206151177
2026/08/21 05:51:00,3.891666666666667
2026/08/21 05:52:00,2.941666666666667
2026/08/21 05:53:00,4.908333333333333
2026/08/21 05:54:00,3.775
2026/08/21 05:55:00,3.339217906868296
2026/08/21 05:56:00,3.527586897057842
2026/08/21 05:57:00,2.983333333333333
2026/08/21 05:58:00,3
2026/08/21 05:59:00,3.5999999999999996
2026/08/21 06:00:00,3.9583333333333326
2026/08/21 06:01:00,3.4833333333333334
2026/08/21 06:02:00,3.1726205345990506
2026/08/21 06:03:00,3.15
2026/08/21 06:04:00,3.752814610958219
2026/08/21 06:05:00,3.905469322496836
2026/08/21 06:06:00,3
2026/08/21 06:07:00,2.9916666666666667
2026/08/21 06:08:00,3.225
2026/08/21 06:09:00,3.7944492627927144
2026/08/21 06:10:00,3.3249999999999997
2026/08/21 06:11:00,3.6166666666666663
2026/08/21 06:12:00,3.0394377456531876
2026/08/21 06:13:00,3.1272933484555345
2026/08/21 06:14:00,3.8249999999999997
2026/08/21 06:15:00,3.2476184131636794
2026/08/21 06:16:00,3.3166666666666664
2026/08/21 06:17:00,3
2026/08/21 06:18:00,3.1606511441723932
2026/08/21 06:19:00,3.6139561995170286
2026/08/21 06:20:00,3.3441747977649907
2026/08/21 06:21:00,3.7305354317595136
2026/08/21 06:22:00,3.066717778629644
2026/08/21 06:23:00,4.716666666666667
2026/08/21 06:24:00,3.883333333333333
2026/08/21 06:25:00,3.8666022232962782
2026/08/21 06:26:00,3.0689683929613873
2026/08/21 06:27:00,2.966666666666667
2026/08/21 06:28:00,3.058333333333333
2026/08/21 06:29:00,3.6639187276209513
2026/08/21 06:30:00,3.385872737886748
2026/08/21 06:31:00,3.7833333333333328
2026/08/21 06:32:00,2.925
2026/08/21 06:33:00,3.1726205345990506
2026/08/21 06:34:00,3.8583333333333325
2026/08/21 06:35:00,3.15
2026/08/21 06:36:00,3.275
2026/08/21 06:37:00,3.177383037277959
2026/08/21 06:38:00,3.05
2026/08/21 06:39:00,3.8720959280539597
2026/08/21 06:40:00,3.202401801351013
2026/08/21 06:41:00,3.5749999999999997
2026/08/21 06:42:00,2.931134982096761
2026/08/21 06:43:00,3.3525143857893425
2026/08/21 06:44:00,3.9303855441752025
2026/08/21 06:45:00,3.8362104912017343
2026/08/21 06:46:00,2.989424598218003
2026/08/21 06:47:00,3.0522892169126843
2026/08/21 06:48:00,3.322508118910817
2026/08/21 06:49:00,3.5359853223250766
2026/08/21 06:50:00,3.1666666666666665
2026/08/21 06:51:00,3.591666666666667
2026/08/21 06:52:00,2.931134982096761
2026/08/21 06:53:00,5.941666666666666
2026/08/21 06:54:00,4.069718955883579
2026/08/21 06:55:00,3.1416666666666666
2026/08/21 06:56:00,3.333333333333333
2026/08/21 06:57:00,3.1416666666666666
2026/08/21 06:58:00,3.058333333333333
2026/08/21 06:59:00,3.5083333333333337
2026/08/21 07:00:00,3.9583333333333326
2026/08/21 07:01:00,3.5749404176597057
2026/08/21 07:02:00,3.397225599094073
2026/08/21 07:03:00,3.319377491618155
2026/08/21 07:04:00,3.838340105242123
2026/08/21 07:05:00,3.6948688863681856
2026/08/21 07:06:00,3.3249999999999997
2026/08/21 07:07:00,3.3221208286152
2026/08/21 07:08:00,3.1694134916928003
2026/08/21 07:09:00,3.9715579830813295
2026/08/21 07:10:00,3.302862480816708
2026/08/21 07:11:00,3.6833333333333336
2026/08/21 07:12:00,3.5333333333333337
2026/08/21 07:13:00,3.2916666666666665
2026/08/21 07:14:00,3.925
2026/08/21 07:15:00,3.438686471724505
2026/08/21 07:16:00,3.683394723245387
2026/08/21 07:17:00,3.266775559185306
2026/08/21 07:18:00,3.1525746025921166
2026/08/21 07:19:00,3.7083333333333335
2026/08/21 07:20:00,3.372302158273381
2026/08/21 07:21:00,3.828062449959968
2026/08/21 07:22:00,3.125
2026/08/21 07:23:00,4.704726376444725
2026/08/21 07:24:00,4.011408746705808
2026/08/21 07:25:00,3.780497959863436
2026/08/21 07:26:00,3.661079142690351
2026/08/21 07:27:00,3.0417173619560325
2026/08/21 07:28:00,3.0560413023565656
2026/08/21 07:29:00,3.4776082061546156
2026/08/21 07:30:00,3.9220584561578815
2026/08/21 07:31:00,3.3250554175902933
2026/08/21 07:32:00,3.035559410234172
2026/08/21 07:33:00,3.230963959762841
2026/08/21 07:34:00,3.811128160651144
2026/08/21 07:35:00,3.6999999999999997
2026/08/21 07:36:00,3.3833333333333333
2026/08/21 07:37:00,3.0312619709864927
2026/08/21 07:38:00,3.033333333333333
2026/08/21 07:39:00,3.602461682149469
2026/08/21 07:40:00,3.4250000000000003
2026/08/21 07:41:00,3.8416666666666672
2026/08/21 07:42:00,3.1
2026/08/21 07:43:00,3.106262491672218
2026/08/21 07:44:00,3.577325261419923
2026/08/21 07:45:00,4.0474366234718016
2026/08/21 07:46:00,3.3
2026/08/21 07:47:00,3.0102900218475344
2026/08/21 07:48:00,2.966666666666667
2026/08/21 07:49:00,3.6166666666666663
2026/08/21 07:50:00,3.45
2026/08/21 07:51:00,3.289638056531805
2026/08/21 07:52:00,2.9518202891783263
2026/08/21 07:53:00,4.725
2026/08/21 07:54:00,3.9809447664734496
2026/08/21 07:55:00,3.5000583343055713
2026/08/21 07:56:00,2.9100308513299424
2026/08/21 07:57:00,2.973315121431189
2026/08/21 07:58:00,3.1684621285395056
2026/08/21 07:59:00,3.641666666666666
2026/08/21 08:00:00,3.7083333333333335
2026/08/21 08:01:00,3.5813635833624837
2026/08/21 08:02:00,3.0099888271882866
2026/08/21 08:03:00,3.4166666666666665
2026/08/21 08:04:00,3.7416666666666663
2026/08/21 08:05:00,3.331612000466426
2026/08/21 08:06:00,3.4850177585833153
2026/08/21 08:07:00,2.9166666666666665
2026/08/21 08:08:00,3.1901247730263704
2026/08/21 08:09:00,3.3914405706286246
2026/08/21 08:10:00,3.176747210966031
2026/08/21 08:11:00,3.916666666666667
2026/08/21 08:12:00,2.9499999999999997
2026/08/21 08:13:00,3.3567668421403343
2026/08/21 08:14:00,3.435050858762715
2026/08/21 08:15:00,3.2415586147128432
2026/08/21 08:16:00,3.6166666666666663
2026/08/21 08:17:00,3.158333333333333
2026/08/21 08:18:00,3.0318679305002583
2026/08/21 08:19:00,3.4850177585833153
2026/08/21 08:20:00,3.158333333333333
2026/08/21 08:21:00,3.525058750979183
2026/08/21 08:22:00,3.333277778703688
2026/08/21 08:23:00,4.489795918367347
2026/08/21 08:24:00,3.801647380531563
2026/08/21 08:25:00,3.058333333333333
2026/08/21 08:26:00,3.4833333333333334
2026/08/21 08:27:00,3.1984007996001997
2026/08/21 08:28:00,2.95981323995331
2026/08/21 08:29:00,3.275
2026/08/21 08:30:00,3.1666666666666665
2026/08/21 08:31:00,3.6666666666666665
2026/08/21 08:32:00,2.9166666666666665
2026/08/21 08:33:00,3.1999999999999997
2026/08/21 08:34:00,3.5083333333333337
2026/08/21 08:35:00,3.025
2026/08/21 08:36:00,3.3321670748571335
2026/08/21 08:37:00,2.934360359459144
2026/08/21 08:38:00,2.958333333333333
2026/08/21 08:39:00,3.481824542698164
2026/08/21 08:40:00,3.4681695401340584
2026/08/21 08:41:00,3.333333333333333
2026/08/21 08:42:00,2.983333333333333
2026/08/21 08:43:00,2.9
2026/08/21 08:44:00,3.3833333333333333
2026/08/21 08:45:00,3.6166666666666663
2026/08/21 08:46:00,3.241666666666667
2026/08/21 08:47:00,2.8833333333333333
2026/08/21 08:48:00,3
2026/08/21 08:49:00,3.3416666666666663
2026/08/21 08:50:00,3.3416666666666663
2026/08/21 08:51:00,3.175
2026/08/21 08:52:00,3.0657980238932305
2026/08/21 08:53:00,5.641666666666667
2026/08/21 08:54:00,3.57601320374106
2026/08/21 08:55:00,3.074077776667
2026/08/21 08:56:00,3.283552236815788
2026/08/21 08:57:00,2.7923647578561304
2026/08/21 08:58:00,2.775
2026/08/21 08:59:00,3.233333333333333
2026/08/21 09:00:00,3.290898790282267
2026/08/21 09:01:00,3.4916084731921133
2026/08/21 09:02:00,2.975743935983996
2026/08/21 09:03:00,2.674420542215853
2026/08/21 09:04:00,3.283333333333333
2026/08/21 09:05:00,3.0167672255741858
2026/08/21 09:06:00,2.9755455166780576
2026/08/21 09:07:00,2.766113443977871
2026/08/21 09:08:00,2.7505501100220044
2026/08/21 09:09:00,3.482636805972139
2026/08/21 09:10:00,3.0415652811572946
2026/08/21 09:11:00,3.367396269191658
2026/08/21 09:12:00,2.883381389689828
2026/08/21 09:13:00,2.9740086637787404
2026/08/21 09:14:00,3.5595198399466486
2026/08/21 09:15:00,3.5000000000000004
2026/08/21 09:16:00,2.75773582390482
2026/08/21 09:17:00,2.8672879123810158
2026/08/21 09:18:00,2.791108444977671
2026/08/21 09:19:00,3.4340201373608057
2026/08/21 09:20:00,2.85
2026/08/21 09:21:00,3.4909103027677335
2026/08/21 09:22:00,2.742260823178355
2026/08/21 09:23:00,4.440630519545439
2026/08/21 09:24:00,3.6675224218984424
2026/08/21 09:25:00,2.8326251770390733
2026/08/21 09:26:00,3.359173126614987
2026/08/21 09:27:00,2.75
2026/08/21 09:28:00,3.033333333333333
2026/08/21 09:29:00,3.333333333333333
2026/08/21 09:30:00,3.1324980005331913
2026/08/21 09:31:00,3.45
2026/08/21 09:32:00,3.0924913310216056
2026/08/21 09:33:00,3.2916666666666665
2026/08/21 09:34:00,3.358333333333333
2026/08/21 09:35:00,3.1241148341303298
2026/08/21 09:36:00,3.225
2026/08/21 09:37:00,3.025857326242435
2026/08/21 09:38:00,3.408333333333333
2026/08/21 09:39:00,3.5000000000000004
2026/08/21 09:40:00,3.0833333333333335
2026/08/21 09:41:00,3.4750000000000005
2026/08/21 09:42:00,3.0073809960179276
2026/08/21 09:43:00,3.1917198619977
2026/08/21 09:44:00,3.5000000000000004
2026/08/21 09:45:00,3.401020306091827
2026/08/21 09:46:00,3.3157272106236566
2026/08/21 09:47:00,3.109214277378591
2026/08/21 09:48:00,2.975
2026/08/21 09:49:00,3.4250000000000003
2026/08/21 09:50:00,3.025
2026/08/21 09:51:00,3.674020261263663
2026/08/21 09:52:00,3.100826887169912
2026/08/21 09:53:00,4.5
2026/08/21 09:54:00,3.607431475464467
2026/08/21 09:55:00,3.3664983417495793
2026/08/21 09:56:00,3.2333872231203857
2026/08/21 09:57:00,3.0416666666666665
2026/08/21 09:58:00,3.1166147230879484
2026/08/21 09:59:00,3.3416666666666663
2026/08/21 10:00:00,3.4510353105931775
2026/08/21 10:01:00,4.116666666666666
2026/08/21 10:02:00,2.858333333333333
2026/08/21 10:03:00,3.1322892369210265
2026/08/21 10:04:00,3.667889296432144
2026/08/21 10:05:00,3.35
2026/08/21 10:06:00,3.4904450109128473
2026/08/21 10:07:00,3.251137898264392
2026/08/21 10:08:00,3.057161421455109
2026/08/21 10:09:00,3.7000616676944613
2026/08/21 10:10:00,3.292874053819734
2026/08/21 10:11:00,3.4166666666666665
2026/08/21 10:12:00,2.875
2026/08/21 10:13:00,3.0083333333333333
2026/08/21 10:14:00,3.6333333333333333
2026/08/21 10:15:00,3.4666666666666663
2026/08/21 10:16:00,3.058333333333333
2026/08/21 10:17:00,2.8824685927555067
2026/08/21 10:18:00,2.9008702610783232
2026/08/21 10:19:00,3.3906494718251188
2026/08/21 10:20:00,3.2916666666666665
2026/08/21 10:21:00,3.4666666666666663
2026/08/21 10:22:00,2.9175419292454405
2026/08/21 10:23:00,5.491666666666667
2026/08/21 10:24:00,4.506831056314562
2026/08/21 10:25:00,4.125068751145852
2026/08/21 10:26:00,3.5332744454259095
2026/08/21 10:27:00,3
2026/08/21 10:28:00,3.051017005668556
2026/08/21 10:29:00,3.4666666666666663
2026/08/21 10:30:00,3.3822059313562143
2026/08/21 10:31:00,3.8429476492164056
2026/08/21 10:32:00,2.8489553830262238
2026/08/21 10:33:00,3.292874053819734
2026/08/21 10:34:00,3.8146957405340576
2026/08/21 10:35:00,4.027013506753376
2026/08/21 10:36:00,3.6667277787963126
2026/08/21 10:37:00,3.3399966683325
2026/08/21 10:38:00,3.46000566940688
2026/08/21 10:39:00,3.8733860891295295
2026/08/21 10:40:00,3.384800080034682
2026/08/21 10:41:00,3.4071408340414187
2026/08/21 10:42:00,2.88328527857869
2026/08/21 10:43:00,3.266666666666666
2026/08/21 10:44:00,3.676347994264564
2026/08/21 10:45:00,3.8402585718569857
2026/08/21 10:46:00,2.9260728933942444
2026/08/21 10:47:00,3.0072807850585628
2026/08/21 10:48:00,2.758379306321772
2026/08/21 10:49:00,3.5499999999999994
2026/08/21 10:50:00,3.4250000000000003
2026/08/21 10:51:00,3.501167055685228
2026/08/21 10:52:00,2.924074043219647
2026/08/21 10:53:00,5.760157383171338
2026/08/21 10:54:00,3.8416666666666672
2026/08/21 10:55:00,3.058333333333333
2026/08/21 10:56:00,3.125
2026/08/21 10:57:00,2.941617639706005
2026/08/21 10:58:00,3.1249479175347075
2026/08/21 10:59:00,3.916666666666667
2026/08/21 11:00:00,3.925
2026/08/21 11:01:00,4.05
2026/08/21 11:02:00,3.0833333333333335
2026/08/21 11:03:00,3.45
2026/08/21 11:04:00,3.6333333333333333
2026/08/21 11:05:00,3.816730278837981
2026/08/21 11:06:00,2.891714861914365
2026/08/21 11:07:00,2.9
2026/08/21 11:08:00,3.1666666666666665
2026/08/21 11:09:00,3.4250000000000003
2026/08/21 11:10:00,3.073872913265136
2026/08/21 11:11:00,3.4929474140518186
2026/08/21 11:12:00,3.0072807850585628
2026/08/21 11:13:00,3.2428016472432017
2026/08/21 11:14:00,3.4820565792542735
2026/08/21 11:15:00,3.2001066702223406
2026/08/21 11:16:00,3.251083694564855
2026/08/21 11:17:00,2.85
2026/08/21 11:18:00,3.291611806469892
2026/08/21 11:19:00,3.450057500958349
2026/08/21 11:20:00,3.033333333333333
2026/08/21 11:21:00,3.6083333333333334
2026/08/21 11:22:00,2.849002849002849
2026/08/21 11:23:00,5.060104369862786
2026/08/21 11:24:00,3.848588850754723
2026/08/21 11:25:00,3.226182933742372
2026/08/21 11:26:00,3.2583333333333333
2026/08/21 11:27:00,2.9989004031854987
2026/08/21 11:28:00,3.4083901398356637
2026/08/21 11:29:00,3.3845179146034443
2026/08/21 11:30:00,3.648662157209023
2026/08/21 11:31:00,3.4249429176180395
2026/08/21 11:32:00,3.1333333333333333
2026/08/21 11:33:00,3.1762175500608563
2026/08/21 11:34:00,3.7916666666666665
2026/08/21 11:35:00,3.65
2026/08/21 11:36:00,3.0166666666666666
2026/08/21 11:37:00,3.248700519792083
2026/08/21 11:38:00,3.084567160197412
2026/08/21 11:39:00,3.7401705984272953
2026/08/21 11:40:00,3.459717220221422
2026/08/21 11:41:00,3.7485005997600958
2026/08/21 11:42:00,2.976190476190476
2026/08/21 11:43:00,3.156965315030154
2026/08/21 11:44:00,3.6015606762930608
2026/08/21 11:45:00,3.989605370558545
2026/08/21 11:46:00,3.7935634483908625
2026/08/21 11:47:00,3.208333333333333
2026/08/21 11:48:00,3.241666666666667
2026/08/21 11:49:00,3.9061849316209414
2026/08/21 11:50:00,3.3768572714993246
2026/08/21 11:51:00,4.108333333333333
2026/08/21 11:52:00,3.2149520255863537
2026/08/21 11:53:00,4.858252362460625
2026/08/21 11:54:00,4.0355528874214155
2026/08/21 11:55:00,3.6059894401972055
2026/08/21 11:56:00,4.2444255432697915
2026/08/21 11:57:00,3.522710238345076
2026/08/21 11:58:00,3.3355014092493454
2026/08/21 11:59:00,3.5813635833624837
2026/08/21 12:00:00,3.5251762588129405
2026/08/21 12:01:00,4.077106505027597
2026/08/21 12:02:00,3.1319239675479364
2026/08/21 12:03:00,2.9513280976439393
2026/08/21 12:04:00,3.5666666666666664
2026/08/21 12:05:00,3.4250000000000003
2026/08/21 12:06:00,3.4250000000000003
2026/08/21 12:07:00,2.9068314704069564
2026/08/21 12:08:00,2.95981323995331
2026/08/21 12:09:00,3.756392530525895
2026/08/21 12:10:00,3.316721945365756
2026/08/21 12:11:00,3.641666666666666
2026/08/21 12:12:00,2.9167638921297376
2026/08/21 12:13:00,3.033333333333333
2026/08/21 12:14:00,3.6599803244793487
2026/08/21 12:15:00,3.391779725990866
2026/08/21 12:16:00,3.241666666666667
2026/08/21 12:17:00,2.8833333333333333
2026/08/21 12:18:00,2.908333333333333
2026/08/21 12:19:00,3.3165561147961737
2026/08/21 12:20:00,3.3751125037501253
2026/08/21 12:21:00,3.4416666666666664
2026/08/21 12:22:00,3.015460482473677
2026/08/21 12:23:00,4.449851671610946
2026/08/21 12:24:00,3.7098172602374277
2026/08/21 12:25:00,3.6084536151205038
2026/08/21 12:26:00,3.191666666666667
2026/08/21 12:27:00,2.9321116201582673
2026/08/21 12:28:00,3.066257832289028
2026/08/21 12:29:00,3.3586692002533582
2026/08/21 12:30:00,3.3764068361817423
2026/08/21 12:31:00,3.7166666666666663
2026/08/21 12:32:00,2.823682281601919
2026/08/21 12:33:00,3.151470686320282
2026/08/21 12:34:00,3.716790559685322
2026/08/21 12:35:00,3.4916666666666663
2026/08/21 12:36:00,2.916569447685077
2026/08/21 12:37:00,3.115316696098357
2026/08/21 12:38:00,3.001400653638364
2026/08/21 12:39:00,3.733208893036899
2026/08/21 12:40:00,3.266666666666666
2026/08/21 12:41:00,3.566785559518651
2026/08/21 12:42:00,2.89012526652452
2026/08/21 12:43:00,3.3084987582712473
2026/08/21 12:44:00,3.835187007053409
2026/08/21 12:45:00,3.4665511149628347
2026/08/21 12:46:00,3.3416666666666663
2026/08/21 12:47:00,2.9750991699723324
2026/08/21 12:48:00,2.9402945292196976
2026/08/21 12:49:00,3.4931803781638706
2026/08/21 12:50:00,3.290240895611902
2026/08/21 12:51:00,3.4848434321539337
2026/08/21 12:52:00,2.958333333333333
2026/08/21 12:53:00,5.864125545596908
2026/08/21 12:54:00,3.9183646246706902
2026/08/21 12:55:00,3.2751091703056767
2026/08/21 12:56:00,3.25
2026/08/21 12:57:00,3.0067297441364604
2026/08/21 12:58:00,3.1515757878939468
2026/08/21 12:59:00,3.333444448148272
2026/08/21 13:00:00,3.598260840593713
2026/08/21 13:01:00,3.6350902936419263
2026/08/21 13:02:00,2.9499999999999997
2026/08/21 13:03:00,3.281747155541488
2026/08/21 13:04:00,3.4833333333333334
2026/08/21 13:05:00,3.3681823487235922
2026/08/21 13:06:00,3.2167738924630815
2026/08/21 13:07:00,2.966666666666667
2026/08/21 13:08:00,3.3750000000000004
2026/08/21 13:09:00,3.533215559481351
2026/08/21 13:10:00,3.175105836861228
2026/08/21 13:11:00,3.8248725042498584
2026/08/21 13:12:00,3.058435281176039
2026/08/21 13:13:00,3.1
2026/08/21 13:14:00,3.5249999999999995
2026/08/21 13:15:00,3.2068902327286057
2026/08/21 13:16:00,3.318049187161317
2026/08/21 13:17:00,3.033434447814927
2026/08/21 13:18:00,3.074897503416553
2026/08/21 13:19:00,3.3736505397840864
2026/08/21 13:20:00,3.359677204215019
2026/08/21 13:21:00,3.1667194453240883
2026/08/21 13:22:00,3.1333333333333333
2026/08/21 13:23:00,4.5249999999999995
2026/08/21 13:24:00,4.325
2026/08/21 13:25:00,4.508333333333334
2026/08/21 13:26:00,3.975
2026/08/21 13:27:00,2.8488604558176727
2026/08/21 13:28:00,3.1429238362011476
2026/08/21 13:29:00,3.3249999999999997
2026/08/21 13:30:00,3.35
2026/08/21 13:31:00,3.632001599413549
2026/08/21 13:32:00,2.925
2026/08/21 13:33:00,3.317938543108191
2026/08/21 13:34:00,3.5749999999999997
2026/08/21 13:35:00,3.2237105157936825
2026/08/21 13:36:00,3.5264105642256904
2026/08/21 13:37:00,3.1416666666666666
2026/08/21 13:38:00,3.0833333333333335
2026/08/21 13:39:00,3.7898349131253233
2026/08/21 13:40:00,3.433390556509275
2026/08/21 13:41:00,3.774937084381927
2026/08/21 13:42:00,3.025
2026/08/21 13:43:00,3.1662972653190464
2026/08/21 13:44:00,3.635454014841991
2026/08/21 13:45:00,3.623248763097836
2026/08/21 13:46:00,3.593403478347868
2026/08/21 13:47:00,2.9569534217365225
2026/08/21 13:48:00,3.0598122425839156
2026/08/21 13:49:00,3.4166666666666665
2026/08/21 13:50:00,3.6399680149263673
2026/08/21 13:51:00,3.4849596478356566
2026/08/21 13:52:00,3.22349570200573
2026/08/21 13:53:00,4.766507783073897
2026/08/21 13:54:00,3.966732778879648
2026/08/21 13:55:00,3.6350902936419263
2026/08/21 13:56:00,3.233333333333333
2026/08/21 13:57:00,3.1999999999999997
2026/08/21 13:58:00,3.0735656693543016
2026/08/21 13:59:00,3.443273527646235
2026/08/21 14:00:00,3.68988322310883
2026/08/21 14:01:00,3.8185122809357854
2026/08/21 14:02:00,2.958333333333333
2026/08/21 14:03:00,3.3568227630899425
2026/08/21 14:04:00,3.6165461151294958
2026/08/21 14:05:00,3.46000566940688
2026/08/21 14:06:00,3.3833333333333333
2026/08/21 14:07:00,3.058333333333333
2026/08/21 14:08:00,3.0416666666666665
2026/08/21 14:09:00,3.6083333333333334
2026/08/21 14:10:00,3.4000000000000004
2026/08/21 14:11:00,3.675
2026/08/21 14:12:00,2.966666666666667
2026/08/21 14:13:00,3.191666666666667
2026/08/21 14:14:00,3.606590148095087
2026/08/21 14:15:00,3.633393889898165
2026/08/21 14:16:00,3.4599479757220037
2026/08/21 14:17:00,2.8
2026/08/21 14:18:00,3.0833333333333335
2026/08/21 14:19:00,3.7166666666666663
2026/08/21 14:20:00,3.125
2026/08/21 14:21:00,3.6898217557887727
2026/08/21 14:22:00,3.225053750895848
2026/08/21 14:23:00,4.577212319287656
2026/08/21 14:24:00,3.925
2026/08/21 14:25:00,3.275
2026/08/21 14:26:00,3.5083333333333337
2026/08/21 14:27:00,3.074948750854152
2026/08/21 14:28:00,2.900048334138902
2026/08/21 14:29:00,3.52300363127561
2026/08/21 14:30:00,3.4686322249274584
2026/08/21 14:31:00,3.274890836972101
2026/08/21 14:32:00,2.8404831320283215
2026/08/21 14:33:00,3.193103563270138
2026/08/21 14:34:00,3.606710313692172
2026/08/21 14:35:00,3.384856518766778
2026/08/21 14:36:00,2.9737113917302502
2026/08/21 14:37:00,2.901160464185674
2026/08/21 14:38:00,2.848718076865411
2026/08/21 14:39:00,3.8085237595213095
2026/08/21 14:40:00,2.942843804188342
2026/08/21 14:41:00,3.5732133933033485
2026/08/21 14:42:00,2.8514732611849456
2026/08/21 14:43:00,3.016616389726838
2026/08/21 14:44:00,3.606830487296959
2026/08/21 14:45:00,3.5431429762401003
2026/08/21 14:46:00,3.456892961266139
2026/08/21 14:47:00,3.051271363067945
2026/08/21 14:48:00,3.1333333333333333
2026/08/21 14:49:00,3.358333333333333
2026/08/21 14:50:00,3.058333333333333
2026/08/21 14:51:00,3.7833333333333328
2026/08/21 14:52:00,2.8820364169457076
2026/08/21 14:53:00,6.019375385590182
2026/08/21 14:54:00,3.650060834347239
2026/08/21 14:55:00,3.4583909731828864
2026/08/21 14:56:00,3.4150729659492236
2026/08/21 14:57:00,2.958284028599523
2026/08/21 14:58:00,3.009687692795091
2026/08/21 14:59:00,3.3166666666666664
2026/08/21 15:00:00,3.3416666666666663
2026/08/21 15:01:00,4.041801393379779
2026/08/21 15:02:00,3.1818484707136667
2026/08/21 15:03:00,3.0596591856471136
2026/08/21 15:04:00,3.5484032185516514
2026/08/21 15:05:00,3.1667194453240883
2026/08/21 15:06:00,3.3249999999999997
2026/08/21 15:07:00,3.109784566130861
2026/08/21 15:08:00,3.208333333333333
2026/08/21 15:09:00,3.5567328035717254
2026/08/21 15:10:00,3.0263618628382774
2026/08/21 15:11:00,3.65
2026/08/21 15:12:00,3.1
2026/08/21 15:13:00,3.081895115612714
2026/08/21 15:14:00,3.7833963899398326
2026/08/21 15:15:00,3.168092308205359
2026/08/21 15:16:00,3.5083333333333337
2026/08/21 15:17:00,3.123542346904778
2026/08/21 15:18:00,2.9597145334489428
2026/08/21 15:19:00,3.3416666666666663
2026/08/21 15:20:00,3.0166666666666666
2026/08/21 15:21:00,3.708209726342455
2026/08/21 15:22:00,3.0484249804267796
2026/08/21 15:23:00,4.552427961579509
2026/08/21 15:24:00,3.6649563537016054
2026/08/21 15:25:00,3.393250183418929
2026/08/21 15:26:00,3.6315175745460597
2026/08/21 15:27:00,3.3517317280594976
2026/08/21 15:28:00,3.2582790286828556
2026/08/21 15:29:00,3.5149677655799696
2026/08/21 15:30:00,3.676838419209605
2026/08/21 15:31:00,3.481476545842217
2026/08/21 15:32:00,3.2516800346845867
2026/08/21 15:33:00,3.248375812093953
2026/08/21 15:34:00,3.5767883941970986
2026/08/21 15:35:00,3.231717474596035
2026/08/21 15:36:00,3.3750000000000004
2026/08/21 15:37:00,3.1098882774720695
2026/08/21 15:38:00,3.358389306488441
2026/08/21 15:39:00,3.681369936034115
2026/08/21 15:40:00,3.1250520842014033
2026/08/21 15:41:00,3.9436384859096214
2026/08/21 15:42:00,3.1166666666666663
2026/08/21 15:43:00,3.3
2026/08/21 15:44:00,3.8166666666666673
2026/08/21 15:45:00,4.10621179057487
2026/08/21 15:46:00,2.99171652860881
2026/08/21 15:47:00,3.1182257795564445
2026/08/21 15:48:00,3.1067799433616523
2026/08/21 15:49:00,3.4517258629314655
2026/08/21 15:50:00,3.4666666666666663
2026/08/21 15:51:00,3.5249999999999995
2026/08/21 15:52:00,3.025
2026/08/21 15:53:00,4.725
2026/08/21 15:54:00,3.7480010660980816
2026/08/21 15:55:00,3.4768543223052295
2026/08/21 15:56:00,3.2583333333333333
2026/08/21 15:57:00,2.9318185604104547
2026/08/21 15:58:00,3.0932648535076455
2026/08/21 15:59:00,3.53339222320372
2026/08/21 16:00:00,3.5000000000000004
2026/08/21 16:01:00,3.6064699905049054
2026/08/21 16:02:00,3.008283195280079
2026/08/21 16:03:00,3.225053750895848
2026/08/21 16:04:00,3.7185259296314825
2026/08/21 16:05:00,3.1999999999999997
2026/08/21 16:06:00,3.456605030817925
2026/08/21 16:07:00,2.875047917465291
2026/08/21 16:08:00,3.0348001534074798
2026/08/21 16:09:00,3.731467599533566
2026/08/21 16:10:00,3.0098382524595633
2026/08/21 16:11:00,3.5816022255909643
2026/08/21 16:12:00,2.9264144336429276
2026/08/21 16:13:00,3.506638458078595
2026/08/21 16:14:00,3.359957312701139
2026/08/21 16:15:00,3.183333333333333
2026/08/21 16:16:00,3.266666666666666
2026/08/21 16:17:00,2.9902712067701738
2026/08/21 16:18:00,3.2682463190542097
2026/08/21 16:19:00,3.398244240475754
2026/08/21 16:20:00,3.508450281676056
2026/08/21 16:21:00,3.2515715929365863
2026/08/21 16:22:00,2.9236356367028717
2026/08/21 16:23:00,5.741666666666666
2026/08/21 16:24:00,4.3770426198892824
2026/08/21 16:25:00,4.306323715599386
2026/08/21 16:26:00,3.1598079103581673
2026/08/21 16:27:00,2.9166666666666665
2026/08/21 16:28:00,3.273417848040114
2026/08/21 16:29:00,3.4183188541128215
2026/08/21 16:30:00,3.4833333333333334
2026/08/21 16:31:00,3.506638458078595
2026/08/21 16:32:00,3.0417173619560325
2026/08/21 16:33:00,3.2014940305475887
2026/08/21 16:34:00,3.5083333333333337
2026/08/21 16:35:00,3.358333333333333
2026/08/21 16:36:00,3.2583333333333333
2026/08/21 16:37:00,3.5741660279268173
2026/08/21 16:38:00,4.007398273736129
2026/08/21 16:39:00,3.6683785766691117
2026/08/21 16:40:00,3.0735656693543016
2026/08/21 16:41:00,3.6666666666666665
2026/08/21 16:42:00,3.191666666666667
2026/08/21 16:43:00,2.99306342960048
2026/08/21 16:44:00,3.4166666666666665
2026/08/21 16:45:00,3.7064800932866895
2026/08/21 16:46:00,3.2182758045689512
2026/08/21 16:47:00,3.1333333333333333
2026/08/21 16:48:00,3.006880007996135
2026/08/21 16:49:00,3.4433309432892565
2026/08/21 16:50:00,3.1318717931631905
2026/08/21 16:51:00,3.858269028849519
2026/08/21 16:52:00,2.941666666666667
2026/08/21 16:53:00,5.791763196053268
2026/08/21 16:54:00,3.5433202161008466
2026/08/21 16:55:00,3.1318717931631905
2026/08/21 16:56:00,3.5265281622036215
2026/08/21 16:57:00,2.875095836527884
2026/08/21 16:58:00,2.9499016699443352
2026/08/21 16:59:00,3.340107949623509
2026/08/21 17:00:00,3.68517592129398
2026/08/21 17:01:00,3.725
2026/08/21 17:02:00,2.9568549058803932
2026/08/21 17:03:00,3.0514748795251037
2026/08/21 17:04:00,3.4666666666666663
2026/08/21 17:05:00,3.2234420030318676
2026/08/21 17:06:00,3.284921045171833
2026/08/21 17:07:00,3.000050000833347
2026/08/21 17:08:00,3.1749470842152636
2026/08/21 17:09:00,3.5400146598254145
2026/08/21 17:10:00,3.2666122231296146
2026/08/21 17:11:00,3.516725278754646
2026/08/21 17:12:00,2.934751796701739
2026/08/21 17:13:00,3.0749999999999997
2026/08/21 17:14:00,3.625
2026/08/21 17:15:00,3.433333333333333
2026/08/21 17:16:00,3.216666666666667
2026/08/21 17:17:00,2.9499999999999997
2026/08/21 17:18:00,3
2026/08/21 17:19:00,3.4984257084312063
2026/08/21 17:20:00,3.6667277787963126
2026/08/21 17:21:00,3.2597458898856173
2026/08/21 17:22:00,2.8570952587212206
2026/08/21 17:23:00,4.476940007336513
2026/08/21 17:24:00,3.9149701795888445
2026/08/21 17:25:00,3.200053334222237
2026/08/21 17:26:00,3.2667211120185335
2026/08/21 17:27:00,2.8677181633265527
2026/08/21 17:28:00,2.9000966698889963
2026/08/21 17:29:00,3.5152605624416897
2026/08/21 17:30:00,3.141614306428226
2026/08/21 17:31:00,3.6348478532721966
2026/08/21 17:32:00,2.833333333333333
2026/08/21 17:33:00,3.248646397334444
2026/08/21 17:34:00,3.484785327219675
2026/08/21 17:35:00,3.258224725842472
2026/08/21 17:36:00,3.033434447814927
2026/08/21 17:37:00,2.8155873581793642
2026/08/21 17:38:00,3.0749999999999997
2026/08/21 17:39:00,3.458333333333333
2026/08/21 17:40:00,2.867765976957834
2026/08/21 17:41:00,3.3070656248438097
2026/08/21 17:42:00,2.5999566673888768
2026/08/21 17:43:00,3.418033880218754
2026/08/21 17:44:00,3.4166666666666665
2026/08/21 17:45:00,3.365264473136193
2026/08/21 17:46:00,3.117965819091288
2026/08/21 17:47:00,2.8249999999999997
2026/08/21 17:48:00,3.058333333333333
2026/08/21 17:49:00,3.5666666666666664
2026/08/21 17:50:00,3.0166666666666666
2026/08/21 17:51:00,3.3750000000000004
2026/08/21 17:52:00,2.8321532694710534
2026/08/21 17:53:00,4.551896623593164
2026/08/21 17:54:00,3.766666666666666
2026/08/21 17:55:00,3.3666666666666663
2026/08/21 17:56:00,2.791666666666667
2026/08/21 17:57:00,3.023790483806477
2026/08/21 17:58:00,2.9333822230370505
2026/08/21 17:59:00,3.267919369091485
2026/08/21 18:00:00,3.3819241982507293
2026/08/21 18:01:00,3.6598582742809502
2026/08/21 18:02:00,3.058333333333333
2026/08/21 18:03:00,2.933333333333333
2026/08/21 18:04:00,3.3750000000000004
2026/08/21 18:05:00,3.183333333333333
2026/08/21 18:06:00,3.290350526456084
2026/08/21 18:07:00,3.067893824196345
2026/08/21 18:08:00,2.9499999999999997
2026/08/21 18:09:00,3.4833333333333334
2026/08/21 18:10:00,3.2319328291073868
2026/08/21 18:11:00,3.8933537866408776
2026/08/21 18:12:00,3.165295038816513
2026/08/21 18:13:00,3.1513655917564276
2026/08/21 18:14:00,3.540191586838817
2026/08/21 18:15:00,3.10962901208837
2026/08/21 18:16:00,3.431903373594335
2026/08/21 18:17:00,2.8011671529804083
2026/08/21 18:18:00,3.082049146189088
2026/08/21 18:19:00,3.266666666666666
2026/08/21 18:20:00,2.8666666666666667
2026/08/21 18:21:00,3.4597749062109213
2026/08/21 18:22:00,2.975
2026/08/21 18:23:00,4.466666666666666
2026/08/21 18:24:00,3.798354046579815
2026/08/21 18:25:00,3.0332827786203564
2026/08/21 18:26:00,3.5932836443066045
2026/08/21 18:27:00,2.8904141538666575
2026/08/21 18:28:00,2.9512788875179243
2026/08/21 18:29:00,3.240316534777176
2026/08/21 18:30:00,3.7082715288078534
2026/08/21 18:31:00,3.3181045119551804
2026/08/21 18:32:00,2.8487655349348615
2026/08/21 18:33:00,3.0332827786203564
2026/08/21 18:34:00,3.366554448185061
2026/08/21 18:35:00,3.1751587579378966
2026/08/21 18:36:00,3.418147864074432
2026/08/21 18:37:00,2.8488129945855896
2026/08/21 18:38:00,3.0095873280533554
2026/08/21 18:39:00,3.3819241982507293
2026/08/21 18:40:00,3
2026/08/21 18:41:00,3.984993747394748
2026/08/21 18:42:00,2.8321532694710534
2026/08/21 18:43:00,3.058333333333333
2026/08/21 18:44:00,3.3513964151729883
2026/08/21 18:45:00,3.490270558443289
2026/08/21 18:46:00,3.2999450009166513
2026/08/21 18:47:00,3.0179241350562735
2026/08/21 18:48:00,2.8249999999999997
2026/08/21 18:49:00,3.25
2026/08/21 18:50:00,3.1
2026/08/21 18:51:00,3.358333333333333
2026/08/21 18:52:00,2.858333333333333
2026/08/21 18:53:00,5.608333333333333
2026/08/21 18:54:00,3.6485405837664935
2026/08/21 18:55:00,3.1333333333333333
2026/08/21 18:56:00,3.1083333333333334
2026/08/21 18:57:00,2.892823796185141
2026/08/21 18:58:00,2.833333333333333
2026/08/21 18:59:00,3.216666666666667
2026/08/21 19:00:00,3.623550579768093
2026/08/21 19:01:00,3.2583333333333333
2026/08/21 19:02:00,2.892823796185141
2026/08/21 19:03:00,2.965480474476876
2026/08/21 19:04:00,3.6097772442310254
2026/08/21 19:05:00,2.9238791796478014
2026/08/21 19:06:00,3.1595444920552875
2026/08/21 19:07:00,2.908333333333333
2026/08/21 19:08:00,2.8666666666666667
2026/08/21 19:09:00,3.5416666666666665
2026/08/21 19:10:00,3.182166538935723
2026/08/21 19:11:00,3.192837373703691
2026/08/21 19:12:00,2.840625104128486
2026/08/21 19:13:00,3.1
2026/08/21 19:14:00,3.5429066840060686
2026/08/21 19:15:00,3.090584961929991
2026/08/21 19:16:00,3.251192103771383
2026/08/21 19:17:00,2.8666666666666667
2026/08/21 19:18:00,3.05
2026/08/21 19:19:00,3.216666666666667
2026/08/21 19:20:00,2.973860020325542
2026/08/21 19:21:00,3.5096787101722327
2026/08/21 19:22:00,2.973860020325542
2026/08/21 19:23:00,4.708411806863447
2026/08/21 19:24:00,3.7013571642935745
2026/08/21 19:25:00,3.415357446312247
2026/08/21 19:26:00,3.4250000000000003
2026/08/21 19:27:00,2.9928139119996
2026/08/21 19:28:00,3.216666666666667
2026/08/21 19:29:00,3.157175702242511
2026/08/21 19:30:00,3.5262929740904996
2026/08/21 19:31:00,3.1
2026/08/21 19:32:00,3.0666666666666664
2026/08/21 19:33:00,3.1333333333333333
2026/08/21 19:34:00,3.2155412272371335
2026/08/21 19:35:00,3.3678454125610626
2026/08/21 19:36:00,2.7573682544442777
2026/08/21 19:37:00,2.8343253472048553
2026/08/21 19:38:00,2.873946219719436
2026/08/21 19:39:00,3.2095101537230315
2026/08/21 19:40:00,3.158333333333333
2026/08/21 19:41:00,3.266666666666666
2026/08/21 19:42:00,3.058333333333333
2026/08/21 19:43:00,2.948967861248563
2026/08/21 19:44:00,3.2344653962220113
2026/08/21 19:45:00,3.7653487945885606
2026/08/21 19:46:00,2.808333333333333
2026/08/21 19:47:00,3.0500508341805697
2026/08/21 19:48:00,2.849952500791653
2026/08/21 19:49:00,3.092697565855285
2026/08/21 19:50:00,2.99171652860881
2026/08/21 19:51:00,3.590410023158561
2026/08/21 19:52:00,3.0666666666666664
2026/08/21 19:53:00,4.576601810633721
2026/08/21 19:54:00,3.5083333333333337
2026/08/21 19:55:00,3.5000000000000004
2026/08/21 19:56:00,3.216666666666667
2026/08/21 19:57:00,2.933333333333333
2026/08/21 19:58:00,2.8833333333333333
2026/08/21 19:59:00,3.191666666666667
2026/08/21 20:00:00,3.241666666666667
2026/08/21 20:01:00,3.890369876707764
2026/08/21 20:02:00,3.159386462154051
2026/08/21 20:03:00,3.025
2026/08/21 20:04:00,3.35
2026/08/21 20:05:00,3.5238841033672665
2026/08/21 20:06:00,3.0092862739867625
2026/08/21 20:07:00,2.990719605458271
2026/08/21 20:08:00,3.109317950684383
2026/08/21 20:09:00,3.408333333333333
2026/08/21 20:10:00,3.1
2026/08/21 20:11:00,3.408333333333333
2026/08/21 20:12:00,2.8658069245892897
2026/08/21 20:13:00,2.941666666666667
2026/08/21 20:14:00,3.33433363342336
2026/08/21 20:15:00,3.241666666666667
2026/08/21 20:16:00,3.0833333333333335
2026/08/21 20:17:00,2.765836915591989
2026/08/21 20:18:00,2.966716111935199
2026/08/21 20:19:00,3.2332255591480283
2026/08/21 20:20:00,3.0500508341805697
2026/08/21 20:21:00,3.476042812843853
2026/08/21 20:22:00,2.775
2026/08/21 20:23:00,4.45
2026/08/21 20:24:00,3.641666666666666
2026/08/21 20:25:00,2.941666666666667
2026/08/21 20:26:00,3.3666666666666663
2026/08/21 20:27:00,2.765836915591989
2026/08/21 20:28:00,3.0083333333333333
2026/08/21 20:29:00,3.3593411356740357
2026/08/21 20:30:00,3.0833333333333335
2026/08/21 20:31:00,3.515611983071745
2026/08/21 20:32:00,2.717481911240039
2026/08/21 20:33:00,2.983333333333333
2026/08/21 20:34:00,3.5739278216535038
2026/08/21 20:35:00,2.875862758827648
2026/08/21 20:36:00,3.0916666666666663
2026/08/21 20:37:00,2.7908294178413144
2026/08/21 20:38:00,3.058333333333333
2026/08/21 20:39:00,3.5000000000000004
2026/08/21 20:40:00,2.8833333333333333
2026/08/21 20:41:00,3.3760128038411525
2026/08/21 20:42:00,2.7416666666666663
2026/08/21 20:43:00,3
2026/08/21 20:44:00,3.7572061714818887
2026/08/21 20:45:00,3.45
2026/08/21 20:46:00,2.775
2026/08/21 20:47:00,2.7833797229953836
2026/08/21 20:48:00,2.9499999999999997
2026/08/21 20:49:00,3.125
2026/08/21 20:50:00,3.034193021356051
2026/08/21 20:51:00,3.2582790286828556
2026/08/21 20:52:00,2.7750462507708464
2026/08/21 20:53:00,5.498442108069381
2026/08/21 20:54:00,3.7093843255589087
2026/08/21 20:55:00,2.875
2026/08/21 20:56:00,3.024143159438159
2026/08/21 20:57:00,2.791666666666667
2026/08/21 20:58:00,3.025857326242435
2026/08/21 20:59:00,3.233333333333333
2026/08/21 21:00:00,3.0916666666666663
2026/08/21 21:01:00,3.724937917701371
2026/08/21 21:02:00,2.7992535323913623
2026/08/21 21:03:00,3.0916666666666663
2026/08/21 21:04:00,3.3666666666666663
2026/08/21 21:05:00,2.8833333333333333
2026/08/21 21:06:00,3.3342780454462093
2026/08/21 21:07:00,3.024143159438159
2026/08/21 21:08:00,2.8841505093109716
2026/08/21 21:09:00,3.5000000000000004
2026/08/21 21:10:00,2.9166666666666665
2026/08/21 21:11:00,3.391666666666666
2026/08/21 21:12:00,3.1416666666666666
2026/08/21 21:13:00,3.0407544403345663
2026/08/21 21:14:00,3.351005301590477
2026/08/21 21:15:00,3.2583333333333333
2026/08/21 21:16:00,3.1416666666666666
2026/08/21 21:17:00,3.0166666666666666
2026/08/21 21:18:00,2.841666666666667
2026/08/21 21:19:00,3.408333333333333
2026/08/21 21:20:00,3.15
2026/08/21 21:21:00,3.233333333333333
2026/08/21 21:22:00,2.8249999999999997
2026/08/21 21:23:00,4.357171420954412
2026/08/21 21:24:00,3.5749999999999997
2026/08/21 21:25:00,2.9674579887970123
2026/08/21 21:26:00,3.282458011197014
2026/08/21 21:27:00,2.7340624166444383
2026/08/21 21:28:00,2.8
2026/08/21 21:29:00,3.124166888829645
2026/08/21 21:30:00,2.992464657241931
2026/08/21 21:31:00,3.766666666666666
2026/08/21 21:32:00,2.6999999999999997
2026/08/21 21:33:00,2.908333333333333
2026/08/21 21:34:00,3.3324446814182878
2026/08/21 21:35:00,3.150840224059749
2026/08/21 21:36:00,3.225
2026/08/21 21:37:00,2.85
2026/08/21 21:38:00,2.966666666666667
2026/08/21 21:39:00,3.340775793121834
2026/08/21 21:40:00,3.442584689250467
2026/08/21 21:41:00,3.125
2026/08/21 21:42:00,3.1416666666666666
2026/08/21 21:43:00,2.9499999999999997
2026/08/21 21:44:00,3.391666666666666
2026/08/21 21:45:00,3.516666666666666
2026/08/21 21:46:00,3.2583333333333333
2026/08/21 21:47:00,2.8825646494268193
2026/08/21 21:48:00,2.900773539610563
2026/08/21 21:49:00,3.5249999999999995
2026/08/21 21:50:00,3.158333333333333
2026/08/21 21:51:00,3.3249999999999997
2026/08/21 21:52:00,2.75
2026/08/21 21:53:00,4.3238469741402294
2026/08/21 21:54:00,3.659309149106428
2026/08/21 21:55:00,2.925
2026/08/21 21:56:00,3.065900191618762
2026/08/21 21:57:00,2.76735850629324
2026/08/21 21:58:00,2.7990669776741086
2026/08/21 21:59:00,3.358613217768147
2026/08/21 22:00:00,3.1591231141118614
2026/08/21 22:01:00,3.625
2026/08/21 22:02:00,2.7493126718320418
2026/08/21 22:03:00,2.8916666666666666
2026/08/21 22:04:00,3.475811022571933
2026/08/21 22:05:00,3.0417173619560325
2026/08/21 22:06:00,3.225
2026/08/21 22:07:00,2.75
2026/08/21 22:08:00,2.8409564275597767
2026/08/21 22:09:00,3.625
2026/08/21 22:10:00,2.9507376844211053
2026/08/21 22:11:00,3.308333333333333
2026/08/21 22:12:00,3.0749999999999997
2026/08/21 22:13:00,3.183333333333333
2026/08/21 22:14:00,3.308333333333333
2026/08/21 22:15:00,3.124166888829645
2026/08/21 22:16:00,3.1250520842014033
2026/08/21 22:17:00,2.809035592231391
2026/08/21 22:18:00,3.0166666666666666
2026/08/21 22:19:00,3.408333333333333
2026/08/21 22:20:00,3.0083333333333333
2026/08/21 22:21:00,3.290843955677747
2026/08/21 22:22:00,2.7333333333333334
2026/08/21 22:23:00,5.475
2026/08/21 22:24:00,4.375
2026/08/21 22:25:00,3.83429190630991
2026/08/21 22:26:00,3.4250000000000003
2026/08/21 22:27:00,2.7410270936781416
2026/08/21 22:28:00,3.158333333333333
2026/08/21 22:29:00,3.3341112926349483
2026/08/21 22:30:00,3.233333333333333
2026/08/21 22:31:00,3.2916666666666665
2026/08/21 22:32:00,2.6833333333333336
2026/08/21 22:33:00,3.1159396140900455
2026/08/21 22:34:00,3.125729336845264
2026/08/21 22:35:00,3.216666666666667
2026/08/21 22:36:00,2.833333333333333
2026/08/21 22:37:00,3.0992768354050724
2026/08/21 22:38:00,3.0090354416030407
2026/08/21 22:39:00,3.358333333333333
2026/08/21 22:40:00,2.8909921018429037
2026/08/21 22:41:00,3.4166666666666665
2026/08/21 22:42:00,2.983333333333333
2026/08/21 22:43:00,3.017370719834628
2026/08/21 22:44:00,3.2575732329123204
2026/08/21 22:45:00,3.4166666666666665
2026/08/21 22:46:00,2.892341546360817
2026/08/21 22:47:00,2.965974605925284
2026/08/21 22:48:00,2.7673123728870066
2026/08/21 22:49:00,3.125
2026/08/21 22:50:00,3.3833333333333333
2026/08/21 22:51:00,3.074282667377612
2026/08/21 22:52:00,2.958333333333333
2026/08/21 22:53:00,5.492948354616077
2026/08/21 22:54:00,3.3833333333333333
2026/08/21 22:55:00,3.0416666666666665
2026/08/21 22:56:00,3.299230179624754
2026/08/21 22:57:00,2.8840062681292298
2026/08/21 22:58:00,2.9499999999999997
2026/08/21 22:59:00,3.0659512780351252
2026/08/21 23:00:00,3.1840762844663755
2026/08/21 23:01:00,3.590828806611791
2026/08/21 23:02:00,2.792318207581769
2026/08/21 23:03:00,2.816666666666667
2026/08/21 23:04:00,3.4325324091045424
2026/08/21 23:05:00,3.1924115626979632
2026/08/21 23:06:00,3.107556444222278
2026/08/21 23:07:00,2.8249999999999997
2026/08/21 23:08:00,2.816666666666667
2026/08/21 23:09:00,3.1999999999999997
2026/08/21 23:10:00,3.1
2026/08/21 23:11:00,3.6583333333333337
2026/08/21 23:12:00,2.8833333333333333
2026/08/21 23:13:00,2.875
2026/08/21 23:14:00,3.225806451612903
2026/08/21 23:15:00,3.3
2026/08/21 23:16:00,3.225
2026/08/21 23:17:00,2.815962675997667
2026/08/21 23:18:00,2.7506876719179796
2026/08/21 23:19:00,3.1908689494293094
2026/08/21 23:20:00,2.9924147703592565
2026/08/21 23:21:00,3.241666666666667
2026/08/21 23:22:00,2.8742335377232737
2026/08/21 23:23:00,4.4667411123518725
2026/08/21 23:24:00,3.634241893806785
2026/08/21 23:25:00,3.1158357771260996
2026/08/21 23:26:00,3.32588690317418
2026/08/21 23:27:00,3.0741802186083707
2026/08/21 23:28:00,2.9174446519071755
2026/08/21 23:29:00,3.2074780058651022
2026/08/21 23:30:00,3.5676180314750603
2026/08/21 23:31:00,3.0916666666666663
2026/08/21 23:32:00,2.841666666666667
2026/08/21 23:33:00,3.183333333333333
2026/08/21 23:34:00,3.3
2026/08/21 23:35:00,3.125
2026/08/21 23:36:00,3.0666666666666664
2026/08/21 23:37:00,2.8825646494268193
2026/08/21 23:38:00,2.8174179781275006
2026/08/21 23:39:00,3.5833333333333335
2026/08/21 23:40:00,2.925
2026/08/21 23:41:00,3.3166666666666664
2026/08/21 23:42:00,2.8492402026126364
2026/08/21 23:43:00,2.942451320352094
2026/08/21 23:44:00,3.58237803252466
2026/08/21 23:45:00,3.5342758068818347
2026/08/21 23:46:00,3.1666666666666665
2026/08/21 23:47:00,2.840909090909091
2026/08/21 23:48:00,2.858333333333333
2026/08/21 23:49:00,3.4175780208055477
2026/08/21 23:50:00,2.925
2026/08/21 23:51:00,3.540722474006931
2026/08/21 23:52:00,2.859095758869032
2026/08/21 23:53:00,4.683333333333333
2026/08/21 23:54:00,3.6999999999999997
2026/08/21 23:55:00,3.0241935483870965
2026/08/21 23:56:00,3.342558015470792
2026/08/21 23:57:00,2.875
2026/08/21 23:58:00,2.8833333333333333
2026/08/21 23:59:00,3.4666666666666663
2026/08/22 00:00:00,3.433333333333333
2026/08/22 00:01:00,3.840706490044156
2026/08/22 00:02:00,2.9666172230462826
2026/08/22 00:03:00,3.2341957855428114
2026/08/22 00:04:00,3.3833333333333333
2026/08/22 00:05:00,3.2741814546363406
2026/08/22 00:06:00,3.2424772859881634
2026/08/22 00:07:00,2.983333333333333
2026/08/22 00:08:00,2.85
2026/08/22 00:09:00,3.4000000000000004
2026/08/22 00:10:00,3.0749999999999997
2026/08/22 00:11:00,3.5999999999999996
2026/08/22 00:12:00,2.8833333333333333
2026/08/22 00:13:00,3.3157824580111965
2026/08/22 00:14:00,3.4759269138436917
2026/08/22 00:15:00,3.0416666666666665
2026/08/22 00:16:00,3.3
2026/08/22 00:17:00,2.9158890962410022
2026/08/22 00:18:00,3.1258335556148307
2026/08/22 00:19:00,3.2916666666666665
2026/08/22 00:20:00,2.965875766462277
2026/08/22 00:21:00,3.384235796212323
2026/08/22 00:22:00,3.0416666666666665
2026/08/22 00:23:00,4.5249999999999995
2026/08/22 00:24:00,3.6833333333333336
2026/08/22 00:25:00,3.1492126968257934
2026/08/22 00:26:00,3.158333333333333
2026/08/22 00:27:00,3.1924647828623822
2026/08/22 00:28:00,3.1666666666666665
2026/08/22 00:29:00,3.2491877030742313
2026/08/22 00:30:00,3.5833333333333335
2026/08/22 00:31:00,3.050762690672668
2026/08/22 00:32:00,3.05
2026/08/22 00:33:00,3.0159126884945433
2026/08/22 00:34:00,3.3508377094273567
2026/08/22 00:35:00,3.0083333333333333
2026/08/22 00:36:00,3.0833333333333335
2026/08/22 00:37:00,2.940931433808214
2026/08/22 00:38:00,2.9507376844211053
2026/08/22 00:39:00,3.4408064650504038
2026/08/22 00:40:00,3.0340918562974077
2026/08/22 00:41:00,3.6833333333333336
2026/08/22 00:42:00,2.757643922352745
2026/08/22 00:43:00,3.009085604734517
2026/08/22 00:44:00,3.4166666666666665
2026/08/22 00:45:00,3.2408564525535284
2026/08/22 00:46:00,3.3008252063015755
2026/08/22 00:47:00,2.975
2026/08/22 00:48:00,2.8916666666666666
2026/08/22 00:49:00,3.224193951512122
2026/08/22 00:50:00,3.241720695344923
2026/08/22 00:51:00,3.217417397392725
2026/08/22 00:52:00,2.766666666666666
2026/08/22 00:53:00,5.791666666666666
2026/08/22 00:54:00,3.625
2026/08/22 00:55:00,3.0749999999999997
2026/08/22 00:56:00,3.275
2026/08/22 00:57:00,2.816009597760522
2026/08/22 00:58:00,3.0840529456873274
2026/08/22 00:59:00,3.266666666666666
2026/08/22 01:00:00,3.2825674009397807
2026/08/22 01:01:00,3.5674990831193942
2026/08/22 01:02:00,2.75
2026/08/22 01:03:00,2.975
2026/08/22 01:04:00,3.5000000000000004
2026/08/22 01:05:00,3.0826140567200984
2026/08/22 01:06:00,3.1340646150768516
2026/08/22 01:07:00,2.791666666666667
2026/08/22 01:08:00,2.89932349118539
2026/08/22 01:09:00,3.3924582402560595
2026/08/22 01:10:00,3.025
2026/08/22 01:11:00,3.4250000000000003
2026/08/22 01:12:00,2.774398880242614
2026/08/22 01:13:00,2.850617633820661
2026/08/22 01:14:00,3.3742689084031796
2026/08/22 01:15:00,3.100671812225982
2026/08/22 01:16:00,3.15
2026/08/22 01:17:00,2.774398880242614
2026/08/22 01:18:00,2.808941937419774
2026/08/22 01:19:00,3.274290570376418
2026/08/22 01:20:00,2.9916666666666667
2026/08/22 01:21:00,3.300715154950239
2026/08/22 01:22:00,2.9160348591138585
2026/08/22 01:23:00,4.308333333333334
2026/08/22 01:24:00,3.891666666666667
2026/08/22 01:25:00,3.7916666666666665
2026/08/22 01:26:00,3.025655558704386
2026/08/22 01:27:00,2.7833333333333337
2026/08/22 01:28:00,2.8
2026/08/22 01:29:00,3.4250000000000003
2026/08/22 01:30:00,2.9576924999583425
2026/08/22 01:31:00,3.2916666666666665
2026/08/22 01:32:00,2.9089636087819026
2026/08/22 01:33:00,2.925
2026/08/22 01:34:00,3.7083333333333335
2026/08/22 01:35:00,3.0166666666666666
2026/08/22 01:36:00,3.1575965608024794
2026/08/22 01:37:00,2.791666666666667
2026/08/22 01:38:00,3.225053750895848
2026/08/22 01:39:00,4.449925834569424
2026/08/22 01:40:00,3.1507351715400262
2026/08/22 01:41:00,3.5159048872744236
2026/08/22 01:42:00,2.75893110173871
2026/08/22 01:43:00,2.849382633762685
2026/08/22 01:44:00,3.517428776234851
2026/08/22 01:45:00,3.3166666666666664
2026/08/22 01:46:00,3.0326762534784133
2026/08/22 01:47:00,2.7005851267774683
2026/08/22 01:48:00,2.983333333333333
2026/08/22 01:49:00,3.3324446814182878
2026/08/22 01:50:00,3.2091356172376426
2026/08/22 01:51:00,3.2083868064467738
2026/08/22 01:52:00,2.765929085577179
2026/08/22 01:53:00,4.6416666666666675
2026/08/22 01:54:00,3.766666666666666
2026/08/22 01:55:00,2.966666666666667
2026/08/22 01:56:00,3.341722362039367
2026/08/22 01:57:00,2.758287361877302
2026/08/22 01:58:00,3.059149106428381
2026/08/22 01:59:00,3.3166666666666664
2026/08/22 02:00:00,3.4740735803785654
2026/08/22 02:01:00,3.4091856297407683
2026/08/22 02:02:00,2.782637673914855
2026/08/22 02:03:00,3.1166666666666663
2026/08/22 02:04:00,3.6083333333333334
2026/08/22 02:05:00,3.0924913310216056
2026/08/22 02:06:00,3.05
2026/08/22 02:07:00,2.7833333333333337
2026/08/22 02:08:00,4.523793655025326
2026/08/22 02:09:00,3.9343825020005334
2026/08/22 02:10:00,3.3990935750466544
2026/08/22 02:11:00,3.059149106428381
2026/08/22 02:12:00,2.7416666666666663
2026/08/22 02:13:00,3.2074780058651022
2026/08/22 02:14:00,3.4342491331021607
2026/08/22 02:15:00,2.941666666666667
2026/08/22 02:16:00,3.0916666666666663
2026/08/22 02:17:00,2.8659024260197286
2026/08/22 02:18:00,2.9507376844211053
2026/08/22 02:19:00,3.4250000000000003
2026/08/22 02:20:00,2.8249999999999997
2026/08/22 02:21:00,3.224355128974205
2026/08/22 02:22:00,2.9166666666666665
2026/08/22 02:23:00,4.184239918649041
2026/08/22 02:24:00,3.682596813970539
2026/08/22 02:25:00,2.8589051143562045
2026/08/22 02:26:00,3.1083333333333334
2026/08/22 02:27:00,2.9
2026/08/22 02:28:00,2.8077249929182013
2026/08/22 02:29:00,3.216666666666667
2026/08/22 02:30:00,2.9006284695017253
2026/08/22 02:31:00,3.4992418309366298
2026/08/22 02:32:00,2.6833333333333336
2026/08/22 02:33:00,2.9339690266224348
2026/08/22 02:34:00,3.3833333333333333
2026/08/22 02:35:00,3.1416666666666666
2026/08/22 02:36:00,2.658333333333333
2026/08/22 02:37:00,3.0083333333333333
2026/08/22 02:38:00,2.908333333333333
2026/08/22 02:39:00,3.2916666666666665
2026/08/22 02:40:00,2.9499999999999997
2026/08/22 02:41:00,3.2576817969739387
2026/08/22 02:42:00,2.8672401146896047
2026/08/22 02:43:00,2.974355556296136
2026/08/22 02:44:00,3.23403404070882
2026/08/22 02:45:00,3.208333333333333
2026/08/22 02:46:00,3.2326329295319347
2026/08/22 02:47:00,2.75
2026/08/22 02:48:00,2.742260823178355
2026/08/22 02:49:00,3.3326667999733384
2026/08/22 02:50:00,3.1499475008749855
2026/08/22 02:51:00,3.209028622868288
2026/08/22 02:52:00,2.6999999999999997
2026/08/22 02:53:00,5.825
2026/08/22 02:54:00,3.7166666666666663
2026/08/22 02:55:00,3.45
2026/08/22 02:56:00,2.933333333333333
2026/08/22 02:57:00,2.9499999999999997
2026/08/22 02:58:00,2.925
2026/08/22 02:59:00,3.299285154883109
2026/08/22 03:00:00,3.5090936369546735
2026/08/22 03:01:00,3.8583333333333325
2026/08/22 03:02:00,2.849382633762685
2026/08/22 03:03:00,3.0589961158250953
2026/08/22 03:04:00,3.365993467973072
2026/08/22 03:05:00,3.4756951390278057
2026/08/22 03:06:00,3.1666666666666665
2026/08/22 03:07:00,3.033333333333333
2026/08/22 03:08:00,2.6416666666666666
2026/08/22 03:09:00,3.4916666666666663
2026/08/22 03:10:00,3.3
2026/08/22 03:11:00,3.649209337976771
2026/08/22 03:12:00,2.733925683898178
2026/08/22 03:13:00,2.958333333333333
2026/08/22 03:14:00,3.432589605585456
2026/08/22 03:15:00,3.208333333333333
2026/08/22 03:16:00,2.9673095837431442
2026/08/22 03:17:00,2.9166666666666665
2026/08/22 03:18:00,2.7660673520737173
2026/08/22 03:19:00,3.367396269191658
2026/08/22 03:20:00,3.241666666666667
2026/08/22 03:21:00,2.966666666666667
2026/08/22 03:22:00,2.7493584830206284
2026/08/22 03:23:00,4.550075834597243
2026/08/22 03:24:00,3.5333333333333337
2026/08/22 03:25:00,3.0833333333333335
2026/08/22 03:26:00,3.1506826479070464
2026/08/22 03:27:00,2.6833333333333336
2026/08/22 03:28:00,2.9826870844650326
2026/08/22 03:29:00,3.350055834263904
2026/08/22 03:30:00,3.0339401213576047
2026/08/22 03:31:00,3.3249999999999997
2026/08/22 03:32:00,2.7583333333333337
2026/08/22 03:33:00,3.099328478829587
2026/08/22 03:34:00,3.4257422441528997
2026/08/22 03:35:00,2.941666666666667
2026/08/22 03:36:00,3.0160131971406194
2026/08/22 03:37:00,2.85
2026/08/22 03:38:00,3.0840015336656275
2026/08/22 03:39:00,3.307616683052005
2026/08/22 03:40:00,3.3423908513511265
2026/08/22 03:41:00,3.0160634539758715
2026/08/22 03:42:00,2.7255451090218044
2026/08/22 03:43:00,3.024344725309516
2026/08/22 03:44:00,3.284044876389885
2026/08/22 03:45:00,3.1826967939745385
2026/08/22 03:46:00,3.3166666666666664
2026/08/22 03:47:00,2.7672201106888044
2026/08/22 03:48:00,2.975
2026/08/22 03:49:00,3.15
2026/08/22 03:50:00,2.8244351129774046
2026/08/22 03:51:00,3.125
2026/08/22 03:52:00,2.9499999999999997
2026/08/22 03:53:00,4.3508701740348075
2026/08/22 03:54:00,3.4833333333333334
2026/08/22 03:55:00,2.9166666666666665
2026/08/22 03:56:00,3.1416666666666666
2026/08/22 03:57:00,2.933333333333333
2026/08/22 03:58:00,2.908333333333333
2026/08/22 03:59:00,3.1083333333333334
2026/08/22 04:00:00,3.1333333333333333
2026/08/22 04:01:00,3.5249999999999995
2026/08/22 04:02:00,2.925
2026/08/22 04:03:00,2.9494101179764045
2026/08/22 04:04:00,3.4416666666666664
2026/08/22 04:05:00,2.9916666666666667
2026/08/22 04:06:00,3.2673201306928052
2026/08/22 04:07:00,2.7494501099780044
2026/08/22 04:08:00,2.7416209729837835
2026/08/22 04:09:00,3.2673745978295297
2026/08/22 04:10:00,3.333333333333333
2026/08/22 04:11:00,3.225
2026/08/22 04:12:00,2.7583333333333337
2026/08/22 04:13:00,2.908333333333333
2026/08/22 04:14:00,3.157701792974738
2026/08/22 04:15:00,3.6590651463626056
2026/08/22 04:16:00,2.941666666666667
2026/08/22 04:17:00,2.7244097112292334
2026/08/22 04:18:00,2.9006284695017253
2026/08/22 04:19:00,3.0833333333333335
2026/08/22 04:20:00,2.9166666666666665
2026/08/22 04:21:00,3.625
2026/08/22 04:22:00,3.058333333333333
2026/08/22 04:23:00,5.00724842950694
2026/08/22 04:24:00,4.108333333333333
2026/08/22 04:25:00,3.750812676079817
2026/08/22 04:26:00,3.233333333333333
2026/08/22 04:27:00,2.875
2026/08/22 04:28:00,2.7827767779777375
2026/08/22 04:29:00,3.058945122357805
2026/08/22 04:30:00,3.224355128974205
2026/08/22 04:31:00,3.508274862085632
2026/08/22 04:32:00,2.775
2026/08/22 04:33:00,2.9339690266224348
2026/08/22 04:34:00,3.216666666666667
2026/08/22 04:35:00,3.1076600069984837
2026/08/22 04:36:00,3.334055712070948
2026/08/22 04:37:00,2.7416666666666663
2026/08/22 04:38:00,2.816666666666667
2026/08/22 04:39:00,3.241666666666667
2026/08/22 04:40:00,3.1076600069984837
2026/08/22 04:41:00,3.217363762148465
2026/08/22 04:42:00,2.7410727675670272
2026/08/22 04:43:00,3.0916666666666663
2026/08/22 04:44:00,3.233333333333333
2026/08/22 04:45:00,3.4257422441528997
2026/08/22 04:46:00,3.032625720665178
2026/08/22 04:47:00,2.7667127785463093
2026/08/22 04:48:00,2.8589527731008384
2026/08/22 04:49:00,3.524177691871896
2026/08/22 04:50:00,2.983383056384273
2026/08/22 04:51:00,3.208333333333333
2026/08/22 04:52:00,2.850617633820661
2026/08/22 04:53:00,5.491666666666667
2026/08/22 04:54:00,3.458333333333333
2026/08/22 04:55:00,2.9916666666666667
2026/08/22 04:56:00,3.0916666666666663
2026/08/22 04:57:00,2.68275207038475
2026/08/22 04:58:00,2.8672879123810158
2026/08/22 04:59:00,3.47424724642994
2026/08/22 05:00:00,3.1581754245621054
2026/08/22 05:01:00,3.5092691384369163
2026/08/22 05:02:00,2.5661106760201955
2026/08/22 05:03:00,2.942304165902612
2026/08/22 05:04:00,3.3666666666666663
2026/08/22 05:05:00,3.4242580774165594
2026/08/22 05:06:00,2.7083333333333335
2026/08/22 05:07:00,2.758379306321772
2026/08/22 05:08:00,2.983283611939801
2026/08/22 05:09:00,3.1923583443079337
2026/08/22 05:10:00,2.9166666666666665
2026/08/22 05:11:00,3.415926549247663
2026/08/22 05:12:00,2.6839148482171136
2026/08/22 05:13:00,3.3408314588019663
2026/08/22 05:14:00,3.2916666666666665
2026/08/22 05:15:00,3.0916666666666663
2026/08/22 05:16:00,3.2674835375510543
2026/08/22 05:17:00,2.925
2026/08/22 05:18:00,2.8833333333333333
2026/08/22 05:19:00,3.3
2026/08/22 05:20:00,2.907606431725402
2026/08/22 05:21:00,3.4166666666666665
2026/08/22 05:22:00,3.12578144536134
2026/08/22 05:23:00,4.365575272848455
2026/08/22 05:24:00,3.4750579176319607
2026/08/22 05:25:00,2.933333333333333
2026/08/22 05:26:00,3.1007235021505015
2026/08/22 05:27:00,2.933333333333333
2026/08/22 05:28:00,3.0916666666666663
2026/08/22 05:29:00,3.1743122323496573
2026/08/22 05:30:00,3.317385433510594
2026/08/22 05:31:00,2.999350140802826
2026/08/22 05:32:00,3.008985280144031
2026/08/22 05:33:00,3.1
2026/08/22 05:34:00,3.1083333333333334
2026/08/22 05:35:00,3.0493393098162063
2026/08/22 05:36:00,3.2583333333333333
2026/08/22 05:37:00,2.875623051661193
2026/08/22 05:38:00,2.875
2026/08/22 05:39:00,3.308333333333333
2026/08/22 05:40:00,3.249295985869728
2026/08/22 05:41:00,3.0833333333333335
2026/08/22 05:42:00,2.717255405337823
2026/08/22 05:43:00,2.891088448976871
2026/08/22 05:44:00,3.3249445842569285
2026/08/22 05:45:00,3.375731408471835
2026/08/22 05:46:00,3.124323063336277
2026/08/22 05:47:00,2.7005851267774683
2026/08/22 05:48:00,2.808333333333333
2026/08/22 05:49:00,3.333333333333333
2026/08/22 05:50:00,2.833333333333333
2026/08/22 05:51:00,3.3833333333333333
2026/08/22 05:52:00,2.8744251149770044
2026/08/22 05:53:00,4.141597640039333
2026/08/22 05:54:00,3.5340990547952056
2026/08/22 05:55:00,3.0416666666666665
2026/08/22 05:56:00,2.966024028127239
2026/08/22 05:57:00,2.717255405337823
2026/08/22 05:58:00,2.907654880527877
2026/08/22 05:59:00,3.217417397392725
2026/08/22 06:00:00,3.524177691871896
2026/08/22 06:01:00,3.183333333333333
2026/08/22 06:02:00,2.675624312339546
2026/08/22 06:03:00,2.8326723764454957
2026/08/22 06:04:00,3.559163804887807
2026/08/22 06:05:00,3.3240581835146705
2026/08/22 06:06:00,3.191666666666667
2026/08/22 06:07:00,2.833333333333333
2026/08/22 06:08:00,2.6924295216978145
2026/08/22 06:09:00,3.3833333333333333
2026/08/22 06:10:00,3.1907626172584433
2026/08/22 06:11:00,3.641605973233779
2026/08/22 06:12:00,2.8249999999999997
2026/08/22 06:13:00,3.0092361041645828
2026/08/22 06:14:00,3.4833333333333334
2026/08/22 06:15:00,3.266666666666666
2026/08/22 06:16:00,3.3833333333333333
2026/08/22 06:17:00,2.8657591762608505
2026/08/22 06:18:00,2.925
2026/08/22 06:19:00,3.4416666666666664
2026/08/22 06:20:00,3.3260532501958955
2026/08/22 06:21:00,3.3906494718251188
2026/08/22 06:22:00,3.0666666666666664
2026/08/22 06:23:00,4.451335400620186
2026/08/22 06:24:00,3.8333333333333326
2026/08/22 06:25:00,3.0407037771372396
2026/08/22 06:26:00,3.15
2026/08/22 06:27:00,2.992614327870492
2026/08/22 06:28:00,2.833333333333333
2026/08/22 06:29:00,3.35
2026/08/22 06:30:00,3.033333333333333
2026/08/22 06:31:00,3.5333333333333337
2026/08/22 06:32:00,2.791666666666667
2026/08/22 06:33:00,3.1573861174980835
2026/08/22 06:34:00,3.5083333333333337
2026/08/22 06:35:00,3.4666088898518357
2026/08/22 06:36:00,2.933333333333333
2026/08/22 06:37:00,2.85
2026/08/22 06:38:00,2.8759107050566013
2026/08/22 06:39:00,3.6904980089638277
2026/08/22 06:40:00,3.05
2026/08/22 06:41:00,3.5427885497074074
2026/08/22 06:42:00,2.833333333333333
2026/08/22 06:43:00,3.1240627811656503
2026/08/22 06:44:00,3.3750000000000004
2026/08/22 06:45:00,3.100930279083725
2026/08/22 06:46:00,3.4750000000000005
2026/08/22 06:47:00,2.816666666666667
2026/08/22 06:48:00,3.215701956079843
2026/08/22 06:49:00,3.2759827948384515
2026/08/22 06:50:00,2.9407844313372653
2026/08/22 06:51:00,3.4260278083425026
2026/08/22 06:52:00,3.0324236062514576
2026/08/22 06:53:00,5.910106365242906
2026/08/22 06:54:00,3.5823183431361114
2026/08/22 06:55:00,3.025806881835156
2026/08/22 06:56:00,3.38237499375177
2026/08/22 06:57:00,3.117601947250842
2026/08/22 06:58:00,2.9074126526599913
2026/08/22 06:59:00,3.2760374118470845
2026/08/22 07:00:00,3.240640463853113
2026/08/22 07:01:00,3.7761957953351897
2026/08/22 07:02:00,3.099070278916325
2026/08/22 07:03:00,3.0092361041645828
2026/08/22 07:04:00,3.4416666666666664
2026/08/22 07:05:00,3.308333333333333
2026/08/22 07:06:00,2.925
2026/08/22 07:07:00,3.333333333333333
2026/08/22 07:08:00,2.858333333333333
2026/08/22 07:09:00,3.4155850647295023
2026/08/22 07:10:00,2.9166666666666665
2026/08/22 07:11:00,3.592804388056218
2026/08/22 07:12:00,2.9074126526599913
2026/08/22 07:13:00,3.0759740584518434
2026/08/22 07:14:00,3.5833333333333335
2026/08/22 07:15:00,3.15
2026/08/22 07:16:00,3.34060880721105
2026/08/22 07:17:00,2.959270435637952
2026/08/22 07:18:00,2.9166666666666665
2026/08/22 07:19:00,3.1490552834149756
2026/08/22 07:20:00,3.008283195280079
2026/08/22 07:21:00,3.726179956986379
2026/08/22 07:22:00,2.9324047384994754
2026/08/22 07:23:00,4.40139377469532
2026/08/22 07:24:00,3.65
2026/08/22 07:25:00,3.565537579766407
2026/08/22 07:26:00,3.3427251963121654
2026/08/22 07:27:00,2.933333333333333
2026/08/22 07:28:00,2.8907994268386146
2026/08/22 07:29:00,3.2166130564490594
2026/08/22 07:30:00,3.150052500875015
2026/08/22 07:31:00,3.5666072232129458
2026/08/22 07:32:00,3.025
2026/08/22 07:33:00,3.1176539237425183
2026/08/22 07:34:00,3.358333333333333
2026/08/22 07:35:00,3.4166666666666665
2026/08/22 07:36:00,3.0166666666666666
2026/08/22 07:37:00,2.9
2026/08/22 07:38:00,2.849145256423073
2026/08/22 07:39:00,3.4416666666666664
2026/08/22 07:40:00,3.0009002700810243
2026/08/22 07:41:00,3.357326135492685
2026/08/22 07:42:00,2.925877763328999
2026/08/22 07:43:00,3.033333333333333
2026/08/22 07:44:00,3.5655969875703954
2026/08/22 07:45:00,3.2509752925877766
2026/08/22 07:46:00,3.115783861239315
2026/08/22 07:47:00,2.8341363386292784
2026/08/22 07:48:00,2.899951667472209
2026/08/22 07:49:00,3.7167286121435352
2026/08/22 07:50:00,2.908333333333333
2026/08/22 07:51:00,3.33233363324336
2026/08/22 07:52:00,2.7750462507708464
2026/08/22 07:53:00,4.7333333333333325
2026/08/22 07:54:00,3.542670423286598
2026/08/22 07:55:00,2.966666666666667
2026/08/22 07:56:00,3.0907909425662727
2026/08/22 07:57:00,2.7757864728339694
2026/08/22 07:58:00,2.933333333333333
2026/08/22 07:59:00,3.4666666666666663
2026/08/22 08:00:00,3.3249999999999997
2026/08/22 08:01:00,3.5499999999999994
2026/08/22 08:02:00,2.815868837162804
2026/08/22 08:03:00,3.067484662576687
2026/08/22 08:04:00,3.457411356971474
2026/08/22 08:05:00,3.0675358018105126
2026/08/22 08:06:00,3.3416666666666663
2026/08/22 08:07:00,2.7333333333333334
2026/08/22 08:08:00,3.158333333333333
2026/08/22 08:09:00,3.3833333333333333
2026/08/22 08:10:00,3.233333333333333
2026/08/22 08:11:00,3.265795787789923
2026/08/22 08:12:00,2.725
2026/08/22 08:13:00,3.1758468925046675
2026/08/22 08:14:00,3.3824313516395628
2026/08/22 08:15:00,3.3092157908775675
2026/08/22 08:16:00,2.8159157557984535
2026/08/22 08:17:00,2.7757401973859697
2026/08/22 08:18:00,3.308333333333333
2026/08/22 08:19:00,3.2075314504707158
2026/08/22 08:20:00,2.867383512544803
2026/08/22 08:21:00,3.391666666666666
2026/08/22 08:22:00,2.975
2026/08/22 08:23:00,4.715487794717987
2026/08/22 08:24:00,3.484204384429441
2026/08/22 08:25:00,2.975
2026/08/22 08:26:00,3.1333333333333333
2026/08/22 08:27:00,2.9499999999999997
2026/08/22 08:28:00,2.7333333333333334
2026/08/22 08:29:00,3.4082765287245214
2026/08/22 08:30:00,2.941715695261588
2026/08/22 08:31:00,3.4666666666666663
2026/08/22 08:32:00,2.982537989869368
2026/08/22 08:33:00,2.966666666666667
2026/08/22 08:34:00,3.6167269454490905
2026/08/22 08:35:00,2.934066850045845
2026/08/22 08:36:00,3.183333333333333
2026/08/22 08:37:00,2.965925185370324
2026/08/22 08:38:00,2.85
2026/08/22 08:39:00,3.5833333333333335
2026/08/22 08:40:00,3.1007751937984493
2026/08/22 08:41:00,3.4074814629675916
2026/08/22 08:42:00,2.934066850045845
2026/08/22 08:43:00,2.925
2026/08/22 08:44:00,3.433333333333333
2026/08/22 08:45:00,3.4250000000000003
2026/08/22 08:46:00,3.3741002399360167
2026/08/22 08:47:00,2.7924113096825818
2026/08/22 08:48:00,3.0833333333333335
2026/08/22 08:49:00,3.3241135697147426
2026/08/22 08:50:00,2.942451320352094
2026/08/22 08:51:00,3.79905023744064
2026/08/22 08:52:00,2.7256814203550888
2026/08/22 08:53:00,5.55
2026/08/22 08:54:00,3.6240335910423886
2026/08/22 08:55:00,3.4416666666666664
2026/08/22 08:56:00,2.9674579887970123
2026/08/22 08:57:00,2.75
2026/08/22 08:58:00,2.841666666666667
2026/08/22 08:59:00,3.4000000000000004
2026/08/22 09:00:00,3.15
2026/08/22 09:01:00,3.891666666666667
2026/08/22 09:02:00,2.807584644094908
2026/08/22 09:03:00,2.9507868765003997
2026/08/22 09:04:00,3.5083333333333337
2026/08/22 09:05:00,2.8989370564126484
2026/08/22 09:06:00,3.2503250325032504
2026/08/22 09:07:00,2.841666666666667
2026/08/22 09:08:00,2.7924113096825818
2026/08/22 09:09:00,3.4166666666666665
2026/08/22 09:10:00,3.5156705600079974
2026/08/22 09:11:00,3.0758714969241283
2026/08/22 09:12:00,2.775
2026/08/22 09:13:00,3.1405674680528484
2026/08/22 09:14:00,3.3595091615398722
2026/08/22 09:15:00,3.275
2026/08/22 09:16:00,3.157491335643828
2026/08/22 09:17:00,2.9174446519071755
2026/08/22 09:18:00,2.8491927287268606
2026/08/22 09:19:00,3.408333333333333
2026/08/22 09:20:00,3.2175783138555922
2026/08/22 09:21:00,3.3573820750787275
2026/08/22 09:22:00,2.7924578630612005
2026/08/22 09:23:00,4.591666666666667
2026/08/22 09:24:00,3.6833333333333336
2026/08/22 09:25:00,3.025
2026/08/22 09:26:00,3.233333333333333
2026/08/22 09:27:00,2.8325307829448323
2026/08/22 09:28:00,3.0175216311288193
2026/08/22 09:29:00,3.433333333333333
2026/08/22 09:30:00,3.225
2026/08/22 09:31:00,3.224140229272194
2026/08/22 09:32:00,2.867383512544803
2026/08/22 09:33:00,3.0583843064051064
2026/08/22 09:34:00,3.565656397354083
2026/08/22 09:35:00,3.309270960105363
2026/08/22 09:36:00,3.1907626172584433
2026/08/22 09:37:00,2.7833333333333337
2026/08/22 09:38:00,3.0175216311288193
2026/08/22 09:39:00,3.3491069048253803
2026/08/22 09:40:00,3.0174713256868495
2026/08/22 09:41:00,3.6073112618091545
2026/08/22 09:42:00,2.8841505093109716
2026/08/22 09:43:00,3.141614306428226
2026/08/22 09:44:00,3.3907624633431084
2026/08/22 09:45:00,3.6677058499908304
2026/08/22 09:46:00,3.183333333333333
2026/08/22 09:47:00,3.007431104002132
2026/08/22 09:48:00,3.1926244540028677
2026/08/22 09:49:00,3.3249999999999997
2026/08/22 09:50:00,3.215701956079843
2026/08/22 09:51:00,3.724937917701371
2026/08/22 09:52:00,3.0749999999999997
2026/08/22 09:53:00,4.841747362456041
2026/08/22 09:54:00,3.6666666666666665
2026/08/22 09:55:00,3.6999383343610943
2026/08/22 09:56:00,3.225
2026/08/22 09:57:00,3.216666666666667
2026/08/22 09:58:00,3.0009503009286274
2026/08/22 09:59:00,3.465569236408471
2026/08/22 10:00:00,3.567796468881813
2026/08/22 10:01:00,4.025
2026/08/22 10:02:00,3.1989336887704094
2026/08/22 10:03:00,2.9843281093697898
2026/08/22 10:04:00,3.5666666666666664
2026/08/22 10:05:00,3.4750000000000005
2026/08/22 10:06:00,3.308333333333333
2026/08/22 10:07:00,3.225
2026/08/22 10:08:00,3.2322559146951013
2026/08/22 10:09:00,3.5595198399466486
2026/08/22 10:10:00,3.3249999999999997
2026/08/22 10:11:00,3.591666666666667
2026/08/22 10:12:00,3.123958680439853
2026/08/22 10:13:00,3.1427142380793596
2026/08/22 10:14:00,3.7583333333333333
2026/08/22 10:15:00,3.5499999999999994
2026/08/22 10:16:00,3.4916666666666663
2026/08/22 10:17:00,3.9583333333333326
2026/08/22 10:18:00,3.6999999999999997
2026/08/22 10:19:00,3.690375035404275
2026/08/22 10:20:00,3.0416666666666665
2026/08/22 10:21:00,3.9
2026/08/22 10:22:00,3.275
2026/08/22 10:23:00,5.385218159689224
2026/08/22 10:24:00,4.325
2026/08/22 10:25:00,4.05691341363856
2026/08/22 10:26:00,4.0166666666666675
2026/08/22 10:27:00,2.9843778655862887
2026/08/22 10:28:00,3.1
2026/08/22 10:29:00,3.340497492544276
2026/08/22 10:30:00,3.6750612510208502
2026/08/22 10:31:00,3.7166666666666663
2026/08/22 10:32:00,3.1093697899299766
2026/08/22 10:33:00,3.1999999999999997
2026/08/22 10:34:00,3.5499999999999994
2026/08/22 10:35:00,3.373875374875042
2026/08/22 10:36:00,3.5416666666666665
2026/08/22 10:37:00,2.941666666666667
2026/08/22 10:38:00,3.1927309103034345
2026/08/22 10:39:00,3.4833333333333334
2026/08/22 10:40:00,3.2905149864214196
2026/08/22 10:41:00,3.725062084368073
2026/08/22 10:42:00,2.9426475491830613
2026/08/22 10:43:00,3.1572283034271336
2026/08/22 10:44:00,3.634605445239167
2026/08/22 10:45:00,4.325
2026/08/22 10:46:00,3.323892035988004
2026/08/22 10:47:00,2.9926642214071357
2026/08/22 10:48:00,3.0989670109963345
2026/08/22 10:49:00,3.3677892630876953
2026/08/22 10:50:00,3.390536487837387
2026/08/22 10:51:00,3.7929309769923303
2026/08/22 10:52:00,3.05
2026/08/22 10:53:00,6.016666666666667
2026/08/22 10:54:00,3.75
2026/08/22 10:55:00,3.44046250478999
2026/08/22 10:56:00,3.4416666666666664
2026/08/22 10:57:00,3.0260591206922425
2026/08/22 10:58:00,3.0573142285904695
2026/08/22 10:59:00,3.5749999999999997
2026/08/22 11:00:00,3.3927975991997332
2026/08/22 11:01:00,3.7987337554148617
2026/08/22 11:02:00,2.9916666666666667
2026/08/22 11:03:00,3.084361453817939
2026/08/22 11:04:00,3.5833333333333335
2026/08/22 11:05:00,3.183333333333333
2026/08/22 11:06:00,3.216666666666667
2026/08/22 11:07:00,3.025
2026/08/22 11:08:00,3.1155762149914197
2026/08/22 11:09:00,3.6583943065717768
2026/08/22 11:10:00,3.1416666666666666
2026/08/22 11:11:00,3.6428809603201064
2026/08/22 11:12:00,3.1489503498833717
2026/08/22 11:13:00,3.333333333333333
2026/08/22 11:14:00,3.667889296432144
2026/08/22 11:15:00,3.548817060979673
2026/08/22 11:16:00,3.283333333333333
2026/08/22 11:17:00,3.1083333333333334
2026/08/22 11:18:00,3.1760586862287425
2026/08/22 11:19:00,3.4833333333333334
2026/08/22 11:20:00,3.315561479506831
2026/08/22 11:21:00,3.5749999999999997
2026/08/22 11:22:00,3.3094364788262753
2026/08/22 11:23:00,4.656781072975675
2026/08/22 11:24:00,3.8012670890296767
2026/08/22 11:25:00,3.373875374875042
2026/08/22 11:26:00,3.426142047349116
2026/08/22 11:27:00,3.308333333333333
2026/08/22 11:28:00,3.233333333333333
2026/08/22 11:29:00,3.4239157600093297
2026/08/22 11:30:00,3.741729028817147
2026/08/22 11:31:00,3.0583843064051064
2026/08/22 11:32:00,3.200906923628361
2026/08/22 11:33:00,3.0499491675138746
2026/08/22 11:34:00,3.433390556509275
2026/08/22 11:35:00,2.9658263492010595
2026/08/22 11:36:00,3.3342780454462093
2026/08/22 11:37:00,3.132445807021344
2026/08/22 11:38:00,2.9258289848790486
2026/08/22 11:39:00,3.473957812656203
2026/08/22 11:40:00,2.975892767830349
2026/08/22 11:41:00,3.5821392869043653
2026/08/22 11:42:00,3.084258610916608
2026/08/22 11:43:00,3.5083333333333337
2026/08/22 11:44:00,3.632122625791403
2026/08/22 11:45:00,3.542847615871957
2026/08/22 11:46:00,3.5499999999999994
2026/08/22 11:47:00,3.1154204984672798
2026/08/22 11:48:00,3.126354753726615
2026/08/22 11:49:00,3.6833333333333336
2026/08/22 11:50:00,3.65
2026/08/22 11:51:00,3.5071058462871325
2026/08/22 11:52:00,3.226129145200821
2026/08/22 11:53:00,4.923276853101414
2026/08/22 11:54:00,3.891666666666667
2026/08/22 11:55:00,3.201120392137248
2026/08/22 11:56:00,3.740357541527132
2026/08/22 11:57:00,3.2177928941796297
2026/08/22 11:58:00,3.1655587211142766
2026/08/22 11:59:00,3.759649210557028
2026/08/22 12:00:00,3.6833333333333336
2026/08/22 12:01:00,3.6166666666666663
2026/08/22 12:02:00,3.0833333333333335
2026/08/22 12:03:00,3.165611462845718
2026/08/22 12:04:00,3.633393889898165
2026/08/22 12:05:00,3.642820226405028
2026/08/22 12:06:00,3.348939502490878
2026/08/22 12:07:00,3.201013654323869
2026/08/22 12:08:00,3.033333333333333
2026/08/22 12:09:00,3.7916666666666665
2026/08/22 12:10:00,3.7583333333333333
2026/08/22 12:11:00,3.3405531489503497
2026/08/22 12:12:00,3.175
2026/08/22 12:13:00,3.226075358452818
2026/08/22 12:14:00,3.9333333333333327
2026/08/22 12:15:00,3.15
2026/08/22 12:16:00,3.5238253915361546
2026/08/22 12:17:00,2.7342447482494165
2026/08/22 12:18:00,3.0906364545151614
2026/08/22 12:19:00,3.5928642880960324
2026/08/22 12:20:00,3.333333333333333
2026/08/22 12:21:00,3.1406197934021995
2026/08/22 12:22:00,3.0416666666666665
2026/08/22 12:23:00,4.651550516838946
2026/08/22 12:24:00,3.916666666666667
2026/08/22 12:25:00,3.433333333333333
2026/08/22 12:26:00,3.2583333333333333
2026/08/22 12:27:00,2.899033655448184
2026/08/22 12:28:00,3.291721528692145
2026/08/22 12:29:00,3.6083333333333334
2026/08/22 12:30:00,3.2843733849052197
2026/08/22 12:31:00,3.5333333333333337
2026/08/22 12:32:00,3.125
2026/08/22 12:33:00,3.4738999316882984
2026/08/22 12:34:00,3.609476334172488
2026/08/22 12:35:00,3.4750000000000005
2026/08/22 12:36:00,2.925
2026/08/22 12:37:00,3.074026558256552
2026/08/22 12:38:00,3.4927727113585965
2026/08/22 12:39:00,3.6833333333333336
2026/08/22 12:40:00,3.025
2026/08/22 12:41:00,3.615581992069046
2026/08/22 12:42:00,3.1426094495015167
2026/08/22 12:43:00,3.275
2026/08/22 12:44:00,3.732151485362968
2026/08/22 12:45:00,3.5833333333333335
2026/08/22 12:46:00,3.4416666666666664
2026/08/22 12:47:00,3.2426935196145443
2026/08/22 12:48:00,3
2026/08/22 12:49:00,3.433333333333333
2026/08/22 12:50:00,3.25
2026/08/22 12:51:00,3.8416666666666672
2026/08/22 12:52:00,3.1074011129994332
2026/08/22 12:53:00,5.833333333333333
2026/08/22 12:54:00,3.9761928578573573
2026/08/22 12:55:00,3.324002799160252
2026/08/22 12:56:00,3.3
2026/08/22 12:57:00,3.1676169517521924
2026/08/22 12:58:00,3.099070278916325
2026/08/22 12:59:00,3.4593711446767363
2026/08/22 13:00:00,3.7166666666666663
2026/08/22 13:01:00,3.4916666666666663
2026/08/22 13:02:00,3.15
2026/08/22 13:03:00,3.15
2026/08/22 13:04:00,3.5666666666666664
2026/08/22 13:05:00,3.3666666666666663
2026/08/22 13:06:00,3.45
2026/08/22 13:07:00,3.024143159438159
2026/08/22 13:08:00,3.0675358018105126
2026/08/22 13:09:00,3.5905894898197204
2026/08/22 13:10:00,3.2343036244206598
2026/08/22 13:11:00,3.9488153553933825
2026/08/22 13:12:00,2.925877763328999
2026/08/22 13:13:00,3.199093590149458
2026/08/22 13:14:00,3.5093276428321354
2026/08/22 13:15:00,3.5240015328990117
2026/08/22 13:16:00,3.0916151397476708
2026/08/22 13:17:00,3.050915274582375
2026/08/22 13:18:00,2.9
2026/08/22 13:19:00,3.3573820750787275
2026/08/22 13:20:00,3.626027374422753
2026/08/22 13:21:00,3.149107752803373
2026/08/22 13:22:00,2.8666666666666667
2026/08/22 13:23:00,4.642982178283847
2026/08/22 13:24:00,3.6166666666666663
2026/08/22 13:25:00,3.674020261263663
2026/08/22 13:26:00,3.284209122432648
2026/08/22 13:27:00,2.982537989869368
2026/08/22 13:28:00,3.058333333333333
2026/08/22 13:29:00,3.291721528692145
2026/08/22 13:30:00,3.6249395843402605
2026/08/22 13:31:00,2.883381389689828
2026/08/22 13:32:00,2.849952500791653
2026/08/22 13:33:00,3.1258335556148307
2026/08/22 13:34:00,3.433333333333333
2026/08/22 13:35:00,3.283333333333333
2026/08/22 13:36:00,3.065849106904825
2026/08/22 13:37:00,2.8423772609819125
2026/08/22 13:38:00,2.8083801396689942
2026/08/22 13:39:00,3.390592978890018
2026/08/22 13:40:00,3.616847509042119
2026/08/22 13:41:00,3.166613889768504
2026/08/22 13:42:00,2.7507335289410513
2026/08/22 13:43:00,2.9742564358910273
2026/08/22 13:44:00,3.659309149106428
2026/08/22 13:45:00,3.599040255931751
2026/08/22 13:46:00,3.116718611976866
2026/08/22 13:47:00,2.8423772609819125
2026/08/22 13:48:00,2.949213543055185
2026/08/22 13:49:00,3.458333333333333
2026/08/22 13:50:00,2.975
2026/08/22 13:51:00,3.5342758068818347
2026/08/22 13:52:00,2.766666666666666
2026/08/22 13:53:00,4.5249999999999995
2026/08/22 13:54:00,3.674020261263663
2026/08/22 13:55:00,3.025806881835156
2026/08/22 13:56:00,3.2572475841386206
2026/08/22 13:57:00,2.7501833455563705
2026/08/22 13:58:00,2.7757401973859697
2026/08/22 13:59:00,3.4074246867501996
2026/08/22 14:00:00,3.284209122432648
2026/08/22 14:01:00,3.6323647027459343
2026/08/22 14:02:00,2.75
2026/08/22 14:03:00,2.8757668711656446
2026/08/22 14:04:00,3.5083333333333337
2026/08/22 14:05:00,3.5249999999999995
2026/08/22 14:06:00,2.8741856473999037
2026/08/22 14:07:00,3.0592001066968977
2026/08/22 14:08:00,2.6999999999999997
2026/08/22 14:09:00,3.675
2026/08/22 14:10:00,3.1241148341303298
2026/08/22 14:11:00,3.5093276428321354
2026/08/22 14:12:00,2.8741856473999037
2026/08/22 14:13:00,3.433333333333333
2026/08/22 14:14:00,3.3759565210142872
2026/08/22 14:15:00,3.283333333333333
2026/08/22 14:16:00,3.183333333333333
2026/08/22 14:17:00,2.966666666666667
2026/08/22 14:18:00,3.0833333333333335
2026/08/22 14:19:00,3.45
2026/08/22 14:20:00,3.6333333333333333
2026/08/22 14:21:00,3.199093590149458
2026/08/22 14:22:00,2.8083801396689942
2026/08/22 14:23:00,4.476193651640438
2026/08/22 14:24:00,3.6990135963743
2026/08/22 14:25:00,3.4759269138436917
2026/08/22 14:26:00,2.7993001749562607
2026/08/22 14:27:00,2.800700175043761
2026/08/22 14:28:00,3.05
2026/08/22 14:29:00,3.1908689494293094
2026/08/22 14:30:00,3.5582740287661876
2026/08/22 14:31:00,3.009085604734517
2026/08/22 14:32:00,2.949262684328918
2026/08/22 14:33:00,2.9174446519071755
2026/08/22 14:34:00,3.3741002399360167
2026/08/22 14:35:00,3.5416666666666665
2026/08/22 14:36:00,2.7340624166444383
2026/08/22 14:37:00,3.0241935483870965
2026/08/22 14:38:00,2.866714445240754
2026/08/22 14:39:00,3.2758189547386842
2026/08/22 14:40:00,2.9916666666666667
2026/08/22 14:41:00,3.7166666666666663
2026/08/22 14:42:00,2.9
2026/08/22 14:43:00,2.933333333333333
2026/08/22 14:44:00,3.3158377072398566
2026/08/22 14:45:00,3.591606806553224
2026/08/22 14:46:00,2.7757401973859697
2026/08/22 14:47:00,3.090893943180871
2026/08/22 14:48:00,2.7833333333333337
2026/08/22 14:49:00,3.217471034425273
2026/08/22 14:50:00,2.949262684328918
2026/08/22 14:51:00,3.275
2026/08/22 14:52:00,3.092439776610819
2026/08/22 14:53:00,5.4069815879363485
2026/08/22 14:54:00,3.6259064766191553
2026/08/22 14:55:00,3.024243939015246
2026/08/22 14:56:00,2.859048095357173
2026/08/22 14:57:00,3.1333333333333333
2026/08/22 14:58:00,2.7583333333333337
2026/08/22 14:59:00,3.233333333333333
2026/08/22 15:00:00,3.2075314504707158
2026/08/22 15:01:00,3.509210635992331
2026/08/22 15:02:00,2.8916666666666666
2026/08/22 15:03:00,3.0992251937015745
2026/08/22 15:04:00,3.3833333333333333
2026/08/22 15:05:00,3.025
2026/08/22 15:06:00,3.1591231141118614
2026/08/22 15:07:00,3.0749999999999997
2026/08/22 15:08:00,2.9
2026/08/22 15:09:00,3.7416666666666663
2026/08/22 15:10:00,3.275
2026/08/22 15:11:00,3.6166666666666663
2026/08/22 15:12:00,2.833333333333333
2026/08/22 15:13:00,2.933333333333333
2026/08/22 15:14:00,3.391666666666666
2026/08/22 15:15:00,3.5824377239023577
2026/08/22 15:16:00,3.1924647828623822
2026/08/22 15:17:00,2.84928767808048
2026/08/22 15:18:00,2.8916666666666666
2026/08/22 15:19:00,3.308333333333333
2026/08/22 15:20:00,2.933333333333333
2026/08/22 15:21:00,3.83429190630991
2026/08/22 15:22:00,2.7909689244355578
2026/08/22 15:23:00,4.50112528132033
2026/08/22 15:24:00,3.6083333333333334
2026/08/22 15:25:00,3.132550195784387
2026/08/22 15:26:00,3.5175460531799616
2026/08/22 15:27:00,2.8833333333333333
2026/08/22 15:28:00,2.858333333333333
2026/08/22 15:29:00,3.275
2026/08/22 15:30:00,3.225
2026/08/22 15:31:00,3.8333333333333326
2026/08/22 15:32:00,2.85
2026/08/22 15:33:00,2.958333333333333
2026/08/22 15:34:00,3.332500208281263
2026/08/22 15:35:00,3.0166666666666666
2026/08/22 15:36:00,3.1174460281737097
2026/08/22 15:37:00,2.757689872363115
2026/08/22 15:38:00,2.775
2026/08/22 15:39:00,3.4750000000000005
2026/08/22 15:40:00,3.1416666666666666
2026/08/22 15:41:00,3.4750000000000005
2026/08/22 15:42:00,2.875
2026/08/22 15:43:00,2.8833333333333333
2026/08/22 15:44:00,3.4424699096455837
2026/08/22 15:45:00,3.191666666666667
2026/08/22 15:46:00,3.158333333333333
2026/08/22 15:47:00,2.732695704335655
2026/08/22 15:48:00,2.992364885139866
2026/08/22 15:49:00,3.3833333333333333
2026/08/22 15:50:00,2.8326723764454957
2026/08/22 15:51:00,3.459140466108759
2026/08/22 15:52:00,2.7416666666666663
2026/08/22 15:53:00,4.533333333333333
2026/08/22 15:54:00,3.6166666666666663
2026/08/22 15:55:00,2.8833333333333333
2026/08/22 15:56:00,3.1993068168563474
2026/08/22 15:57:00,2.742260823178355
2026/08/22 15:58:00,2.841051105593788
2026/08/22 15:59:00,3.5749404176597057
2026/08/22 16:00:00,3.0757176674557396
2026/08/22 16:01:00,3.6916666666666664
2026/08/22 16:02:00,2.807678208418036
2026/08/22 16:03:00,3.092388223918914
2026/08/22 16:04:00,3.3416666666666663
2026/08/22 16:05:00,3.1825907288299398
2026/08/22 16:06:00,3.142399893308439
2026/08/22 16:07:00,2.874281429642589
2026/08/22 16:08:00,3.092439776610819
2026/08/22 16:09:00,3.3416666666666663
2026/08/22 16:10:00,2.815962675997667
2026/08/22 16:11:00,3.658272362127298
2026/08/22 16:12:00,2.717391304347826
2026/08/22 16:13:00,3.225
2026/08/22 16:14:00,3.3
2026/08/22 16:15:00,3.0749999999999997
2026/08/22 16:16:00,3.274126899493469
2026/08/22 16:17:00,2.900048334138902
2026/08/22 16:18:00,3.009085604734517
2026/08/22 16:19:00,3.191666666666667
2026/08/22 16:20:00,2.8833333333333333
2026/08/22 16:21:00,3.391666666666666
2026/08/22 16:22:00,2.9742564358910273
2026/08/22 16:23:00,5.208333333333334
2026/08/22 16:24:00,4.2917381956365945
2026/08/22 16:25:00,3.6833333333333336
2026/08/22 16:26:00,2.983333333333333
2026/08/22 16:27:00,3.0833333333333335
2026/08/22 16:28:00,3.0007001633714534
2026/08/22 16:29:00,3.215916286199887
2026/08/22 16:30:00,2.984029606908279
2026/08/22 16:31:00,3.308333333333333
2026/08/22 16:32:00,3.040906440056652
2026/08/22 16:33:00,2.867383512544803
2026/08/22 16:34:00,3.5083333333333337
2026/08/22 16:35:00,2.933333333333333
2026/08/22 16:36:00,3.09994833419443
2026/08/22 16:37:00,3.140933782117506
2026/08/22 16:38:00,2.7590230891056096
2026/08/22 16:39:00,3.4750000000000005
2026/08/22 16:40:00,3.032625720665178
2026/08/22 16:41:00,3.358333333333333
2026/08/22 16:42:00,2.9673590504451037
2026/08/22 16:43:00,2.841666666666667
2026/08/22 16:44:00,3.3416666666666663
2026/08/22 16:45:00,3.407538241077082
2026/08/22 16:46:00,3.158333333333333
2026/08/22 16:47:00,2.909012102823992
2026/08/22 16:48:00,2.8326251770390733
2026/08/22 16:49:00,3.1333855564259405
2026/08/22 16:50:00,3.1507351715400262
2026/08/22 16:51:00,3.3750000000000004
2026/08/22 16:52:00,2.7160329256506817
2026/08/22 16:53:00,5.291666666666666
2026/08/22 16:54:00,3.6175107525089185
2026/08/22 16:55:00,3.4242580774165594
2026/08/22 16:56:00,2.8833333333333333
2026/08/22 16:57:00,2.733925683898178
2026/08/22 16:58:00,2.965974605925284
2026/08/22 16:59:00,3.200053334222237
2026/08/22 17:00:00,3.07566639438545
2026/08/22 17:01:00,3.8491660140302937
2026/08/22 17:02:00,2.7249545840902654
2026/08/22 17:03:00,3.0423765545293904
2026/08/22 17:04:00,3.2825674009397807
2026/08/22 17:05:00,3.225
2026/08/22 17:06:00,3.0833333333333335
2026/08/22 17:07:00,2.8089887640449436
2026/08/22 17:08:00,2.858333333333333
2026/08/22 17:09:00,3.391666666666666
2026/08/22 17:10:00,2.833333333333333
2026/08/22 17:11:00,3.4991835238444358
2026/08/22 17:12:00,2.7423065381922447
2026/08/22 17:13:00,3.1409861196740705
2026/08/22 17:14:00,3.3166666666666664
2026/08/22 17:15:00,3
2026/08/22 17:16:00,3.2590394585493523
2026/08/22 17:17:00,2.775
2026/08/22 17:18:00,2.8743293231579297
2026/08/22 17:19:00,3.384122962024472
2026/08/22 17:20:00,2.8833333333333333
2026/08/22 17:21:00,3.516608056532391
2026/08/22 17:22:00,2.85004750079168
2026/08/22 17:23:00,4.716666666666667
2026/08/22 17:24:00,3.4325324091045424
2026/08/22 17:25:00,3.3249999999999997
2026/08/22 17:26:00,2.8506651552028806
2026/08/22 17:27:00,2.557736528143433
2026/08/22 17:28:00,2.859000433434468
2026/08/22 17:29:00,3.4408064650504038
2026/08/22 17:30:00,3.15
2026/08/22 17:31:00,3.3758439609902475
2026/08/22 17:32:00,2.774306423394151
2026/08/22 17:33:00,2.909060598482954
2026/08/22 17:34:00,3.374212683707135
2026/08/22 17:35:00,3.2007468409295505
2026/08/22 17:36:00,3.241666666666667
2026/08/22 17:37:00,2.75
2026/08/22 17:38:00,2.7909689244355578
2026/08/22 17:39:00,3.433333333333333
2026/08/22 17:40:00,3.291721528692145
2026/08/22 17:41:00,3.1333333333333333
2026/08/22 17:42:00,2.7423065381922447
2026/08/22 17:43:00,2.932649048555337
2026/08/22 17:44:00,3.458333333333333
2026/08/22 17:45:00,3.208119458702753
2026/08/22 17:46:00,3.3418337583545843
2026/08/22 17:47:00,2.7090105859798284
2026/08/22 17:48:00,2.8
2026/08/22 17:49:00,3.3666666666666663
2026/08/22 17:50:00,3.241666666666667
2026/08/22 17:51:00,3.15
2026/08/22 17:52:00,2.6916666666666664
2026/08/22 17:53:00,4.45
2026/08/22 17:54:00,3.5741064733816543
2026/08/22 17:55:00,2.909060598482954
2026/08/22 17:56:00,4.183333333333334
2026/08/22 17:57:00,3.408333333333333
2026/08/22 17:58:00,2.975
2026/08/22 17:59:00,3.333333333333333
2026/08/22 18:00:00,3.033333333333333
2026/08/22 18:01:00,3.5083333333333337
2026/08/22 18:02:00,2.7410270936781416
2026/08/22 18:03:00,2.825659320508118
2026/08/22 18:04:00,3.499125218695326
2026/08/22 18:05:00,2.934066850045845
2026/08/22 18:06:00,3.149265171459992
2026/08/22 18:07:00,2.8006534858133563
2026/08/22 18:08:00,2.966666666666667
2026/08/22 18:09:00,3.3991502124468878
2026/08/22 18:10:00,2.983333333333333
2026/08/22 18:11:00,3.4091856297407683
2026/08/22 18:12:00,2.766666666666666
2026/08/22 18:13:00,3.033333333333333
2026/08/22 18:14:00,3.25
2026/08/22 18:15:00,3.124218945263684
2026/08/22 18:16:00,3.1
2026/08/22 18:17:00,2.7416666666666663
2026/08/22 18:18:00,3.0416666666666665
2026/08/22 18:19:00,3.25
2026/08/22 18:20:00,2.8423298769712932
2026/08/22 18:21:00,3.615822974639251
2026/08/22 18:22:00,2.9007251812953236
2026/08/22 18:23:00,4.533333333333333
2026/08/22 18:24:00,3.524118970257436
2026/08/22 18:25:00,3.217471034425273
2026/08/22 18:26:00,3.115887694742981
2026/08/22 18:27:00,2.88328527857869
2026/08/22 18:28:00,2.841666666666667
2026/08/22 18:29:00,3.2008535609495867
2026/08/22 18:30:00,3.290843955677747
2026/08/22 18:31:00,3.3000550009166814
2026/08/22 18:32:00,2.9673590504451037
2026/08/22 18:33:00,2.915937682246105
2026/08/22 18:34:00,3.1174460281737097
2026/08/22 18:35:00,3.0416666666666665
2026/08/22 18:36:00,3.1408814463050905
2026/08/22 18:37:00,2.934066850045845
2026/08/22 18:38:00,2.966666666666667
2026/08/22 18:39:00,3.4741314671332164
2026/08/22 18:40:00,3.175793948487122
2026/08/22 18:41:00,3.1166666666666663
2026/08/22 18:42:00,2.841666666666667
2026/08/22 18:43:00,2.8409564275597767
2026/08/22 18:44:00,3.4667244454074235
2026/08/22 18:45:00,3.183333333333333
2026/08/22 18:46:00,3.35
2026/08/22 18:47:00,2.816666666666667
2026/08/22 18:48:00,2.7832869452175797
2026/08/22 18:49:00,3.1507876969242306
2026/08/22 18:50:00,3.040906440056652
2026/08/22 18:51:00,3.633393889898165
2026/08/22 18:52:00,2.7173007034974828
2026/08/22 18:53:00,5.375
2026/08/22 18:54:00,3.6740814796300927
2026/08/22 18:55:00,2.891714861914365
2026/08/22 18:56:00,3.2916666666666665
2026/08/22 18:57:00,2.8006534858133563
2026/08/22 18:58:00,2.85
2026/08/22 18:59:00,3.1416666666666666
2026/08/22 19:00:00,3.2916666666666665
2026/08/22 19:01:00,3.6999999999999997
2026/08/22 19:02:00,2.7243189202699325
2026/08/22 19:03:00,2.934066850045845
2026/08/22 19:04:00,3.275
2026/08/22 19:05:00,3.433333333333333
2026/08/22 19:06:00,2.9992501874531365
2026/08/22 19:07:00,2.841666666666667
2026/08/22 19:08:00,2.8173710094190216
2026/08/22 19:09:00,3.35
2026/08/22 19:10:00,2.9992501874531365
2026/08/22 19:11:00,3.4750579176319607
2026/08/22 19:12:00,2.7833333333333337
2026/08/22 19:13:00,3.0007001633714534
2026/08/22 19:14:00,3.307506456719154
2026/08/22 19:15:00,3.1
2026/08/22 19:16:00,3.208333333333333
2026/08/22 19:17:00,2.859048095357173
2026/08/22 19:18:00,2.6077248641983535
2026/08/22 19:19:00,3.1840762844663755
2026/08/22 19:20:00,3.2741814546363406
2026/08/22 19:21:00,3.1007751937984493
2026/08/22 19:22:00,2.9326001832875113
2026/08/22 19:23:00,4.7749999999999995
2026/08/22 19:24:00,3.6425773109944153
2026/08/22 19:25:00,3.5741064733816543
2026/08/22 19:26:00,3.1174460281737097
2026/08/22 19:27:00,2.9916666666666667
2026/08/22 19:28:00,2.8909921018429037
2026/08/22 19:29:00,3.333333333333333
2026/08/22 19:30:00,2.8840062681292298
2026/08/22 19:31:00,3.391666666666666
2026/08/22 19:32:00,2.8326723764454957
2026/08/22 19:33:00,3.0090354416030407
2026/08/22 19:34:00,3.449195187789516
2026/08/22 19:35:00,3.1340646150768516
2026/08/22 19:36:00,2.841666666666667
2026/08/22 19:37:00,2.8743293231579297
2026/08/22 19:38:00,2.766666666666666
2026/08/22 19:39:00,3.6175107525089185
2026/08/22 19:40:00,2.807678208418036
2026/08/22 19:41:00,3.35
2026/08/22 19:42:00,2.8006534858133563
2026/08/22 19:43:00,2.8327195774248914
2026/08/22 19:44:00,3.6007801690366246
2026/08/22 19:45:00,3.1333333333333333
2026/08/22 19:46:00,3.0916666666666663
2026/08/22 19:47:00,2.8327195774248914
2026/08/22 19:48:00,2.8256122159801293
2026/08/22 19:49:00,3.3825440730496217
2026/08/22 19:50:00,3.4666666666666663
2026/08/22 19:51:00,2.983333333333333
2026/08/22 19:52:00,2.8506651552028806
2026/08/22 19:53:00,4.2749999999999995
2026/08/22 19:54:00,3.4909103027677335
2026/08/22 19:55:00,3.159017787187224
2026/08/22 19:56:00,3
2026/08/22 19:57:00,2.824340987103009
2026/08/22 19:58:00,3.0166666666666666
2026/08/22 19:59:00,2.883381389689828
2026/08/22 20:00:00,3.2006934835881107
2026/08/22 20:01:00,3.7166666666666663
2026/08/22 20:02:00,2.7827304084115108
2026/08/22 20:03:00,3.0673312551052727
2026/08/22 20:04:00,3.191666666666667
2026/08/22 20:05:00,3.058333333333333
2026/08/22 20:06:00,3.1999999999999997
2026/08/22 20:07:00,2.816056521087098
2026/08/22 20:08:00,2.9756447230233216
2026/08/22 20:09:00,3.2409644577008314
2026/08/22 20:10:00,3.233333333333333
2026/08/22 20:11:00,2.9339690266224348
2026/08/22 20:12:00,3.0076816689717227
2026/08/22 20:13:00,3.0423258372647406
2026/08/22 20:14:00,3.1416666666666666
2026/08/22 20:15:00,3.0326762534784133
2026/08/22 20:16:00,3.0589961158250953
2026/08/22 20:17:00,2.966024028127239
2026/08/22 20:18:00,3.025655558704386
2026/08/22 20:19:00,3.183333333333333
2026/08/22 20:20:00,3.2575732329123204
2026/08/22 20:21:00,2.941666666666667
2026/08/22 20:22:00,2.984029606908279
2026/08/22 20:23:00,4.4573675703597555
2026/08/22 20:24:00,3.4000000000000004
2026/08/22 20:25:00,2.9756447230233216
2026/08/22 20:26:00,3.082665422491793
2026/08/22 20:27:00,2.9749504174930417
2026/08/22 20:28:00,2.750045834097235
2026/08/22 20:29:00,3.3257205727907713
2026/08/22 20:30:00,2.933333333333333
2026/08/22 20:31:00,3.4075950210787664
2026/08/22 20:32:00,2.9589744444629673
2026/08/22 20:33:00,2.974355556296136
2026/08/22 20:34:00,3.4590828012736092
2026/08/22 20:35:00,2.8743772182693745
2026/08/22 20:36:00,3.183333333333333
2026/08/22 20:37:00,2.608333333333333
2026/08/22 20:38:00,2.808941937419774
2026/08/22 20:39:00,3.35
2026/08/22 20:40:00,2.9499999999999997
2026/08/22 20:41:00,3.449195187789516
2026/08/22 20:42:00,2.792318207581769
2026/08/22 20:43:00,2.841666666666667
2026/08/22 20:44:00,3.2659046222548076
2026/08/22 20:45:00,3.15
2026/08/22 20:46:00,3.3833333333333333
2026/08/22 20:47:00,2.7506418164238324
2026/08/22 20:48:00,2.8410037657879825
2026/08/22 20:49:00,3.267429066782249
2026/08/22 20:50:00,3.1416666666666666
2026/08/22 20:51:00,3.1575965608024794
2026/08/22 20:52:00,3.0257059980662153
2026/08/22 20:53:00,5.433333333333333
2026/08/22 20:54:00,3.4000000000000004
2026/08/22 20:55:00,3.165980704180761
2026/08/22 20:56:00,3.025655558704386
2026/08/22 20:57:00,2.849382633762685
2026/08/22 20:58:00,2.8422824945404837
2026/08/22 20:59:00,3.158333333333333
2026/08/22 21:00:00,3.5749999999999997
2026/08/22 21:01:00,3.290898790282267
2026/08/22 21:02:00,2.8089887640449436
2026/08/22 21:03:00,2.899951667472209
2026/08/22 21:04:00,3.2333872231203857
2026/08/22 21:05:00,3.025
2026/08/22 21:06:00,3.0659512780351252
2026/08/22 21:07:00,2.8833333333333333
2026/08/22 21:08:00,2.892341546360817
2026/08/22 21:09:00,3.4916666666666663
2026/08/22 21:10:00,2.807678208418036
2026/08/22 21:11:00,3.284099623245424
2026/08/22 21:12:00,2.6833333333333336
2026/08/22 21:13:00,2.9826373846102574
2026/08/22 21:14:00,3.4341346314139964
2026/08/22 21:15:00,2.908333333333333
2026/08/22 21:16:00,3.0166666666666666
2026/08/22 21:17:00,2.7833333333333337
2026/08/22 21:18:00,2.8743293231579297
2026/08/22 21:19:00,3.333333333333333
2026/08/22 21:20:00,2.9673590504451037
2026/08/22 21:21:00,3.2916666666666665
2026/08/22 21:22:00,2.7083333333333335
2026/08/22 21:23:00,4.27492875118748
2026/08/22 21:24:00,3.8083968066134433
2026/08/22 21:25:00,3.216666666666667
2026/08/22 21:26:00,2.8249999999999997
2026/08/22 21:27:00,2.732650170790636
2026/08/22 21:28:00,3.0500508341805697
2026/08/22 21:29:00,3.1090587803820893
2026/08/22 21:30:00,3.074282667377612
2026/08/22 21:31:00,3.2340879538558998
2026/08/22 21:32:00,2.7166666666666663
2026/08/22 21:33:00,3.224301401363038
2026/08/22 21:34:00,3.233333333333333
2026/08/22 21:35:00,3.100671812225982
2026/08/22 21:36:00,2.983283611939801
2026/08/22 21:37:00,2.7827767779777375
2026/08/22 21:38:00,3.05
2026/08/22 21:39:00,3.2590394585493523
2026/08/22 21:40:00,2.799393464749304
2026/08/22 21:41:00,3.45
2026/08/22 21:42:00,2.6505742910964045
2026/08/22 21:43:00,3.1666666666666665
2026/08/22 21:44:00,3.2576275140386253
2026/08/22 21:45:00,3.567439611915915
2026/08/22 21:46:00,2.8666666666666667
2026/08/22 21:47:00,2.908333333333333
2026/08/22 21:48:00,2.8910402746071684
2026/08/22 21:49:00,3.1416666666666666
2026/08/22 21:50:00,2.808333333333333
2026/08/22 21:51:00,3.23403404070882
2026/08/22 21:52:00,3.0416666666666665
2026/08/22 21:53:00,4.325
2026/08/22 21:54:00,3.390931964740973
2026/08/22 21:55:00,2.9006284695017253
2026/08/22 21:56:00,2.983333333333333
2026/08/22 21:57:00,3.058333333333333
2026/08/22 21:58:00,2.875
2026/08/22 21:59:00,3.125
2026/08/22 22:00:00,3.082665422491793
2026/08/22 22:01:00,3.409071965592545
2026/08/22 22:02:00,3.05
2026/08/22 22:03:00,2.9
2026/08/22 22:04:00,3.2659046222548076
2026/08/22 22:05:00,2.9340179375187545
2026/08/22 22:06:00,3.158333333333333
2026/08/22 22:07:00,2.7333333333333334
2026/08/22 22:08:00,3.0083333333333333
2026/08/22 22:09:00,3.283333333333333
2026/08/22 22:10:00,2.8
2026/08/22 22:11:00,3.507573359105527
2026/08/22 22:12:00,2.783936519579242
2026/08/22 22:13:00,2.8743293231579297
2026/08/22 22:14:00,3.5091521354982826
2026/08/22 22:15:00,2.9576924999583425
2026/08/22 22:16:00,3.1923583443079337
2026/08/22 22:17:00,2.8743772182693745
2026/08/22 22:18:00,2.75893110173871
2026/08/22 22:19:00,3.190975288687451
2026/08/22 22:20:00,2.9923150015836764
2026/08/22 22:21:00,3.45
2026/08/22 22:22:00,2.7083333333333335
2026/08/22 22:23:00,4.965590788662457
2026/08/22 22:24:00,4.283333333333333
2026/08/22 22:25:00,3.9675262973644294
2026/08/22 22:26:00,3.233333333333333
2026/08/22 22:27:00,2.7410727675670272
2026/08/22 22:28:00,3.008985280144031
2026/08/22 22:29:00,3.1416666666666666
2026/08/22 22:30:00,3.607551697132288
2026/08/22 22:31:00,3.1416666666666666
2026/08/22 22:32:00,2.692249987497291
2026/08/22 22:33:00,2.924366387282755
2026/08/22 22:34:00,3.3166666666666664
2026/08/22 22:35:00,3.0589961158250953
2026/08/22 22:36:00,3.249295985869728
2026/08/22 22:37:00,2.7416666666666663
2026/08/22 22:38:00,3.008985280144031
2026/08/22 22:39:00,3.283333333333333
2026/08/22 22:40:00,3.0833333333333335
2026/08/22 22:41:00,3.2409644577008314
2026/08/22 22:42:00,2.733925683898178
2026/08/22 22:43:00,2.858333333333333
2026/08/22 22:44:00,3.5083333333333337
2026/08/22 22:45:00,3.241666666666667
2026/08/22 22:46:00,3.132654591505174
2026/08/22 22:47:00,2.692249987497291
2026/08/22 22:48:00,2.9410294436205486
2026/08/22 22:49:00,3.375731408471835
2026/08/22 22:50:00,2.975
2026/08/22 22:51:00,3.249404275882755
2026/08/22 22:52:00,2.7083333333333335
2026/08/22 22:53:00,5.3843204587507705
2026/08/22 22:54:00,3.624335538484611
2026/08/22 22:55:00,2.992215239460568
2026/08/22 22:56:00,2.983333333333333
2026/08/22 22:57:00,2.882804819116495
2026/08/22 22:58:00,2.9672106552868023
2026/08/22 22:59:00,3.1327589941843996
2026/08/22 23:00:00,3.142242744503159
2026/08/22 23:01:00,3.499358450950659
2026/08/22 23:02:00,2.6916666666666664
2026/08/22 23:03:00,3.167247328676924
2026/08/22 23:04:00,3.241666666666667
2026/08/22 23:05:00,2.958333333333333
2026/08/22 23:06:00,2.9916666666666667
2026/08/22 23:07:00,2.766666666666666
2026/08/22 23:08:00,2.925
2026/08/22 23:09:00,3.358333333333333
2026/08/22 23:10:00,3.15
2026/08/22 23:11:00,3.266013463973872
2026/08/22 23:12:00,2.75
2026/08/22 23:13:00,2.883910115356404
2026/08/22 23:14:00,3.3
2026/08/22 23:15:00,3.3410541400743194
2026/08/22 23:16:00,2.992215239460568
2026/08/22 23:17:00,2.9494592658012695
2026/08/22 23:18:00,2.7833333333333337
2026/08/22 23:19:00,3.183333333333333
2026/08/22 23:20:00,3.216666666666667
2026/08/22 23:21:00,3.1416666666666666
2026/08/22 23:22:00,2.867192318591742
2026/08/22 23:23:00,4.358333333333333
2026/08/22 23:24:00,3.474363033443869
2026/08/22 23:25:00,2.950540932504292
2026/08/22 23:26:00,3.5499999999999994
2026/08/22 23:27:00,2.75
2026/08/22 23:28:00,2.841666666666667
2026/08/22 23:29:00,3.191666666666667
2026/08/22 23:30:00,3.1333333333333333
2026/08/22 23:31:00,3.6916666666666664
2026/08/22 23:32:00,2.833333333333333
2026/08/22 23:33:00,2.8911366249520922
2026/08/22 23:34:00,3.3089399723282598
2026/08/22 23:35:00,3.1333333333333333
2026/08/22 23:36:00,3.175
2026/08/22 23:37:00,2.766666666666666
2026/08/22 23:38:00,2.7411641199113497
2026/08/22 23:39:00,3.3506142792845357
2026/08/22 23:40:00,3.05
2026/08/22 23:41:00,3.4000000000000004
2026/08/22 23:42:00,2.8
2026/08/22 23:43:00,2.925
2026/08/22 23:44:00,3.4160403925946907
2026/08/22 23:45:00,3.458333333333333
2026/08/22 23:46:00,3.0916666666666663
2026/08/22 23:47:00,2.7254996749404055
2026/08/22 23:48:00,2.9494592658012695
2026/08/22 23:49:00,3.358333333333333
2026/08/22 23:50:00,2.8338528730267214
2026/08/22 23:51:00,3.358333333333333
2026/08/22 23:52:00,2.7083333333333335
2026/08/22 23:53:00,4.533333333333333
2026/08/22 23:54:00,3.657662761826998
2026/08/22 23:55:00,3.0416666666666665
2026/08/22 23:56:00,3.150577605894414
2026/08/22 23:57:00,2.724500508240156
2026/08/22 23:58:00,2.7833333333333337
2026/08/22 23:59:00,3.4589674773708516
2026/08/23 00:00:00,3.3910449750879006
2026/08/23 00:01:00,3.5006417843271262
2026/08/23 00:02:00,2.8911366249520922
2026/08/23 00:03:00,2.992215239460568
2026/08/23 00:04:00,3.5249999999999995
2026/08/23 00:05:00,3.25
2026/08/23 00:06:00,3.191081635033577
2026/08/23 00:07:00,2.6999999999999997
2026/08/23 00:08:00,2.6004767540715794
2026/08/23 00:09:00,3.4416666666666664
2026/08/23 00:10:00,2.808333333333333
2026/08/23 00:11:00,3.524353868457449
2026/08/23 00:12:00,2.658820783810365
2026/08/23 00:13:00,2.841145789938511
2026/08/23 00:14:00,3.4589674773708516
2026/08/23 00:15:00,3.1166666666666663
2026/08/23 00:16:00,3.199413440869174
2026/08/23 00:17:00,2.8338528730267214
2026/08/23 00:18:00,2.791666666666667
2026/08/23 00:19:00,3.307616683052005
2026/08/23 00:20:00,2.833333333333333
2026/08/23 00:21:00,3.2757097371097066
2026/08/23 00:22:00,2.966666666666667
2026/08/23 00:23:00,4.390715345008582
2026/08/23 00:24:00,3.4666666666666663
2026/08/23 00:25:00,3.0339906979845632
2026/08/23 00:26:00,3.125
2026/08/23 00:27:00,2.983333333333333
2026/08/23 00:28:00,3.0416666666666665
2026/08/23 00:29:00,3.124323063336277
2026/08/23 00:30:00,3.2923800156700618
2026/08/23 00:31:00,3.1241148341303298
2026/08/23 00:32:00,3.1507876969242306
2026/08/23 00:33:00,3.3735943356934612
2026/08/23 00:34:00,3.551598219198639
2026/08/23 00:35:00,2.8573332666899915
2026/08/23 00:36:00,3.158333333333333
2026/08/23 00:37:00,2.9509344625798173
2026/08/23 00:38:00,3.1584386146204873
2026/08/23 00:39:00,3.7416666666666663
2026/08/23 00:40:00,3.048780487804878
2026/08/23 00:41:00,3.4679960651583106
2026/08/23 00:42:00,3.024949584173597
2026/08/23 00:43:00,3.2071573756289364
2026/08/23 00:44:00,3.584767240229425
2026/08/23 00:45:00,3.5833333333333335
2026/08/23 00:46:00,3.2498916702776577
2026/08/23 00:47:00,3.06676889229641
2026/08/23 00:48:00,3.1083333333333334
2026/08/23 00:49:00,3.3237812801972613
2026/08/23 00:50:00,2.984427623461936
2026/08/23 00:51:00,3.6487837387537487
2026/08/23 00:52:00,3.066615556407393
2026/08/23 00:53:00,5.951884763508444
2026/08/23 00:54:00,3.873708763745418
2026/08/23 00:55:00,3.084464303577979
2026/08/23 00:56:00,3.191666666666667
2026/08/23 00:57:00,3.0666666666666664
2026/08/23 00:58:00,3.0666666666666664
2026/08/23 00:59:00,3.323836657169991
2026/08/23 01:00:00,3.241666666666667
2026/08/23 01:01:00,3.8500641677361287
2026/08/23 01:02:00,3.051017005668556
2026/08/23 01:03:00,3.073975341552816
2026/08/23 01:04:00,3.442814271423808
2026/08/23 01:05:00,3.0666666666666664
2026/08/23 01:06:00,3.5238253915361546
2026/08/23 01:07:00,2.8167136118935314
2026/08/23 01:08:00,3.0593021123355726
2026/08/23 01:09:00,3.5071642785738084
2026/08/23 01:10:00,2.941666666666667
2026/08/23 01:11:00,3.633393889898165
2026/08/23 01:12:00,2.949950834152764
2026/08/23 01:13:00,3.0093364454818277
2026/08/23 01:14:00,3.483275278745354
2026/08/23 01:15:00,3.1000516675277923
2026/08/23 01:16:00,3.2572475841386206
2026/08/23 01:17:00,2.9333822230370505
2026/08/23 01:18:00,2.9342625164635465
2026/08/23 01:19:00,3.3166666666666664
2026/08/23 01:20:00,2.8833333333333333
2026/08/23 01:21:00,3.548876189206751
2026/08/23 01:22:00,2.79255097447525
2026/08/23 01:23:00,4.598543794465086
2026/08/23 01:24:00,3.5416666666666665
2026/08/23 01:25:00,3.5999999999999996
2026/08/23 01:26:00,3.209349627382004
2026/08/23 01:27:00,2.958333333333333
2026/08/23 01:28:00,3.0749999999999997
2026/08/23 01:29:00,3.1740477856643006
2026/08/23 01:30:00,3.216666666666667
2026/08/23 01:31:00,3.342669467506919
2026/08/23 01:32:00,2.8833333333333333
2026/08/23 01:33:00,3
2026/08/23 01:34:00,3.3416666666666663
2026/08/23 01:35:00,3.5000000000000004
2026/08/23 01:36:00,2.799113614022226
2026/08/23 01:37:00,2.7833797229953836
2026/08/23 01:38:00,3.025
2026/08/23 01:39:00,3.5833333333333335
2026/08/23 01:40:00,3.0675869427494917
2026/08/23 01:41:00,3.4833333333333334
2026/08/23 01:42:00,2.75
2026/08/23 01:43:00,3.1166147230879484
2026/08/23 01:44:00,3.3250554175902933
2026/08/23 01:45:00,3.399036939533799
2026/08/23 01:46:00,3.100878582264975
2026/08/23 01:47:00,2.808333333333333
2026/08/23 01:48:00,2.8325307829448323
2026/08/23 01:49:00,3.4750000000000005
2026/08/23 01:50:00,3.0675358018105126
2026/08/23 01:51:00,3.4489653104068774
2026/08/23 01:52:00,2.825847754326298
2026/08/23 01:53:00,4.473657902629211
2026/08/23 01:54:00,4.034543696442266
2026/08/23 01:55:00,3.249025292412276
2026/08/23 01:56:00,3.100930279083725
2026/08/23 01:57:00,2.932453597254157
2026/08/23 01:58:00,2.88328527857869
2026/08/23 01:59:00,3.5667261121018687
2026/08/23 02:00:00,3.6594311626821376
2026/08/23 02:01:00,3.240694458329168
2026/08/23 02:02:00,2.825847754326298
2026/08/23 02:03:00,3.216666666666667
2026/08/23 02:04:00,3.5489944515720544
2026/08/23 02:05:00,3.391666666666666
2026/08/23 02:06:00,3.050864411583282
2026/08/23 02:07:00,2.816666666666667
2026/08/23 02:08:00,4.625
2026/08/23 02:09:00,3.9083333333333328
2026/08/23 02:10:00,3.0666666666666664
2026/08/23 02:11:00,3.5583333333333336
2026/08/23 02:12:00,2.933333333333333
2026/08/23 02:13:00,3.1416666666666666
2026/08/23 02:14:00,3.7166666666666663
2026/08/23 02:15:00,3.0166666666666666
2026/08/23 02:16:00,3.099070278916325
2026/08/23 02:17:00,2.8425194224934147
2026/08/23 02:18:00,2.975
2026/08/23 02:19:00,3.333333333333333
2026/08/23 02:20:00,3.149107752803373
2026/08/23 02:21:00,3.3176066552189782
2026/08/23 02:22:00,2.865854674508889
2026/08/23 02:23:00,4.20952603237584
2026/08/23 02:24:00,3.615702479338842
2026/08/23 02:25:00,3.100826887169912
2026/08/23 02:26:00,3.125
2026/08/23 02:27:00,2.9499999999999997
2026/08/23 02:28:00,2.824199810053818
2026/08/23 02:29:00,3.1416666666666666
2026/08/23 02:30:00,3.3833333333333333
2026/08/23 02:31:00,3.350949435673441
2026/08/23 02:32:00,3.0490852744176746
2026/08/23 02:33:00,2.966716111935199
2026/08/23 02:34:00,3.359285130787056
2026/08/23 02:35:00,3.225
2026/08/23 02:36:00,3.3073962377326422
2026/08/23 02:37:00,2.7591150826067388
2026/08/23 02:38:00,2.9499999999999997
2026/08/23 02:39:00,3.4000000000000004
2026/08/23 02:40:00,3.283333333333333
2026/08/23 02:41:00,3.5989802889181397
2026/08/23 02:42:00,2.8508077288565095
2026/08/23 02:43:00,2.983333333333333
2026/08/23 02:44:00,3.3750000000000004
2026/08/23 02:45:00,3.3750000000000004
2026/08/23 02:46:00,3.358333333333333
2026/08/23 02:47:00,2.833333333333333
2026/08/23 02:48:00,2.8249999999999997
2026/08/23 02:49:00,3.215755535931486
2026/08/23 02:50:00,3.474884170527649
2026/08/23 02:51:00,3.058231392286924
2026/08/23 02:52:00,2.892582651172871
2026/08/23 02:53:00,6.266666666666667
2026/08/23 02:54:00,4.116598056699055
2026/08/23 02:55:00,4.066666666666666
2026/08/23 02:56:00,3.916666666666667
2026/08/23 02:57:00,3.391666666666666
2026/08/23 02:58:00,3.575059584326405
2026/08/23 02:59:00,3.641605973233779
2026/08/23 03:00:00,
2026/08/23 03:01:00,
2026/08/23 03:02:00,52.61666666666667
2026/08/23 03:03:00,25.068292357918583
2026/08/23 03:04:00,16.81008605163098
2026/08/23 03:05:00,6.266666666666667
2026/08/23 03:06:00,6.566666666666666
2026/08/23 03:07:00,5.646706088115266
2026/08/23 03:08:00,5.2947552739097805
2026/08/23 03:09:00,4.572942176020791
2026/08/23 03:10:00,5.035599353042202
2026/08/23 03:11:00,5.25
2026/08/23 03:12:00,5.45
2026/08/23 03:13:00,5.638659381663112
2026/08/23 03:14:00,4.666666666666667
2026/08/23 03:15:00,5.378047560284161
2026/08/23 03:16:00,6.883333333333333
2026/08/23 03:17:00,4.691510282990567
2026/08/23 03:18:00,5.1335044501483384
2026/08/23 03:19:00,4.3999999999999995
2026/08/23 03:20:00,4.3999999999999995
2026/08/23 03:21:00,4.966501116629446
2026/08/23 03:22:00,4.5
2026/08/23 03:23:00,4.758412640210669
2026/08/23 03:24:00,4.558409306821781
2026/08/23 03:25:00,4.4165930567823874
2026/08/23 03:26:00,6.424892918451359
2026/08/23 03:27:00,4.8
2026/08/23 03:28:00,4.850080834680577
2026/08/23 03:29:00,4.608256529057849
2026/08/23 03:30:00,4.983333333333333
2026/08/23 03:31:00,4.716823894129804
2026/08/23 03:32:00,5.180915572732725
2026/08/23 03:33:00,8.703771634374895
2026/08/23 03:34:00,5.291666666666666
2026/08/23 03:35:00,4.9000816680278
2026/08/23 03:36:00,4.741587640205997
2026/08/23 03:37:00,4.475
2026/08/23 03:38:00,4.8
2026/08/23 03:39:00,4.747547100664656
2026/08/23 03:40:00,5.49148361721276
2026/08/23 03:41:00,4.452448846865776
2026/08/23 03:42:00,4.383333333333334
2026/08/23 03:43:00,5.183333333333334
2026/08/23 03:44:00,4.408333333333333
2026/08/23 03:45:00,7.308333333333333
2026/08/23 03:46:00,5.341755695928264
2026/08/23 03:47:00,4.7887933906322875
2026/08/23 03:48:00,4.752851711026616
2026/08/23 03:49:00,4.649922501291645
2026/08/23 03:50:00,4.6416666666666675
2026/08/23 03:51:00,4.766746112435207
2026/08/23 03:52:00,4.458259029016183
2026/08/23 03:53:00,4.825
2026/08/23 03:54:00,4.416666666666666
2026/08/23 03:55:00,5.083333333333334
2026/08/23 03:56:00,4.358333333333333
2026/08/23 03:57:00,4.45
2026/08/23 03:58:00,4.6499999999999995
2026/08/23 03:59:00,4.291666666666666
2026/08/23 04:00:00,6.266666666666667
2026/08/23 04:01:00,6.238027817106688
2026/08/23 04:02:00,5.558333333333333
2026/08/23 04:03:00,7.687817893771366
2026/08/23 04:04:00,5.108333333333333
2026/08/23 04:05:00,5.791666666666666
2026/08/23 04:06:00,5.208333333333334
2026/08/23 04:07:00,4.325
2026/08/23 04:08:00,4.791666666666667
2026/08/23 04:09:00,4.583409723495391
2026/08/23 04:10:00,4.741587640205997
2026/08/23 04:11:00,4.741666666666667
2026/08/23 04:12:00,4.764046441124049
2026/08/23 04:13:00,4.794383483974252
2026/08/23 04:14:00,4.43922509286559
2026/08/23 04:15:00,4.5024012806830305
2026/08/23 04:16:00,4.433333333333334
2026/08/23 04:17:00,4.283333333333333
2026/08/23 04:18:00,5.005246764495228
2026/08/23 04:19:00,5.620132414989243
2026/08/23 04:20:00,4.722245356875157
2026/08/23 04:21:00,5.044693482756321
2026/08/23 04:22:00,4.308333333333334
2026/08/23 04:23:00,4.6915884735254405
2026/08/23 04:24:00,4.308405140085668
2026/08/23 04:25:00,4.325
2026/08/23 04:26:00,4.555751740680281
2026/08/23 04:27:00,4.219057465897341
2026/08/23 04:28:00,4.666588890185164
2026/08/23 04:29:00,4.025
2026/08/23 04:30:00,4.308333333333334
2026/08/23 04:31:00,4.8167469457824295
2026/08/23 04:32:00,5.388523361372533
2026/08/23 04:33:00,5.7199079478371075
2026/08/23 04:34:00,4.1084018066967785
2026/08/23 04:35:00,4.041599306678222
2026/08/23 04:36:00,4.691666666666667
2026/08/23 04:37:00,4.408333333333333
2026/08/23 04:38:00,5.658521950731691
2026/08/23 04:39:00,4.633178894036866
2026/08/23 04:40:00,4.45
2026/08/23 04:41:00,4.7333333333333325
2026/08/23 04:42:00,4.7
2026/08/23 04:43:00,4.691744862414374
2026/08/23 04:44:00,4.083265278912019
2026/08/23 04:45:00,4.763967085318319
2026/08/23 04:46:00,4.86942600807124
2026/08/23 04:47:00,4.566742779046318
2026/08/23 04:48:00,4.7749999999999995
2026/08/23 04:49:00,4.099931667805536
2026/08/23 04:50:00,4.066666666666666
2026/08/23 04:51:00,4.691666666666667
2026/08/23 04:52:00,4.914209561885724
2026/08/23 04:53:00,4.694013673503418
2026/08/23 04:54:00,4.05
2026/08/23 04:55:00,4.075
2026/08/23 04:56:00,4.466666666666666
2026/08/23 04:57:00,4.2084736157871925
2026/08/23 04:58:00,4.458184727175761
2026/08/23 04:59:00,3.9333333333333327
2026/08/23 05:00:00,4.7749999999999995
2026/08/23 05:01:00,4.705745173487915
2026/08/23 05:02:00,5.019427351710107
2026/08/23 05:03:00,5.8
2026/08/23 05:04:00,3.9417323622060367
2026/08/23 05:05:00,4.191596806719888
2026/08/23 05:06:00,5.916666666666666
2026/08/23 05:07:00,4.916748612476875
2026/08/23 05:08:00,4.299928334527758
2026/08/23 05:09:00,4.156116737739872
2026/08/23 05:10:00,4.741508616379455
2026/08/23 05:11:00,4.185775035437338
2026/08/23 05:12:00,4.514409461935698
2026/08/23 05:13:00,4.4938386886995385
2026/08/23 05:14:00,3.9499999999999997
2026/08/23 05:15:00,4.075
2026/08/23 05:16:00,4.441814727157572
2026/08/23 05:17:00,4.039310402265346
2026/08/23 05:18:00,4.591360575961603
2026/08/23 05:19:00,4.060837516468489
2026/08/23 05:20:00,3.975
2026/08/23 05:21:00,4.491666666666666
2026/08/23 05:22:00,4.633333333333333
2026/08/23 05:23:00,4.750079167986134
2026/08/23 05:24:00,4.1249312511458145
2026/08/23 05:25:00,3.9333333333333327
2026/08/23 05:26:00,4.141666666666667
2026/08/23 05:27:00,3.9583333333333326
2026/08/23 05:28:00,4.616666666666667
2026/08/23 05:29:00,4.075
2026/08/23 05:30:00,4.191666666666666
2026/08/23 05:31:00,4.516666666666667
2026/08/23 05:32:00,5.191839727990932
2026/08/23 05:33:00,7.0498825019583
2026/08/23 05:34:00,4.014659336998168
2026/08/23 05:35:00,4.227184045089963
2026/08/23 05:36:00,3.849871670944302
2026/08/23 05:37:00,4.200140004666822
2026/08/23 05:38:00,4.533182227259091
2026/08/23 05:39:00,4.023122542813353
2026/08/23 05:40:00,4.026879210298139
2026/08/23 05:41:00,4.405836692540893
2026/08/23 05:42:00,4.167083375004167
2026/08/23 05:43:00,4.668845461215233
2026/08/23 05:44:00,3.773239155060971
2026/08/23 05:45:00,4.402054292002934
2026/08/23 05:46:00,4.400146671555718
2026/08/23 05:47:00,4.0313848306651785
2026/08/23 05:48:00,4.7521384623080385
2026/08/23 05:49:00,3.873192510161924
2026/08/23 05:50:00,4.260321483358901
2026/08/23 05:51:00,4.3061802432117275
2026/08/23 05:52:00,4.600230011500575
2026/08/23 05:53:00,4.374416744434075
2026/08/23 05:54:00,3.918952722421413
2026/08/23 05:55:00,4.175139171305711
2026/08/23 05:56:00,3.774937084381927
2026/08/23 05:57:00,4.0397814353301795
2026/08/23 05:58:00,4.201890850882897
2026/08/23 05:59:00,3.8750645844097398
2026/08/23 06:00:00,4.3999266678888675
2026/08/23 06:01:00,4.575076251270854
2026/08/23 06:02:00,4.949917501374976
2026/08/23 06:03:00,5.408333333333332
2026/08/23 06:04:00,4.858414306905115
2026/08/23 06:05:00,4.208333333333334
2026/08/23 06:06:00,4.397654584221748
2026/08/23 06:07:00,4.118932079310288
2026/08/23 06:08:00,4.208193060231325
2026/08/23 06:09:00,3.806620354173955
2026/08/23 06:10:00,3.993463725343071
2026/08/23 06:11:00,4.866666666666666
2026/08/23 06:12:00,4.3
2026/08/23 06:13:00,4.541742362372706
2026/08/23 06:14:00,3.8249362510624825
2026/08/23 06:15:00,4.225
2026/08/23 06:16:00,4.6
2026/08/23 06:17:00,4.330879168471199
2026/08/23 06:18:00,4.560917853450289
2026/08/23 06:19:00,3.975
2026/08/23 06:20:00,4.175
2026/08/23 06:21:00,4.60572342339341
2026/08/23 06:22:00,4.425073751229187
2026/08/23 06:23:00,4.9860756749545585
2026/08/23 06:24:00,3.958399306655111
2026/08/23 06:25:00,4.388887038209134
2026/08/23 06:26:00,4.3110636736599846
2026/08/23 06:27:00,4.099931667805536
2026/08/23 06:28:00,4.316738612310204
2026/08/23 06:29:00,3.891601806636556
2026/08/23 06:30:00,5.016666666666667
2026/08/23 06:31:00,4.066666666666666
2026/08/23 06:32:00,4.958333333333334
2026/08/23 06:33:00,5.591666666666667
2026/08/23 06:34:00,3.891666666666667
2026/08/23 06:35:00,4.866666666666666
2026/08/23 06:36:00,3.9083333333333328
2026/08/23 06:37:00,4.216666666666666
2026/08/23 06:38:00,4.666666666666667
2026/08/23 06:39:00,4.106143390191898
2026/08/23 06:40:00,4.191526949101696
2026/08/23 06:41:00,4.519227562285295
2026/08/23 06:42:00,4.366666666666666
2026/08/23 06:43:00,4.516666666666667
2026/08/23 06:44:00,4.058333333333334
2026/08/23 06:45:00,4.316666666666666
2026/08/23 06:46:00,4.291666666666666
2026/08/23 06:47:00,4.133333333333334
2026/08/23 06:48:00,4.725
2026/08/23 06:49:00,4.066666666666666
2026/08/23 06:50:00,4.483333333333333
2026/08/23 06:51:00,4.208333333333334
2026/08/23 06:52:00,4.375
2026/08/23 06:53:00,4.45
2026/08/23 06:54:00,4.125
2026/08/23 06:55:00,3.997601439136518
2026/08/23 06:56:00,4.550227511375569
2026/08/23 06:57:00,3.935497857154768
2026/08/23 06:58:00,4.2749999999999995
2026/08/23 06:59:00,3.8333972232870552
2026/08/23 07:00:00,4.30007166786113
2026/08/23 07:01:00,4.574847505083164
2026/08/23 07:02:00,4.955937963317729
2026/08/23 07:03:00,5.469401367350342
2026/08/23 07:04:00,4.191596806719888
2026/08/23 07:05:00,4.105869811446466
2026/08/23 07:06:00,4.319258221599626
2026/08/23 07:07:00,4.2
2026/08/23 07:08:00,4.691744862414374
2026/08/23 07:09:00,3.8749354177430377
2026/08/23 07:10:00,3.8977263263096527
2026/08/23 07:11:00,4.477611940298507
2026/08/23 07:12:00,4.225
2026/08/23 07:13:00,4.555599973349324
2026/08/23 07:14:00,4.002401440864518
2026/08/23 07:15:00,5.116666666666666
2026/08/23 07:16:00,5.0417506958449305
2026/08/23 07:17:00,4.2165963900601655
2026/08/23 07:18:00,4.591666666666667
2026/08/23 07:19:00,4.006463650296528
2026/08/23 07:20:00,4.001867538184485
2026/08/23 07:21:00,4.447405680019988
2026/08/23 07:22:00,4.549924167930534
2026/08/23 07:23:00,4.544469089271717
2026/08/23 07:24:00,3.974933751104148
2026/08/23 07:25:00,4.5
2026/08/23 07:26:00,3.9833333333333325
2026/08/23 07:27:00,4.291666666666666
2026/08/23 07:28:00,4.325
2026/08/23 07:29:00,3.875
2026/08/23 07:30:00,4.508333333333334
2026/08/23 07:31:00,4.041666666666666
2026/08/23 07:32:00,5.729799956693372
2026/08/23 07:33:00,6.8542267731767925
2026/08/23 07:34:00,3.883333333333333
2026/08/23 07:35:00,4.025067084451407
2026/08/23 07:36:00,4.441592640122664
2026/08/23 07:37:00,4.408333333333333
2026/08/23 07:38:00,4.408333333333333
2026/08/23 07:39:00,4.0166666666666675
2026/08/23 07:40:00,4.055764682367833
2026/08/23 07:41:00,4.66136321942596
2026/08/23 07:42:00,4.341594306761554
2026/08/23 07:43:00,4.45
2026/08/23 07:44:00,4.1
2026/08/23 07:45:00,4.406130268199234
2026/08/23 07:46:00,4.343838585959646
2026/08/23 07:47:00,4.166666666666666
2026/08/23 07:48:00,4.791666666666667
2026/08/23 07:49:00,3.8646699205410537
2026/08/23 07:50:00,4.1688205572879315
2026/08/23 07:51:00,4.75
2026/08/23 07:52:00,4.366666666666666
2026/08/23 07:53:00,4.6083333333333325
2026/08/23 07:54:00,3.9583333333333326
2026/08/23 07:55:00,4.55
2026/08/23 07:56:00,3.8833980566342774
2026/08/23 07:57:00,4.408259862335628
2026/08/23 07:58:00,4.25
2026/08/23 07:59:00,3.7916666666666665
2026/08/23 08:00:00,4.45
2026/08/23 08:01:00,4.508408473474558
2026/08/23 08:02:00,4.866666666666666
2026/08/23 08:03:00,6.266562223962933
2026/08/23 08:04:00,4.308333333333334
2026/08/23 08:05:00,4.131198880578368
2026/08/23 08:06:00,4.0187430172255665
2026/08/23 08:07:00,4.000066667777796
2026/08/23 08:08:00,4.031049072192424
2026/08/23 08:09:00,3.9771874530992046
2026/08/23 08:10:00,3.975
2026/08/23 08:11:00,4.333333333333334
2026/08/23 08:12:00,5.416666666666667
2026/08/23 08:13:00,5.083333333333334
2026/08/23 08:14:00,4.0166666666666675
2026/08/23 08:15:00,4.008333333333333
2026/08/23 08:16:00,4.15
2026/08/23 08:17:00,4.188943853162112
2026/08/23 08:18:00,4.361168092593519
2026/08/23 08:19:00,4.241666666666666
2026/08/23 08:20:00,4.255638095872613
2026/08/23 08:21:00,4.094259697808612
2026/08/23 08:22:00,4.216666666666666
2026/08/23 08:23:00,4.3999999999999995
2026/08/23 08:24:00,4.000066667777796
2026/08/23 08:25:00,3.84993583440276
2026/08/23 08:26:00,4.216666666666666
2026/08/23 08:27:00,4
2026/08/23 08:28:00,4.2307948564194815
2026/08/23 08:29:00,3.960709759188847
2026/08/23 08:30:00,4.008333333333333
2026/08/23 08:31:00,4.3999999999999995
2026/08/23 08:32:00,5.416666666666667
2026/08/23 08:33:00,5.966666666666666
2026/08/23 08:34:00,3.9083333333333328
2026/08/23 08:35:00,4.6416666666666675
2026/08/23 08:36:00,4.916666666666666
2026/08/23 08:37:00,4.291666666666666
2026/08/23 08:38:00,4.655307383534036
2026/08/23 08:39:00,3.84198683223602
2026/08/23 08:40:00,3.8166666666666673
2026/08/23 08:41:00,4.29409998999433
2026/08/23 08:42:00,4.333333333333334
2026/08/23 08:43:00,4.4809434968017055
2026/08/23 08:44:00,4.052161152614728
2026/08/23 08:45:00,4.297421547071758
2026/08/23 08:46:00,4.060769795210459
2026/08/23 08:47:00,4.116735278921315
2026/08/23 08:48:00,4.483258612356461
2026/08/23 08:49:00,4.041801393379779
2026/08/23 08:50:00,4.041531948935036
2026/08/23 08:51:00,4.383333333333334
2026/08/23 08:52:00,4.380850851184329
2026/08/23 08:53:00,4.477537271120301
2026/08/23 08:54:00,3.8500641677361287
2026/08/23 08:55:00,3.775062917715295
2026/08/23 08:56:00,4.183193893536882
2026/08/23 08:57:00,4.3334777825927535
2026/08/23 08:58:00,4.108333333333333
2026/08/23 08:59:00,3.866666666666667
2026/08/23 09:00:00,3.974933751104148
2026/08/23 09:01:00,4.55
2026/08/23 09:02:00,5.066751112518542
2026/08/23 09:03:00,6.916436118796041
2026/08/23 09:04:00,5.258333333333334
2026/08/23 09:05:00,3.8166666666666673
2026/08/23 09:06:00,4.316666666666666
2026/08/23 09:07:00,4.4143123667377395
2026/08/23 09:08:00,4.460786766054663
2026/08/23 09:09:00,3.925
2026/08/23 09:10:00,4.041599306678222
2026/08/23 09:11:00,4.583333333333333
2026/08/23 09:12:00,4.388960141246231
2026/08/23 09:13:00,4.377699581408535
2026/08/23 09:14:00,3.9725502606725853
2026/08/23 09:15:00,3.994196324338748
2026/08/23 09:16:00,4.613821476756001
2026/08/23 09:17:00,3.9273564138483086
2026/08/23 09:18:00,4.35
2026/08/23 09:19:00,4.033467782259408
2026/08/23 09:20:00,3.9582013932868905
2026/08/23 09:21:00,4.533333333333333
2026/08/23 09:22:00,3.9833333333333325
2026/08/23 09:23:00,4.2917381956365945
2026/08/23 09:24:00,3.7666038899351673
2026/08/23 09:25:00,4.058333333333334
2026/08/23 09:26:00,4.3
2026/08/23 09:27:00,3.9
2026/08/23 09:28:00,4.158471949064968
2026/08/23 09:29:00,3.7248758374720845
2026/08/23 09:30:00,4.383333333333334
2026/08/23 09:31:00,4.341739028983816
2026/08/23 09:32:00,4.966666666666666
2026/08/23 09:33:00,6.7665538907684875
2026/08/23 09:34:00,3.8500641677361287
2026/08/23 09:35:00,4.1082648622522955
2026/08/23 09:36:00,4.125068751145852
2026/08/23 09:37:00,4.022385449457853
2026/08/23 09:38:00,4.469571888394123
2026/08/23 09:39:00,3.9832669455509078
2026/08/23 09:40:00,4.238981978080549
2026/08/23 09:41:00,4.35862390826055
2026/08/23 09:42:00,4.16902911649935
2026/08/23 09:43:00,4.372376574055567
2026/08/23 09:44:00,3.9167319455324257
2026/08/23 09:45:00,4.969565579921621
2026/08/23 09:46:00,4.25
2026/08/23 09:47:00,4
2026/08/23 09:48:00,4.575
2026/08/23 09:49:00,4.1
2026/08/23 09:50:00,4.45
2026/08/23 09:51:00,4.3999999999999995
2026/08/23 09:52:00,4.366666666666666
2026/08/23 09:53:00,4.416666666666666
2026/08/23 09:54:00,3.9583333333333326
2026/08/23 09:55:00,3.9391062476057233
2026/08/23 09:56:00,4.044362908605737
2026/08/23 09:57:00,3.933267778870352
2026/08/23 09:58:00,4.225
2026/08/23 09:59:00,4.083401390023167
2026/08/23 10:00:00,4.780624312889363
2026/08/23 10:01:00,4.152353000033352
2026/08/23 10:02:00,4.7249212513124785
2026/08/23 10:03:00,5.816666666666666
2026/08/23 10:04:00,3.7219603990074765
2026/08/23 10:05:00,4.687161181631667
2026/08/23 10:06:00,3.766666666666666
2026/08/23 10:07:00,3.9167319455324257
2026/08/23 10:08:00,4.391593473442109
2026/08/23 10:09:00,3.8083333333333327
2026/08/23 10:10:00,4.216666666666666
2026/08/23 10:11:00,4.314437540604022
2026/08/23 10:12:00,4.166666666666666
2026/08/23 10:13:00,4.585702613016726
2026/08/23 10:14:00,4.05
2026/08/23 10:15:00,4.116666666666666
2026/08/23 10:16:00,4.2
2026/08/23 10:17:00,4.07506791779863
2026/08/23 10:18:00,4.49159180680322
2026/08/23 10:19:00,3.7473768362146496
2026/08/23 10:20:00,4.0028019613729615
2026/08/23 10:21:00,4.225140838027934
2026/08/23 10:22:00,4.00566289140573
2026/08/23 10:23:00,4.661285480804509
2026/08/23 10:24:00,3.8083333333333327
2026/08/23 10:25:00,3.975
2026/08/23 10:26:00,4.108333333333333
2026/08/23 10:27:00,4.233333333333333
2026/08/23 10:28:00,4.258333333333334
2026/08/23 10:29:00,3.9416666666666673
2026/08/23 10:30:00,4.258333333333334
2026/08/23 10:31:00,4.408333333333333
2026/08/23 10:32:00,5.008416806946783
2026/08/23 10:33:00,5.487916590329942
2026/08/23 10:34:00,3.8525683789192793
2026/08/23 10:35:00,3.8083333333333327
2026/08/23 10:36:00,4.3306627579659205
2026/08/23 10:37:00,4.060837516468489
2026/08/23 10:38:00,4.205949961688376
2026/08/23 10:39:00,3.768802321315412
2026/08/23 10:40:00,3.9833333333333325
2026/08/23 10:41:00,4.383333333333334
2026/08/23 10:42:00,4.2417373622893715
2026/08/23 10:43:00,4.3999266678888675
2026/08/23 10:44:00,3.7583333333333333
2026/08/23 10:45:00,4.241666666666666
2026/08/23 10:46:00,4.239335032398847
2026/08/23 10:47:00,4.1439458368769495
2026/08/23 10:48:00,4.441666666666666
2026/08/23 10:49:00,3.958399306655111
2026/08/23 10:50:00,4.041599306678222
2026/08/23 10:51:00,4.50007500125002
2026/08/23 10:52:00,4.233262778953684
2026/08/23 10:53:00,4.480495686065491
2026/08/23 10:54:00,3.8357626496781294
2026/08/23 10:55:00,4.0166666666666675
2026/08/23 10:56:00,4.480794216610587
2026/08/23 10:57:00,4.002334695238889
2026/08/23 10:58:00,4.208333333333334
2026/08/23 10:59:00,3.9167319455324257
2026/08/23 11:00:00,4.433185560481317
2026/08/23 11:01:00,4.805530107437328
2026/08/23 11:02:00,4.852830817977153
2026/08/23 11:03:00,5.7749999999999995
2026/08/23 11:04:00,3.8333333333333326
2026/08/23 11:05:00,4.266666666666667
2026/08/23 11:06:00,4.408406806780112
2026/08/23 11:07:00,4.183263612273128
2026/08/23 11:08:00,4.588836883921582
2026/08/23 11:09:00,3.7856678284942373
2026/08/23 11:10:00,4.566666666666666
2026/08/23 11:11:00,3.9333333333333327
2026/08/23 11:12:00,4.208333333333334
2026/08/23 11:13:00,4.114609361985673
2026/08/23 11:14:00,3.743538435884609
2026/08/23 11:15:00,4.358333333333333
2026/08/23 11:16:00,4.100068334472241
2026/08/23 11:17:00,3.816730278837981
2026/08/23 11:18:00,4.389106354626468
2026/08/23 11:19:00,3.868794503643671
2026/08/23 11:20:00,4.15
2026/08/23 11:21:00,4.258333333333334
2026/08/23 11:22:00,4.316738612310204
2026/08/23 11:23:00,4.291595140080998
2026/08/23 11:24:00,3.7562048172702136
2026/08/23 11:25:00,4.068972417703366
2026/08/23 11:26:00,4.025
2026/08/23 11:27:00,4.05
2026/08/23 11:28:00,4.308405140085668
2026/08/23 11:29:00,3.774937084381927
2026/08/23 11:30:00,4.541742362372706
2026/08/23 11:31:00,4.116598056699055
2026/08/23 11:32:00,4.991666666666666
2026/08/23 11:33:00,6.758333333333333
2026/08/23 11:34:00,3.8813279805433853
2026/08/23 11:35:00,3.8686654771632005
2026/08/23 11:36:00,4.025
2026/08/23 11:37:00,3.866666666666667
2026/08/23 11:38:00,4.175
2026/08/23 11:39:00,4.122663823833162
2026/08/23 11:40:00,4.252409698829337
2026/08/23 11:41:00,3.9976680269842593
2026/08/23 11:42:00,4.452671602961777
2026/08/23 11:43:00,4.466592223462943
2026/08/23 11:44:00,3.9833333333333325
2026/08/23 11:45:00,4.150069167819464
2026/08/23 11:46:00,4.27492875118748
2026/08/23 11:47:00,3.925
2026/08/23 11:48:00,4.5249999999999995
2026/08/23 11:49:00,3.775
2026/08/23 11:50:00,3.875
2026/08/23 11:51:00,4.658333333333332
2026/08/23 11:52:00,4.033333333333333
2026/08/23 11:53:00,4.613898327670064
2026/08/23 11:54:00,3.9190180775131753
2026/08/23 11:55:00,3.916666666666667
2026/08/23 11:56:00,4.350145004833494
2026/08/23 11:57:00,4.016532782240592
2026/08/23 11:58:00,4.5
2026/08/23 11:59:00,3.90598973948964
2026/08/23 12:00:00,4.7194983656860785
2026/08/23 12:01:00,4.2140679914053
2026/08/23 12:02:00,5.036439137468105
2026/08/23 12:03:00,5.566666666666667
2026/08/23 12:04:00,4.491666666666666
2026/08/23 12:05:00,4.475
2026/08/23 12:06:00,4.075
2026/08/23 12:07:00,4.091734862247704
2026/08/23 12:08:00,4.183403056717612
2026/08/23 12:09:00,3.7915402819906006
2026/08/23 12:10:00,4.2749999999999995
2026/08/23 12:11:00,4.391813060435348
2026/08/23 12:12:00,4.499925001249979
2026/08/23 12:13:00,4.4221256183480735
2026/08/23 12:14:00,3.9582673622106297
2026/08/23 12:15:00,4.202801867911941
2026/08/23 12:16:00,4.383333333333334
2026/08/23 12:17:00,4.158264028932851
2026/08/23 12:18:00,4.7666666666666675
2026/08/23 12:19:00,3.9333333333333327
2026/08/23 12:20:00,4.208333333333334
2026/08/23 12:21:00,4.625
2026/08/23 12:22:00,4.166666666666666
2026/08/23 12:23:00,4.489122830396108
2026/08/23 12:24:00,4.069040273492871
2026/08/23 12:25:00,4.15
2026/08/23 12:26:00,4.608256529057849
2026/08/23 12:27:00,4.0477737244515515
2026/08/23 12:28:00,4.377407574165791
2026/08/23 12:29:00,3.9666666666666672
2026/08/23 12:30:00,4.064431229490447
2026/08/23 12:31:00,4.785965614421265
2026/08/23 12:32:00,4.9000816680278
2026/08/23 12:33:00,5.608333333333333
2026/08/23 12:34:00,3.8475632099670216
2026/08/23 12:35:00,4.444407384553808
2026/08/23 12:36:00,3.9416666666666673
2026/08/23 12:37:00,4.166666666666666
2026/08/23 12:38:00,4.225
2026/08/23 12:39:00,3.7583333333333333
2026/08/23 12:40:00,4.258333333333334
2026/08/23 12:41:00,4.530388580755842
2026/08/23 12:42:00,4.060972965761079
2026/08/23 12:43:00,4.5249999999999995
2026/08/23 12:44:00,3.8166666666666673
2026/08/23 12:45:00,4.722324016390712
2026/08/23 12:46:00,4.16902911649935
2026/08/23 12:47:00,3.9251308376945895
2026/08/23 12:48:00,4.380486017422009
2026/08/23 12:49:00,3.810683254673715
2026/08/23 12:50:00,4.316666666666666
2026/08/23 12:51:00,4.389106354626468
2026/08/23 12:52:00,4.352538981072292
2026/08/23 12:53:00,4.466666666666666
2026/08/23 12:54:00,3.8000633343889065
2026/08/23 12:55:00,4.17493041782637
2026/08/23 12:56:00,4.097746239568237
2026/08/23 12:57:00,4.1105941601213996
2026/08/23 12:58:00,4.25
2026/08/23 12:59:00,3.766666666666666
2026/08/23 13:00:00,4.358333333333333
2026/08/23 13:01:00,4.363902861521037
2026/08/23 13:02:00,4.800560065340957
2026/08/23 13:03:00,5.7446347279427705
2026/08/23 13:04:00,3.939303084815777
2026/08/23 13:05:00,4.210859849242879
2026/08/23 13:06:00,4.2641082017456196
2026/08/23 13:07:00,4.002401440864518
2026/08/23 13:08:00,4.191666666666666
2026/08/23 13:09:00,3.8166666666666673
2026/08/23 13:10:00,4.489122830396108
2026/08/23 13:11:00,4.010606010072374
2026/08/23 13:12:00,4.097882760573704
2026/08/23 13:13:00,4.360731735788017
2026/08/23 13:14:00,3.8416026399560006
2026/08/23 13:15:00,4.35
2026/08/23 13:16:00,3.9395655650319825
2026/08/23 13:17:00,3.8771324228325574
2026/08/23 13:18:00,4.258191393620213
2026/08/23 13:19:00,4.0063301682492085
2026/08/23 13:20:00,3.735325506937033
2026/08/23 13:21:00,4.3226225575933235
2026/08/23 13:22:00,4.116666666666666
2026/08/23 13:23:00,4.2438593273191145
2026/08/23 13:24:00,4.025067084451407
2026/08/23 13:25:00,3.7833333333333328
2026/08/23 13:26:00,4.074932084465259
2026/08/23 13:27:00,3.7583333333333333
2026/08/23 13:28:00,4.208333333333334
2026/08/23 13:29:00,3.8333333333333326
2026/08/23 13:30:00,4.3999999999999995
2026/08/23 13:31:00,4.0063301682492085
2026/08/23 13:32:00,4.949917501374976
2026/08/23 13:33:00,6.453334222681718
2026/08/23 13:34:00,3.9229731305492157
2026/08/23 13:35:00,3.802091150132573
2026/08/23 13:36:00,3.8728699215431512
2026/08/23 13:37:00,3.8437807460770097
2026/08/23 13:38:00,4.316522782573914
2026/08/23 13:39:00,3.8333333333333326
2026/08/23 13:40:00,3.731405440522397
2026/08/23 13:41:00,4.3439110206940255
2026/08/23 13:42:00,4.083333333333334
2026/08/23 13:43:00,4.3334777825927535
2026/08/23 13:44:00,3.606349840920827
2026/08/23 13:45:00,4.074864171194293
2026/08/23 13:46:00,4.010539129854752
2026/08/23 13:47:00,4.239476270593526
2026/08/23 13:48:00,4.460637996298087
2026/08/23 13:49:00,3.725
2026/08/23 13:50:00,4.141735695594926
2026/08/23 13:51:00,3.8583976399606654
2026/08/23 13:52:00,4.3476812366737745
2026/08/23 13:53:00,4.48557612139403
2026/08/23 13:54:00,3.7083951399189985
2026/08/23 13:55:00,4.383406390106503
2026/08/23 13:56:00,3.6916051399143353
2026/08/23 13:57:00,4.181173060585364
2026/08/23 13:58:00,4.2355923159018145
2026/08/23 13:59:00,3.833205559814673
2026/08/23 14:00:00,4.05
2026/08/23 14:01:00,4.975
2026/08/23 14:02:00,6.188056966769385
2026/08/23 14:03:00,6.328691736846493
2026/08/23 14:04:00,3.891731528858814
2026/08/23 14:05:00,4.08115671641791
2026/08/23 14:06:00,4.477313278527239
2026/08/23 14:07:00,4.35
2026/08/23 14:08:00,4.6226116506471655
2026/08/23 14:09:00,3.776951424902866
2026/08/23 14:10:00,4.131061249646028
2026/08/23 14:11:00,3.91647084312451
2026/08/23 14:12:00,4.385964912280701
2026/08/23 14:13:00,4.314221940900157
2026/08/23 14:14:00,3.877197078344395
2026/08/23 14:15:00,4.1
2026/08/23 14:16:00,4.022653452152911
2026/08/23 14:17:00,3.9773201033936463
2026/08/23 14:18:00,4.58104281192737
2026/08/23 14:19:00,3.7518759379689848
2026/08/23 14:20:00,4.008400140002333
2026/08/23 14:21:00,4.28326194563424
2026/08/23 14:22:00,3.9478286942181797
2026/08/23 14:23:00,4.360731735788017
2026/08/23 14:24:00,3.6917281954699246
2026/08/23 14:25:00,4.0332661122314635
2026/08/23 14:26:00,4.308333333333334
2026/08/23 14:27:00,3.9396311905515486
2026/08/23 14:28:00,4.294028382276919
2026/08/23 14:29:00,3.7142524026049735
2026/08/23 14:30:00,4.069311719284202
2026/08/23 14:31:00,4.333188893703543
2026/08/23 14:32:00,4.8999999999999995
2026/08/23 14:33:00,5.5
2026/08/23 14:34:00,3.8083333333333327
2026/08/23 14:35:00,3.966732778879648
2026/08/23 14:36:00,4.047841151385927
2026/08/23 14:37:00,4.0187430172255665
2026/08/23 14:38:00,4.364411720611018
2026/08/23 14:39:00,3.8583976399606654
2026/08/23 14:40:00,3.885275971318993
2026/08/23 14:41:00,4.505554907806853
2026/08/23 14:42:00,4.019145139502693
2026/08/23 14:43:00,4.425
2026/08/23 14:44:00,3.875
2026/08/23 14:45:00,4.066666666666666
2026/08/23 14:46:00,4.05
2026/08/23 14:47:00,3.9
2026/08/23 14:48:00,4.483333333333333
2026/08/23 14:49:00,3.925
2026/08/23 14:50:00,3.783459448648288
2026/08/23 14:51:00,4.541515282823906
2026/08/23 14:52:00,4.183333333333334
2026/08/23 14:53:00,4.375
2026/08/23 14:54:00,3.9666666666666672
2026/08/23 14:55:00,3.8249999999999997
2026/08/23 14:56:00,4.041666666666666
2026/08/23 14:57:00,3.9167319455324257
2026/08/23 14:58:00,4.455585722138014
2026/08/23 14:59:00,3.9858577098829255
2026/08/23 15:00:00,4.1748608379720675
2026/08/23 15:01:00,4.466666666666666
2026/08/23 15:02:00,4.722638680659671
2026/08/23 15:03:00,7.195264298816074
2026/08/23 15:04:00,5.072379270710133
2026/08/23 15:05:00,4.066666666666666
2026/08/23 15:06:00,3.885340759392353
2026/08/23 15:07:00,3.9229731305492157
2026/08/23 15:08:00,4.560689689672998
2026/08/23 15:09:00,3.6333333333333333
2026/08/23 15:10:00,4.130923627883735
2026/08/23 15:11:00,4.083605573704914
2026/08/23 15:12:00,4.1938334806316595
2026/08/23 15:13:00,5.830418124271198
2026/08/23 15:14:00,4.5356011339002835
2026/08/23 15:15:00,4.025
2026/08/23 15:16:00,4.131198880578368
2026/08/23 15:17:00,3.916666666666667
2026/08/23 15:18:00,4.777468358651969
2026/08/23 15:19:00,3.7083333333333335
2026/08/23 15:20:00,3.8083333333333327
2026/08/23 15:21:00,4.383479449314978
2026/08/23 15:22:00,4.125
2026/08/23 15:23:00,4.608256529057849
2026/08/23 15:24:00,3.7397344705235622
2026/08/23 15:25:00,3.7935634483908625
2026/08/23 15:26:00,4.1
2026/08/23 15:27:00,4.081020754905554
2026/08/23 15:28:00,4.152353000033352
2026/08/23 15:29:00,3.639604224272912
2026/08/23 15:30:00,4.066802226740891
2026/08/23 15:31:00,4.344128339392323
2026/08/23 15:32:00,5.175
2026/08/23 15:33:00,6.629576573275143
2026/08/23 15:34:00,3.7521262048494144
2026/08/23 15:35:00,4.464211350423933
2026/08/23 15:36:00,4.191666666666666
2026/08/23 15:37:00,4.177297513632498
2026/08/23 15:38:00,4.339280062632219
2026/08/23 15:39:00,3.7000616676944613
2026/08/23 15:40:00,4.183263612273128
2026/08/23 15:41:00,4.091598473358777
2026/08/23 15:42:00,4.150069167819464
2026/08/23 15:43:00,4.416666666666666
2026/08/23 15:44:00,3.8271049076992343
2026/08/23 15:45:00,4.625
2026/08/23 15:46:00,3.9727487756937734
2026/08/23 15:47:00,4.043958243004369
2026/08/23 15:48:00,4.458333333333334
2026/08/23 15:49:00,3.7563299573560767
2026/08/23 15:50:00,4.0665988900185
2026/08/23 15:51:00,4.50007500125002
2026/08/23 15:52:00,4.285618996798292
2026/08/23 15:53:00,4.422567587826695
2026/08/23 15:54:00,3.8083333333333327
2026/08/23 15:55:00,4.0355528874214155
2026/08/23 15:56:00,4.408333333333333
2026/08/23 15:57:00,3.866666666666667
2026/08/23 15:58:00,4.4141653063264155
2026/08/23 15:59:00,3.816730278837981
2026/08/23 16:00:00,4.266666666666667
2026/08/23 16:01:00,4.649922501291645
2026/08/23 16:02:00,5.036187172731214
2026/08/23 16:03:00,5.791666666666666
2026/08/23 16:04:00,3.856148182696472
2026/08/23 16:05:00,4.6943267851782675
2026/08/23 16:06:00,3.7645334310557352
2026/08/23 16:07:00,3.875
2026/08/23 16:08:00,4.369142514091318
2026/08/23 16:09:00,3.8583333333333325
2026/08/23 16:10:00,4
2026/08/23 16:11:00,4.391666666666667
2026/08/23 16:12:00,4.291666666666666
2026/08/23 16:13:00,4.397508078755372
2026/08/23 16:14:00,4.30007166786113
2026/08/23 16:15:00,4.1439458368769495
2026/08/23 16:16:00,4.191666666666666
2026/08/23 16:17:00,3.883333333333333
2026/08/23 16:18:00,4.9639365015907915
2026/08/23 16:19:00,4.677572664965731
2026/08/23 16:20:00,4.3
2026/08/23 16:21:00,3.7894561505788293
2026/08/23 16:22:00,4.116803893463115
2026/08/23 16:23:00,4.494138442810213
2026/08/23 16:24:00,4.091666666666666
2026/08/23 16:25:00,4.266666666666667
2026/08/23 16:26:00,3.7583333333333333
2026/08/23 16:27:00,3.9311711891792847
2026/08/23 16:28:00,4.377407574165791
2026/08/23 16:29:00,3.8394909551254286
2026/08/23 16:30:00,3.9855918353733784
2026/08/23 16:31:00,4.47261460554371
2026/08/23 16:32:00,4.883251945800903
2026/08/23 16:33:00,5.5832402793286775
2026/08/23 16:34:00,4.108333333333333
2026/08/23 16:35:00,3.9167319455324257
2026/08/23 16:36:00,4.183333333333334
2026/08/23 16:37:00,4.102256240932513
2026/08/23 16:38:00,4.366666666666666
2026/08/23 16:39:00,3.9666666666666672
2026/08/23 16:40:00,4.3559375676711145
2026/08/23 16:41:00,3.7937532309436857
2026/08/23 16:42:00,4.133333333333334
2026/08/23 16:43:00,4.722324016390712
2026/08/23 16:44:00,4.033333333333333
2026/08/23 16:45:00,4.535903678751292
2026/08/23 16:46:00,3.7083333333333335
2026/08/23 16:47:00,4.183333333333334
2026/08/23 16:48:00,4.483333333333333
2026/08/23 16:49:00,3.8728699215431512
2026/08/23 16:50:00,3.883333333333333
2026/08/23 16:51:00,4.541666666666666
2026/08/23 16:52:00,4.4024213317324525
2026/08/23 16:53:00,4.514108671752673
2026/08/23 16:54:00,3.9833997233287217
2026/08/23 16:55:00,3.852118665265896
2026/08/23 16:56:00,4.097746239568237
2026/08/23 16:57:00,4.133333333333334
2026/08/23 16:58:00,4.427435089299114
2026/08/23 16:59:00,3.8978561791014945
2026/08/23 17:00:00,4.166666666666666
2026/08/23 17:01:00,4.5
2026/08/23 17:02:00,4.902696483065687
2026/08/23 17:03:00,5.597014925373134
2026/08/23 17:04:00,3.6436099252934904
2026/08/23 17:05:00,4.014391844621381
2026/08/23 17:06:00,4.1084018066967785
2026/08/23 17:07:00,4.077242483365851
2026/08/23 17:08:00,4.116666666666666
2026/08/23 17:09:00,3.8145051137688646
2026/08/23 17:10:00,4.058400973349556
2026/08/23 17:11:00,4.25
2026/08/23 17:12:00,4.341666666666666
2026/08/23 17:13:00,4.4024213317324525
2026/08/23 17:14:00,3.7479386337514367
2026/08/23 17:15:00,4.0166666666666675
2026/08/23 17:16:00,4.2189871095769345
2026/08/23 17:17:00,4.125
2026/08/23 17:18:00,4.2310062798793995
2026/08/23 17:19:00,3.7187119582437007
2026/08/23 17:20:00,3.991666666666667
2026/08/23 17:21:00,4.433333333333334
2026/08/23 17:22:00,4.122663823833162
2026/08/23 17:23:00,4.5025514458192974
2026/08/23 17:24:00,3.8646055437100215
2026/08/23 17:25:00,3.9333333333333327
2026/08/23 17:26:00,4.227254535752402
2026/08/23 17:27:00,3.9833333333333325
2026/08/23 17:28:00,4.158333333333333
2026/08/23 17:29:00,3.756267386270885
2026/08/23 17:30:00,4.566666666666666
2026/08/23 17:31:00,4.191666666666666
2026/08/23 17:32:00,5.286240765754498
2026/08/23 17:33:00,6.62968700548032
2026/08/23 17:34:00,4.0355528874214155
2026/08/23 17:35:00,4.241666666666666
2026/08/23 17:36:00,4.133333333333334
2026/08/23 17:37:00,3.9311711891792847
2026/08/23 17:38:00,4.327380059032468
2026/08/23 17:39:00,4.02285447761194
2026/08/23 17:40:00,4.1939034151547485
2026/08/23 17:41:00,4.333333333333334
2026/08/23 17:42:00,4.389179464969851
2026/08/23 17:43:00,4.3750729178819645
2026/08/23 17:44:00,3.9582673622106297
2026/08/23 17:45:00,4.583409723495391
2026/08/23 17:46:00,4.208263195613406
2026/08/23 17:47:00,4.068972417703366
2026/08/23 17:48:00,4.633333333333333
2026/08/23 17:49:00,3.8249999999999997
2026/08/23 17:50:00,4.375
2026/08/23 17:51:00,4.389179464969851
2026/08/23 17:52:00,4.241666666666666
2026/08/23 17:53:00,4.341739028983816
2026/08/23 17:54:00,3.8354428268881215
2026/08/23 17:55:00,4.2975647133291135
2026/08/23 17:56:00,4.166666666666666
2026/08/23 17:57:00,3.9167319455324257
2026/08/23 17:58:00,4.299928334527758
2026/08/23 17:59:00,4.060634359470367
2026/08/23 18:00:00,4.691666666666667
2026/08/23 18:01:00,4.591666666666667
2026/08/23 18:02:00,4.991666666666666
2026/08/23 18:03:00,5.979546287351344
2026/08/23 18:04:00,4.711317167539441
2026/08/23 18:05:00,4.247593030615984
2026/08/23 18:06:00,4.4108328052563115
2026/08/23 18:07:00,4.058333333333334
2026/08/23 18:08:00,4.366666666666666
2026/08/23 18:09:00,3.831162341339907
2026/08/23 18:10:00,4.327452222926325
2026/08/23 18:11:00,3.991666666666667
2026/08/23 18:12:00,4.291666666666666
2026/08/23 18:13:00,4.683255279078682
2026/08/23 18:14:00,3.78964552238806
2026/08/23 18:15:00,4.093918321743626
2026/08/23 18:16:00,4.247593030615984
2026/08/23 18:17:00,3.9166013899768335
2026/08/23 18:18:00,4.675
2026/08/23 18:19:00,3.7938797631951977
2026/08/23 18:20:00,4.333333333333334
2026/08/23 18:21:00,4.447479761468501
2026/08/23 18:22:00,4.408259862335628
2026/08/23 18:23:00,4.402568164762778
2026/08/23 18:24:00,3.772862044841257
2026/08/23 18:25:00,5.027849114498216
2026/08/23 18:26:00,5.325
2026/08/23 18:27:00,4.425
2026/08/23 18:28:00,4.233333333333333
2026/08/23 18:29:00,3.839363048837365
2026/08/23 18:30:00,4.574695020331977
2026/08/23 18:31:00,4.250425042504251
2026/08/23 18:32:00,5.041666666666666
2026/08/23 18:33:00,5.503118433779141
2026/08/23 18:34:00,3.9061198654096008
2026/08/23 18:35:00,4.260747757062335
2026/08/23 18:36:00,3.9666666666666672
2026/08/23 18:37:00,4.564004330807029
2026/08/23 18:38:00,4.269157008254815
2026/08/23 18:39:00,3.8477554759723493
2026/08/23 18:40:00,4.316594723421276
2026/08/23 18:41:00,4.30014333811127
2026/08/23 18:42:00,4.10232465063536
2026/08/23 18:43:00,4.133333333333334
2026/08/23 18:44:00,4.008333333333333
2026/08/23 18:45:00,4.841666666666666
2026/08/23 18:46:00,4.05
2026/08/23 18:47:00,3.975
2026/08/23 18:48:00,4.408333333333333
2026/08/23 18:49:00,3.8583333333333325
2026/08/23 18:50:00,3.8416666666666672
2026/08/23 18:51:00,4.8722390645301
2026/08/23 18:52:00,4.308333333333334
2026/08/23 18:53:00,4.452374599786553
2026/08/23 18:54:00,3.816793893129771
2026/08/23 18:55:00,4.2558507537269925
2026/08/23 18:56:00,4.091666666666666
2026/08/23 18:57:00,3.852247144167431
2026/08/23 18:58:00,4.491666666666666
2026/08/23 18:59:00,3.7977846256350465
2026/08/23 19:00:00,4.502626532143751
2026/08/23 19:01:00,4.672274506537853
2026/08/23 19:02:00,4.775079584659744
2026/08/23 19:03:00,5.7
2026/08/23 19:04:00,3.7583333333333333
2026/08/23 19:05:00,4.058333333333334
2026/08/23 19:06:00,4.144014941800354
2026/08/23 19:07:00,4.014324977096694
2026/08/23 19:08:00,4.2107896272825815
2026/08/23 19:09:00,3.756267386270885
2026/08/23 19:10:00,4.524849171694277
2026/08/23 19:11:00,3.9499999999999997
2026/08/23 19:12:00,4.260818810973067
2026/08/23 19:13:00,4.239264416830462
2026/08/23 19:14:00,3.85
2026/08/23 19:15:00,4.210719407664343
2026/08/23 19:16:00,4.141666666666667
2026/08/23 19:17:00,4.239335032398847
2026/08/23 19:18:00,4.319042139843581
2026/08/23 19:19:00,4.006063230835859
2026/08/23 19:20:00,3.925
2026/08/23 19:21:00,4.10232465063536
2026/08/23 19:22:00,4.2
2026/08/23 19:23:00,4.522512618060067
2026/08/23 19:24:00,3.9104840995881065
2026/08/23 19:25:00,4.1393900021654755
2026/08/23 19:26:00,3.6833333333333336
2026/08/23 19:27:00,3.9499999999999997
2026/08/23 19:28:00,4.193973352010273
2026/08/23 19:29:00,4.258333333333334
2026/08/23 19:30:00,4.033333333333333
2026/08/23 19:31:00,4.5391701230989625
2026/08/23 19:32:00,5.091751529192154
2026/08/23 19:33:00,6.345050693703308
2026/08/23 19:34:00,3.922777092980644
2026/08/23 19:35:00,4.202381349431345
2026/08/23 19:36:00,3.9333333333333327
2026/08/23 19:37:00,4.008333333333333
2026/08/23 19:38:00,4.4059100827878
2026/08/23 19:39:00,3.7916666666666665
2026/08/23 19:40:00,4.149930834486092
2026/08/23 19:41:00,3.9250654177569633
2026/08/23 19:42:00,4.325
2026/08/23 19:43:00,4.577517634699085
2026/08/23 19:44:00,3.6833333333333336
2026/08/23 19:45:00,4.3
2026/08/23 19:46:00,3.85
2026/08/23 19:47:00,3.9833333333333325
2026/08/23 19:48:00,4.572485133176753
2026/08/23 19:49:00,3.7353877966214752
2026/08/23 19:50:00,4.031183368869936
2026/08/23 19:51:00,4.227254535752402
2026/08/23 19:52:00,4.241666666666666
2026/08/23 19:53:00,4.658333333333332
2026/08/23 19:54:00,3.8333333333333326
2026/08/23 19:55:00,3.8062399013875705
2026/08/23 19:56:00,4.208333333333334
2026/08/23 19:57:00,4.083401390023167
2026/08/23 19:58:00,4.258262362293961
2026/08/23 19:59:00,3.7937532309436857
2026/08/23 20:00:00,4.133333333333334
2026/08/23 20:01:00,4.433333333333334
2026/08/23 20:02:00,4.858333333333333
2026/08/23 20:03:00,5.688537970782736
2026/08/23 20:04:00,3.766666666666666
2026/08/23 20:05:00,3.975
2026/08/23 20:06:00,4.091666666666666
2026/08/23 20:07:00,4.160621675254723
2026/08/23 20:08:00,4.247663784918295
2026/08/23 20:09:00,3.6916051399143353
2026/08/23 20:10:00,4.002267951839376
2026/08/23 20:11:00,4.375
2026/08/23 20:12:00,4.73890230698759
2026/08/23 20:13:00,4.344200783790544
2026/08/23 20:14:00,3.6729186794149977
2026/08/23 20:15:00,4.308333333333334
2026/08/23 20:16:00,4.025
2026/08/23 20:17:00,4.074932084465259
2026/08/23 20:18:00,4.450074167902798
2026/08/23 20:19:00,3.660407564286429
2026/08/23 20:20:00,4.3
2026/08/23 20:21:00,4.166666666666666
2026/08/23 20:22:00,3.9644861992570752
2026/08/23 20:23:00,4.425
2026/08/23 20:24:00,3.9666666666666672
2026/08/23 20:25:00,3.8333333333333326
2026/08/23 20:26:00,4.2523387863324835
2026/08/23 20:27:00,4.008333333333333
2026/08/23 20:28:00,4.175
2026/08/23 20:29:00,3.6833333333333336
2026/08/23 20:30:00,3.8812633262260126
2026/08/23 20:31:00,4.635805763073639
2026/08/23 20:32:00,4.747468017057568
2026/08/23 20:33:00,5.4278948772678755
2026/08/23 20:34:00,3.775
2026/08/23 20:35:00,3.9083333333333328
2026/08/23 20:36:00,3.85
2026/08/23 20:37:00,3.9499999999999997
2026/08/23 20:38:00,4.222747867803839
2026/08/23 20:39:00,3.693636606189968
2026/08/23 20:40:00,3.781316631130064
2026/08/23 20:41:00,4.402347918890074
2026/08/23 20:42:00,4.083333333333334
2026/08/23 20:43:00,4.189432302771855
2026/08/23 20:44:00,3.9687833511205977
2026/08/23 20:45:00,4.35
2026/08/23 20:46:00,4.097814498933903
2026/08/23 20:47:00,3.8020277481323377
2026/08/23 20:48:00,4.247663784918295
2026/08/23 20:49:00,3.741729028817147
2026/08/23 20:50:00,4.5024012806830305
2026/08/23 20:51:00,3.9333333333333327
2026/08/23 20:52:00,4.066666666666666
2026/08/23 20:53:00,4.258333333333334
2026/08/23 20:54:00,3.725
2026/08/23 20:55:00,3.916666666666667
2026/08/23 20:56:00,3.975
2026/08/23 20:57:00,3.7897086505305593
2026/08/23 20:58:00,4.33557337957945
2026/08/23 20:59:00,4.564308440639003
2026/08/23 21:00:00,5.1193116443495805
2026/08/23 21:01:00,4.7333333333333325
2026/08/23 21:02:00,4.658333333333332
2026/08/23 21:03:00,6.146926536731633
2026/08/23 21:04:00,5.116581390310161
2026/08/23 21:05:00,3.7583333333333333
2026/08/23 21:06:00,4.068768863913022
2026/08/23 21:07:00,3.748063500524729
2026/08/23 21:08:00,4.266595556740721
2026/08/23 21:09:00,3.9437700106723583
2026/08/23 21:10:00,4.0166666666666675
2026/08/23 21:11:00,4.208333333333334
2026/08/23 21:12:00,4.006263430560876
2026/08/23 21:13:00,4.202171121746236
2026/08/23 21:14:00,3.9230384807596206
2026/08/23 21:15:00,3.976988494247124
2026/08/23 21:16:00,4.039512260127932
2026/08/23 21:17:00,3.818703308431164
2026/08/23 21:18:00,4.356155255705481
2026/08/23 21:19:00,3.883333333333333
2026/08/23 21:20:00,4.058333333333334
2026/08/23 21:21:00,4.102051025512756
2026/08/23 21:22:00,3.925
2026/08/23 21:23:00,4.13959686823255
2026/08/23 21:24:00,3.949934167763871
2026/08/23 21:25:00,3.7916666666666665
2026/08/23 21:26:00,3.977054811652687
2026/08/23 21:27:00,3.8480118605387217
2026/08/23 21:28:00,4.558333333333333
2026/08/23 21:29:00,3.774874170860971
2026/08/23 21:30:00,4.383406390106503
2026/08/23 21:31:00,3.985458911419424
2026/08/23 21:32:00,4.891666666666667
2026/08/23 21:33:00,6.8500000000000005
2026/08/23 21:34:00,3.922907782515991
2026/08/23 21:35:00,3.8770677694770543
2026/08/23 21:36:00,4.041666666666666
2026/08/23 21:37:00,3.8228974064264656
2026/08/23 21:38:00,4.225070417840297
2026/08/23 21:39:00,3.675
2026/08/23 21:40:00,4.383333333333334
2026/08/23 21:41:00,3.918756670224119
2026/08/23 21:42:00,4.106143390191898
2026/08/23 21:43:00,4.494063500533619
2026/08/23 21:44:00,3.6896988272921103
2026/08/23 21:45:00,4.2
2026/08/23 21:46:00,3.975
2026/08/23 21:47:00,3.818703308431164
2026/08/23 21:48:00,4.666666666666667
2026/08/23 21:49:00,3.681308613595856
2026/08/23 21:50:00,3.8104290693214597
2026/08/23 21:51:00,4.2310062798793995
2026/08/23 21:52:00,4.2606767055213695
2026/08/23 21:53:00,4.316666666666666
2026/08/23 21:54:00,3.789582396348675
2026/08/23 21:55:00,4.327380059032468
2026/08/23 21:56:00,3.9894724568154185
2026/08/23 21:57:00,4.016599723337944
2026/08/23 21:58:00,4.033400556675945
2026/08/23 21:59:00,3.6333333333333333
2026/08/23 22:00:00,4.033333333333333
2026/08/23 22:01:00,4.366593890101832
2026/08/23 22:02:00,5.136243871527199
2026/08/23 22:03:00,5.491666666666667
2026/08/23 22:04:00,3.89779125162408
2026/08/23 22:05:00,4.119000767101356
2026/08/23 22:06:00,3.925
2026/08/23 22:07:00,3.9666666666666672
2026/08/23 22:08:00,4.305893327114635
2026/08/23 22:09:00,3.952239602441383
2026/08/23 22:10:00,4.116666666666666
2026/08/23 22:11:00,4.08941748704879
2026/08/23 22:12:00,4.052228725799189
2026/08/23 22:13:00,4.272578871972549
2026/08/23 22:14:00,3.8605209618783976
2026/08/23 22:15:00,3.9394343205516873
2026/08/23 22:16:00,4.283333333333333
2026/08/23 22:17:00,3.75
2026/08/23 22:18:00,4.2357335823633395
2026/08/23 22:19:00,3.481360562348003
2026/08/23 22:20:00,4.175
2026/08/23 22:21:00,4.466666666666666
2026/08/23 22:22:00,4.183403056717612
2026/08/23 22:23:00,4.299928334527758
2026/08/23 22:24:00,3.8332694455092415
2026/08/23 22:25:00,4.227466021846077
2026/08/23 22:26:00,4.083333333333334
2026/08/23 22:27:00,3.9061198654096008
2026/08/23 22:28:00,4.041666666666666
2026/08/23 22:29:00,3.883268612189797
2026/08/23 22:30:00,4.2834047234120565
2026/08/23 22:31:00,4.219057465897341
2026/08/23 22:32:00,4.7333333333333325
2026/08/23 22:33:00,5.441666666666667
2026/08/23 22:34:00,3.925
2026/08/23 22:35:00,4.139321051404205
2026/08/23 22:36:00,4.185705232965347
2026/08/23 22:37:00,3.883333333333333
2026/08/23 22:38:00,5.355298664090348
2026/08/23 22:39:00,4.285761931761332
2026/08/23 22:40:00,4.433333333333334
2026/08/23 22:41:00,4.155909053052386
2026/08/23 22:42:00,4.244142416409572
2026/08/23 22:43:00,4.258333333333334
2026/08/23 22:44:00,3.8478195689109502
2026/08/23 22:45:00,4.219057465897341
2026/08/23 22:46:00,4.033333333333333
2026/08/23 22:47:00,3.925
2026/08/23 22:48:00,4.589066195822367
2026/08/23 22:49:00,3.891601806636556
2026/08/23 22:50:00,3.8939381305761693
2026/08/23 22:51:00,4.233333333333333
2026/08/23 22:52:00,4.1142666777713
2026/08/23 22:53:00,4.544317518552488
2026/08/23 22:54:00,4.025
2026/08/23 22:55:00,4.041666666666666
2026/08/23 22:56:00,4.2641082017456196
2026/08/23 22:57:00,3.91067974117804
2026/08/23 22:58:00,4.283333333333333
2026/08/23 22:59:00,3.6833333333333336
2026/08/23 23:00:00,4.105938202715083
2026/08/23 23:01:00,4.3584786159538655
2026/08/23 23:02:00,4.8026414527990395
2026/08/23 23:03:00,5.613298687454194
2026/08/23 23:04:00,3.7251862593129657
2026/08/23 23:05:00,3.860456584454783
2026/08/23 23:06:00,4.158333333333333
2026/08/23 23:07:00,3.875
2026/08/23 23:08:00,4.897224905886664
2026/08/23 23:09:00,3.793816496014408
2026/08/23 23:10:00,3.7395475896991703
2026/08/23 23:11:00,4.366739445657428
2026/08/23 23:12:00,4.366593890101832
2026/08/23 23:13:00,4.427508921722309
2026/08/23 23:14:00,3.766666666666666
2026/08/23 23:15:00,4.1809641203318115
2026/08/23 23:16:00,4.258262362293961
2026/08/23 23:17:00,4.127407654465105
2026/08/23 23:18:00,4.383333333333334
2026/08/23 23:19:00,3.75
2026/08/23 23:20:00,3.8477554759723493
2026/08/23 23:21:00,4.341739028983816
2026/08/23 23:22:00,4.452523096421306
2026/08/23 23:23:00,4.233333333333333
2026/08/23 23:24:00,3.7166666666666663
2026/08/23 23:25:00,3.806176499983343
2026/08/23 23:26:00,4.152353000033352
2026/08/23 23:27:00,4.081020754905554
2026/08/23 23:28:00,4.116666666666666
2026/08/23 23:29:00,3.8688590201113966
2026/08/23 23:30:00,4.075
2026/08/23 23:31:00,4.625
2026/08/23 23:32:00,4.980511043741879
2026/08/23 23:33:00,6.650110835180587
2026/08/23 23:34:00,3.6603465239214894
2026/08/23 23:35:00,3.822961087420042
2026/08/23 23:36:00,4.3689967982924225
2026/08/23 23:37:00,3.8478195689109502
2026/08/23 23:38:00,4.160691058266351
2026/08/23 23:39:00,3.516666666666666
2026/08/23 23:40:00,3.8166666666666673
2026/08/23 23:41:00,4.725
2026/08/23 23:42:00,4.081020754905554
2026/08/23 23:43:00,4.335790281159323
2026/08/23 23:44:00,3.6999999999999997
2026/08/23 23:45:00,4.341666666666666
2026/08/23 23:46:00,4.272578871972549
2026/08/23 23:47:00,3.991666666666667
2026/08/23 23:48:00,4.725
2026/08/23 23:49:00,3.7333333333333334
2026/08/23 23:50:00,3.9772537771403798
2026/08/23 23:51:00,4.389252577748905
2026/08/23 23:52:00,4.302366301465806
2026/08/23 23:53:00,4.291666666666666
2026/08/23 23:54:00,3.8895274265820463
2026/08/23 23:55:00,3.985525372288091
2026/08/23 23:56:00,3.991666666666667
2026/08/23 23:57:00,3.939499941698733
2026/08/23 23:58:00,4.085580402554738
2026/08/23 23:59:00,3.875
2026/08/24 00:00:00,4.522512618060067
2026/08/24 00:01:00,5.51970250304334
2026/08/24 00:02:00,5.621907950627155
2026/08/24 00:03:00,5.341755695928264
2026/08/24 00:04:00,4.474925417909701
2026/08/24 00:05:00,4.091666666666666
2026/08/24 00:06:00,4.118932079310288
2026/08/24 00:07:00,3.9894724568154185
2026/08/24 00:08:00,4.15
2026/08/24 00:09:00,3.893808261210333
2026/08/24 00:10:00,3.7583333333333333
2026/08/24 00:11:00,4.166666666666666
2026/08/24 00:12:00,4.541666666666666
2026/08/24 00:13:00,4.405836692540893
2026/08/24 00:14:00,4
2026/08/24 00:15:00,3.9333333333333327
2026/08/24 00:16:00,4.185705232965347
2026/08/24 00:17:00,4.141666666666667
2026/08/24 00:18:00,5.730086284438817
2026/08/24 00:19:00,4.711002901644265
2026/08/24 00:20:00,4.041666666666666
2026/08/24 00:21:00,4.558333333333333
2026/08/24 00:22:00,4.2
2026/08/24 00:23:00,4.425
2026/08/24 00:24:00,3.6999999999999997
2026/08/24 00:25:00,4.058333333333334
2026/08/24 00:26:00,3.9499999999999997
2026/08/24 00:27:00,4.15
2026/08/24 00:28:00,4.5974713907350955
2026/08/24 00:29:00,3.626994847165941
2026/08/24 00:30:00,4.025
2026/08/24 00:31:00,4.258333333333334
2026/08/24 00:32:00,4.75
2026/08/24 00:33:00,5.95
2026/08/24 00:34:00,3.7395475896991703
2026/08/24 00:35:00,3.9583333333333326
2026/08/24 00:36:00,4.093986592402362
2026/08/24 00:37:00,3.922777092980644
2026/08/24 00:38:00,4.394156688790315
2026/08/24 00:39:00,3.8166666666666673
2026/08/24 00:40:00,4.355865009827764
2026/08/24 00:41:00,3.925
2026/08/24 00:42:00,4.1356768835673545
2026/08/24 00:43:00,4.522437285538195
2026/08/24 00:44:00,3.6917281954699246
2026/08/24 00:45:00,4.625
2026/08/24 00:46:00,3.8854703420214447
2026/08/24 00:47:00,4.291666666666666
2026/08/24 00:48:00,4.489197607982277
2026/08/24 00:49:00,3.733271112148131
2026/08/24 00:50:00,4.194043291198346
2026/08/24 00:51:00,3.9894060032648158
2026/08/24 00:52:00,4.394156688790315
2026/08/24 00:53:00,4.405836692540893
2026/08/24 00:54:00,3.893873194810393
2026/08/24 00:55:00,3.8083333333333327
2026/08/24 00:56:00,4.133333333333334
2026/08/24 00:57:00,4.139321051404205
2026/08/24 00:58:00,4.241666666666666
2026/08/24 00:59:00,3.7416666666666663
2026/08/24 01:00:00,4.425
2026/08/24 01:01:00,4.250070834513909
2026/08/24 01:02:00,4.9110344022545735
2026/08/24 01:03:00,5.463661652757651
2026/08/24 01:04:00,3.693698200677039
2026/08/24 01:05:00,3.831162341339907
2026/08/24 01:06:00,4.2417373622893715
2026/08/24 01:07:00,4.099931667805536
2026/08/24 01:08:00,4.160691058266351
2026/08/24 01:09:00,3.7083333333333335
2026/08/24 01:10:00,4.058333333333334
2026/08/24 01:11:00,4.025
2026/08/24 01:12:00,4.183333333333334
2026/08/24 01:13:00,4.466666666666666
2026/08/24 01:14:00,4.075
2026/08/24 01:15:00,4.408333333333333
2026/08/24 01:16:00,3.85
2026/08/24 01:17:00,3.872805410267515
2026/08/24 01:18:00,4.385818630557316
2026/08/24 01:19:00,4.008333333333333
2026/08/24 01:20:00,3.8978561791014945
2026/08/24 01:21:00,4.71092434172128
2026/08/24 01:22:00,4.006129961854313
2026/08/24 01:23:00,4.558333333333333
2026/08/24 01:24:00,3.7937532309436857
2026/08/24 01:25:00,4.0643635273345105
2026/08/24 01:26:00,4.16902911649935
2026/08/24 01:27:00,3.8583333333333325
2026/08/24 01:28:00,4.1727050122432665
2026/08/24 01:29:00,3.7103740390548126
2026/08/24 01:30:00,4.5058551130211715
2026/08/24 01:31:00,4.002201210665866
2026/08/24 01:32:00,4.891666666666667
2026/08/24 01:33:00,6.741666666666666
2026/08/24 01:34:00,3.756267386270885
2026/08/24 01:35:00,3.9771874530992046
2026/08/24 01:36:00,4.008333333333333
2026/08/24 01:37:00,3.7979111488681223
2026/08/24 01:38:00,4.193973352010273
2026/08/24 01:39:00,3.7312811287125416
2026/08/24 01:40:00,4.2606767055213695
2026/08/24 01:41:00,4.266666666666667
2026/08/24 01:42:00,4.139321051404205
2026/08/24 01:43:00,4.533333333333333
2026/08/24 01:44:00,3.9750662511041854
2026/08/24 01:45:00,4.1249312511458145
2026/08/24 01:46:00,4.335790281159323
2026/08/24 01:47:00,4.233333333333333
2026/08/24 01:48:00,4.480794216610587
2026/08/24 01:49:00,3.8355067871794013
2026/08/24 01:50:00,3.775
2026/08/24 01:51:00,4.083333333333334
2026/08/24 01:52:00,4.141666666666667
2026/08/24 01:53:00,4.3225505546856775
2026/08/24 01:54:00,4.083333333333334
2026/08/24 01:55:00,3.816730278837981
2026/08/24 01:56:00,4.016599723337944
2026/08/24 01:57:00,3.775
2026/08/24 01:58:00,4.375
2026/08/24 01:59:00,3.6916666666666664
2026/08/24 02:00:00,4.35
2026/08/24 02:01:00,4.277423873528333
2026/08/24 02:02:00,4.741666666666667
2026/08/24 02:03:00,5.821604064295827
2026/08/24 02:04:00,3.6999999999999997
2026/08/24 02:05:00,4.085716668056366
2026/08/24 02:06:00,3.989339551928042
2026/08/24 02:07:00,4.169098640873843
2026/08/24 02:08:00,6.529633207848885
2026/08/24 02:09:00,4.158264028932851
2026/08/24 02:10:00,3.7083333333333335
2026/08/24 02:11:00,4.235804219127825
2026/08/24 02:12:00,4.125
2026/08/24 02:13:00,4.883333333333334
2026/08/24 02:14:00,3.6333333333333333
2026/08/24 02:15:00,3.9894060032648158
2026/08/24 02:16:00,4.052296301237368
2026/08/24 02:17:00,3.8478195689109502
2026/08/24 02:18:00,5.027849114498216
2026/08/24 02:19:00,3.622946996701869
2026/08/24 02:20:00,3.8188306707134045
2026/08/24 02:21:00,4.258333333333334
2026/08/24 02:22:00,4.0393776859779456
2026/08/24 02:23:00,4.494213387586299
2026/08/24 02:24:00,3.9416666666666673
2026/08/24 02:25:00,3.8560839510285665
2026/08/24 02:26:00,4.077378470774619
2026/08/24 02:27:00,4.0166666666666675
2026/08/24 02:28:00,4.225
2026/08/24 02:29:00,3.725
2026/08/24 02:30:00,3.981077389479295
2026/08/24 02:31:00,4.483258612356461
2026/08/24 02:32:00,5.208420140335672
2026/08/24 02:33:00,5.575
2026/08/24 02:34:00,3.9416666666666673
2026/08/24 02:35:00,3.8438448454124
2026/08/24 02:36:00,3.981077389479295
2026/08/24 02:37:00,4.3249279178680355
2026/08/24 02:38:00,4.235804219127825
2026/08/24 02:39:00,3.7583333333333333
2026/08/24 02:40:00,3.916666666666667
2026/08/24 02:41:00,4.316666666666666
2026/08/24 02:42:00,4.183333333333334
2026/08/24 02:43:00,4.25
2026/08/24 02:44:00,4.0393776859779456
2026/08/24 02:45:00,4.144014941800354
2026/08/24 02:46:00,4.2749999999999995
2026/08/24 02:47:00,3.981077389479295
2026/08/24 02:48:00,4.285761931761332
2026/08/24 02:49:00,3.7811906586267785
2026/08/24 02:50:00,3.7354500883834167
2026/08/24 02:51:00,4.689009561248626
2026/08/24 02:52:00,4.1249312511458145
2026/08/24 02:53:00,4.416666666666666
2026/08/24 02:54:00,3.958399306655111
2026/08/24 02:55:00,3.8355067871794013
2026/08/24 02:56:00,4.22260718925942
2026/08/24 02:57:00,3.8166666666666673
2026/08/24 02:58:00,4.327452222926325
2026/08/24 02:59:00,3.8810693761972184
2026/08/24 03:00:00,4.425073751229187
2026/08/24 03:01:00,4.175
2026/08/24 03:02:00,4.55257979521729
2026/08/24 03:03:00,7.09597894526435
2026/08/24 03:04:00,5.161258046226195
2026/08/24 03:05:00,3.8
2026/08/24 03:06:00,4.147649665189726
2026/08/24 03:07:00,4.3
2026/08/24 03:08:00,4.160691058266351
2026/08/24 03:09:00,3.7978478861978213
2026/08/24 03:10:00,4.110662708868359
2026/08/24 03:11:00,4.189292734117333
2026/08/24 03:12:00,4.043958243004369
2026/08/24 03:13:00,4.364193623613286
2026/08/24 03:14:00,3.8500641677361287
2026/08/24 03:15:00,4.141597640039333
2026/08/24 03:16:00,4.152353000033352
2026/08/24 03:17:00,4.122663823833162
2026/08/24 03:18:00,4.2417373622893715
2026/08/24 03:19:00,4.058333333333334
2026/08/24 03:20:00,3.7582080597313423
2026/08/24 03:21:00,4.160760443592095
2026/08/24 03:22:00,3.9416666666666673
2026/08/24 03:23:00,4.230865328558341
2026/08/24 03:24:00,3.852247144167431
2026/08/24 03:25:00,3.7333333333333334
2026/08/24 03:26:00,3.9416666666666673
2026/08/24 03:27:00,4.025
2026/08/24 03:28:00,4.125
2026/08/24 03:29:00,3.925
2026/08/24 03:30:00,3.883333333333333
2026/08/24 03:31:00,4.25
2026/08/24 03:32:00,4.908333333333333
2026/08/24 03:33:00,6.866666666666666
2026/08/24 03:34:00,3.789582396348675
2026/08/24 03:35:00,3.8104290693214597
2026/08/24 03:36:00,4.041666666666666
2026/08/24 03:37:00,3.8583333333333325
2026/08/24 03:38:00,4.7
2026/08/24 03:39:00,3.7977846256350465
2026/08/24 03:40:00,3.7083951399189985
2026/08/24 03:41:00,4.166666666666666
2026/08/24 03:42:00,4.075
2026/08/24 03:43:00,4.408406806780112
2026/08/24 03:44:00,3.768739473377024
2026/08/24 03:45:00,4.647366492321018
2026/08/24 03:46:00,3.8416666666666672
2026/08/24 03:47:00,3.852182903645399
2026/08/24 03:48:00,4.464136989039544
2026/08/24 03:49:00,3.7521262048494144
2026/08/24 03:50:00,3.7583333333333333
2026/08/24 03:51:00,4.189292734117333
2026/08/24 03:52:00,4.558333333333333
2026/08/24 03:53:00,4.244071640596338
2026/08/24 03:54:00,3.7583333333333333
2026/08/24 03:55:00,3.75
2026/08/24 03:56:00,4.089281252602649
2026/08/24 03:57:00,4.019011089802384
2026/08/24 03:58:00,4.122663823833162
2026/08/24 03:59:00,3.7104359136844214
2026/08/24 04:00:00,4.241666666666666
2026/08/24 04:01:00,4.455511509377394
2026/08/24 04:02:00,4.778026083186018
2026/08/24 04:03:00,5.605157077655995
2026/08/24 04:04:00,3.816730278837981
2026/08/24 04:05:00,4.541515282823906
2026/08/24 04:06:00,3.760526974068206
2026/08/24 04:07:00,4.105938202715083
2026/08/24 04:08:00,4.158264028932851
2026/08/24 04:09:00,3.7583959732662207
2026/08/24 04:10:00,3.775
2026/08/24 04:11:00,4.291666666666666
2026/08/24 04:12:00,4.594346702242975
2026/08/24 04:13:00,4.389106354626468
2026/08/24 04:14:00,3.8249999999999997
2026/08/24 04:15:00,4.733254445759236
2026/08/24 04:16:00,3.958399306655111
2026/08/24 04:17:00,3.9
2026/08/24 04:18:00,4.294171600100058
2026/08/24 04:19:00,4.05
2026/08/24 04:20:00,3.8416666666666672
2026/08/24 04:21:00,4.408333333333333
2026/08/24 04:22:00,4.041666666666666
2026/08/24 04:23:00,4.28090748575807
2026/08/24 04:24:00,3.8083333333333327
2026/08/24 04:25:00,3.852182903645399
2026/08/24 04:26:00,4.447405680019988
2026/08/24 04:27:00,3.883333333333333
2026/08/24 04:28:00,4.216666666666666
2026/08/24 04:29:00,3.818894355040441
2026/08/24 04:30:00,3.9666666666666672
2026/08/24 04:31:00,4.491666666666666
2026/08/24 04:32:00,5.016666666666667
2026/08/24 04:33:00,5.675
2026/08/24 04:34:00,3.7166666666666663
2026/08/24 04:35:00,4.389179464969851
2026/08/24 04:36:00,4.091598473358777
2026/08/24 04:37:00,3.952305511548403
2026/08/24 04:38:00,4.45
2026/08/24 04:39:00,3.641666666666666
2026/08/24 04:40:00,4.1809641203318115
2026/08/24 04:41:00,4.308405140085668
2026/08/24 04:42:00,4.160621675254723
2026/08/24 04:43:00,4.480794216610587
2026/08/24 04:44:00,3.733271112148131
2026/08/24 04:45:00,5.169682314683564
2026/08/24 04:46:00,4.083333333333334
2026/08/24 04:47:00,3.9
2026/08/24 04:48:00,4.380777879570251
2026/08/24 04:49:00,3.852247144167431
2026/08/24 04:50:00,4.033333333333333
2026/08/24 04:51:00,4.2749999999999995
2026/08/24 04:52:00,4.391666666666667
2026/08/24 04:53:00,4.291666666666666
2026/08/24 04:54:00,3.9061198654096008
2026/08/24 04:55:00,4.008333333333333
2026/08/24 04:56:00,4.03562018477137
2026/08/24 04:57:00,3.9974682700956063
2026/08/24 04:58:00,4.185984456822655
2026/08/24 04:59:00,3.889397851253436
2026/08/24 05:00:00,4.427582756608022
2026/08/24 05:01:00,4.6416666666666675
2026/08/24 05:02:00,4.722481343283582
2026/08/24 05:03:00,5.177761472785486
2026/08/24 05:04:00,3.8478195689109502
2026/08/24 05:05:00,4.4024947470233124
2026/08/24 05:06:00,3.7583333333333333
2026/08/24 05:07:00,3.7978478861978213
2026/08/24 05:08:00,4.027282126538371
2026/08/24 05:09:00,3.8583333333333325
2026/08/24 05:10:00,3.5313322450611317
2026/08/24 05:11:00,4.208333333333334
2026/08/24 05:12:00,4.285761931761332
2026/08/24 05:13:00,4.380923825229457
2026/08/24 05:14:00,3.9271599379658815
2026/08/24 05:15:00,3.8228337275543853
2026/08/24 05:16:00,4.160691058266351
2026/08/24 05:17:00,3.8811340240530368
2026/08/24 05:18:00,4.3999999999999995
2026/08/24 05:19:00,3.8271687289464023
2026/08/24 05:20:00,3.6895144499042223
2026/08/24 05:21:00,4.2417373622893715
2026/08/24 05:22:00,4.002267951839376
2026/08/24 05:23:00,4.391666666666667
2026/08/24 05:24:00,3.664651108556961
2026/08/24 05:25:00,3.768739473377024
2026/08/24 05:26:00,3.956157446737628
2026/08/24 05:27:00,4.083265278912019
2026/08/24 05:28:00,4.22739552413034
2026/08/24 05:29:00,3.9061198654096008
2026/08/24 05:30:00,3.8021545542474073
2026/08/24 05:31:00,4.297493129008078
2026/08/24 05:32:00,5.745017927124156
2026/08/24 05:33:00,7.9287082535187805
2026/08/24 05:34:00,3.9666666666666672
2026/08/24 05:35:00,3.5749999999999997
2026/08/24 05:36:00,4.085716668056366
2026/08/24 05:37:00,4.3
2026/08/24 05:38:00,4.0643635273345105
2026/08/24 05:39:00,3.7020978554514223
2026/08/24 05:40:00,3.8
2026/08/24 05:41:00,4.258333333333334
2026/08/24 05:42:00,4.214278575473898
2026/08/24 05:43:00,4.208333333333334
2026/08/24 05:44:00,3.8104926124804055
2026/08/24 05:45:00,4.139252102939952
2026/08/24 05:46:00,4.091666666666666
2026/08/24 05:47:00,4.033400556675945
2026/08/24 05:48:00,4.219057465897341
2026/08/24 05:49:00,3.65
2026/08/24 05:50:00,3.947697176646956
2026/08/24 05:51:00,4.3334055567592795
2026/08/24 05:52:00,4.394156688790315
2026/08/24 05:53:00,4.347463979345381
2026/08/24 05:54:00,3.6083333333333334
2026/08/24 05:55:00,3.725
2026/08/24 05:56:00,4.291666666666666
2026/08/24 05:57:00,3.802217960476945
2026/08/24 05:58:00,4.341666666666666
2026/08/24 05:59:00,3.6895144499042223
2026/08/24 06:00:00,4.03568748436588
2026/08/24 06:01:00,4.666666666666667
2026/08/24 06:02:00,4.675
2026/08/24 06:03:00,5.533333333333332
2026/08/24 06:04:00,4.425
2026/08/24 06:05:00,4.2
2026/08/24 06:06:00,4.358333333333333
2026/08/24 06:07:00,3.972682601815607
2026/08/24 06:08:00,4.233403890064834
2026/08/24 06:09:00,3.9689157189073807
2026/08/24 06:10:00,3.9083333333333328
2026/08/24 06:11:00,4.4973765303572915
2026/08/24 06:12:00,4.410906362044527
2026/08/24 06:13:00,4.364120929457816
2026/08/24 06:14:00,3.6916666666666664
2026/08/24 06:15:00,4.611023096806471
2026/08/24 06:16:00,3.7583333333333333
2026/08/24 06:17:00,4.047571457125724
2026/08/24 06:18:00,4.433333333333334
2026/08/24 06:19:00,3.7355746781402175
2026/08/24 06:20:00,4.408333333333333
2026/08/24 06:21:00,3.747813775297743
2026/08/24 06:22:00,4.235804219127825
2026/08/24 06:23:00,4.375
2026/08/24 06:24:00,3.7083333333333335
2026/08/24 06:25:00,3.989273102804983
2026/08/24 06:26:00,4.060769795210459
2026/08/24 06:27:00,4.080952777546431
2026/08/24 06:28:00,4.358333333333333
2026/08/24 06:29:00,3.9582673622106297
2026/08/24 06:30:00,4.683411390189836
2026/08/24 06:31:00,4
2026/08/24 06:32:00,4.858333333333333
2026/08/24 06:33:00,5.541666666666667
2026/08/24 06:34:00,3.9333333333333327
2026/08/24 06:35:00,3.910614525139665
2026/08/24 06:36:00,4.297421547071758
2026/08/24 06:37:00,3.8773263958375024
2026/08/24 06:38:00,4.222536853502123
2026/08/24 06:39:00,3.910614525139665
2026/08/24 06:40:00,4.216666666666666
2026/08/24 06:41:00,3.925
2026/08/24 06:42:00,4.133333333333334
2026/08/24 06:43:00,4.380777879570251
2026/08/24 06:44:00,4.044025681647628
2026/08/24 06:45:00,4.147511493104138
2026/08/24 06:46:00,4.019078113534787
2026/08/24 06:47:00,3.8333333333333326
2026/08/24 06:48:00,4.616666666666667
2026/08/24 06:49:00,3.5312734238360957
2026/08/24 06:50:00,3.8166666666666673
2026/08/24 06:51:00,4.444259151171517
2026/08/24 06:52:00,4.139183156772603
2026/08/24 06:53:00,4.491741529025484
2026/08/24 06:54:00,3.65
2026/08/24 06:55:00,3.810556157758693
2026/08/24 06:56:00,4.108333333333333
2026/08/24 06:57:00,3.8477554759723493
2026/08/24 06:58:00,4.611023096806471
2026/08/24 06:59:00,3.75
2026/08/24 07:00:00,4.041666666666666
2026/08/24 07:01:00,4.341666666666666
2026/08/24 07:02:00,4.625
2026/08/24 07:03:00,5.7882901640709585
2026/08/24 07:04:00,3.65
2026/08/24 07:05:00,4.141735695594926
2026/08/24 07:06:00,3.63327277878702
2026/08/24 07:07:00,3.7667294454907583
2026/08/24 07:08:00,4.285761931761332
2026/08/24 07:09:00,3.6833333333333336
2026/08/24 07:10:00,4.26417922878321
2026/08/24 07:11:00,3.875
2026/08/24 07:12:00,4.019011089802384
2026/08/24 07:13:00,4.541666666666666
2026/08/24 07:14:00,3.8644767964819935
2026/08/24 07:15:00,3.8855351365773934
2026/08/24 07:16:00,4.022720458406902
2026/08/24 07:17:00,4.358260695655072
2026/08/24 07:18:00,4.383333333333334
2026/08/24 07:19:00,3.6832719454675753
2026/08/24 07:20:00,3.810619705156427
2026/08/24 07:21:00,4.175
2026/08/24 07:22:00,4.141666666666667
2026/08/24 07:23:00,4.533333333333333
2026/08/24 07:24:00,3.4916666666666663
2026/08/24 07:25:00,3.7811906586267785
2026/08/24 07:26:00,3.941600973317111
2026/08/24 07:27:00,4.077378470774619
2026/08/24 07:28:00,4.225
2026/08/24 07:29:00,3.7394853002415265
2026/08/24 07:30:00,3.949934167763871
2026/08/24 07:31:00,4.416666666666666
2026/08/24 07:32:00,5.078046828096858
2026/08/24 07:33:00,6.475
2026/08/24 07:34:00,3.6478720746231366
2026/08/24 07:35:00,3.843908946885683
2026/08/24 07:36:00,4.108333333333333
2026/08/24 07:37:00,4.041666666666666
2026/08/24 07:38:00,4.2
2026/08/24 07:39:00,3.6583333333333337
2026/08/24 07:40:00,3.8
2026/08/24 07:41:00,4.222536853502123
2026/08/24 07:42:00,4.1249312511458145
2026/08/24 07:43:00,4.552731638983389
2026/08/24 07:44:00,3.775
2026/08/24 07:45:00,4.183333333333334
2026/08/24 07:46:00,3.975
2026/08/24 07:47:00,4.080952777546431
2026/08/24 07:48:00,4.519302926707246
2026/08/24 07:49:00,3.6333333333333333
2026/08/24 07:50:00,3.8977263263096527
2026/08/24 07:51:00,4.383406390106503
2026/08/24 07:52:00,4.091598473358777
2026/08/24 07:53:00,4.408406806780112
2026/08/24 07:54:00,3.583273612106465
2026/08/24 07:55:00,4.108333333333333
2026/08/24 07:56:00,3.827232552322188
2026/08/24 07:57:00,3.991666666666667
2026/08/24 07:58:00,4.17256600316482
2026/08/24 07:59:00,3.65
2026/08/24 08:00:00,4.03568748436588
2026/08/24 08:01:00,4.564004330807029
2026/08/24 08:02:00,4.6860668723422
2026/08/24 08:03:00,5.621720662946614
2026/08/24 08:04:00,3.6666666666666665
2026/08/24 08:05:00,4.008333333333333
2026/08/24 08:06:00,4.316666666666666
2026/08/24 08:07:00,3.899935001083315
2026/08/24 08:08:00,4.183333333333334
2026/08/24 08:09:00,3.660529651124008
2026/08/24 08:10:00,3.972682601815607
2026/08/24 08:11:00,4.466666666666666
2026/08/24 08:12:00,4.085716668056366
2026/08/24 08:13:00,4.5249999999999995
2026/08/24 08:14:00,3.714499875072874
2026/08/24 08:15:00,4.1440840490286
2026/08/24 08:16:00,4.108333333333333
2026/08/24 08:17:00,4.191666666666666
2026/08/24 08:18:00,4.422420254851336
2026/08/24 08:19:00,3.7855415659134497
2026/08/24 08:20:00,4.416666666666666
2026/08/24 08:21:00,3.891666666666667
2026/08/24 08:22:00,3.9833333333333325
2026/08/24 08:23:00,4.441666666666666
2026/08/24 08:24:00,3.991666666666667
2026/08/24 08:25:00,4.1
2026/08/24 08:26:00,4.108333333333333
2026/08/24 08:27:00,3.9083333333333328
2026/08/24 08:28:00,4.158333333333333
2026/08/24 08:29:00,4.172496502098741
2026/08/24 08:30:00,4.2417373622893715
2026/08/24 08:31:00,4.569255911683287
2026/08/24 08:32:00,4.880486382943283
2026/08/24 08:33:00,5.408243195946733
2026/08/24 08:34:00,3.8607141070326705
2026/08/24 08:35:00,4.0808848024518625
2026/08/24 08:36:00,4.277566539923955
2026/08/24 08:37:00,3.9060548013658694
2026/08/24 08:38:00,4.299928334527758
2026/08/24 08:39:00,4.25
2026/08/24 08:40:00,4.294243212594223
2026/08/24 08:41:00,4.358333333333333
2026/08/24 08:42:00,4
2026/08/24 08:43:00,4.516666666666667
2026/08/24 08:44:00,3.6166666666666663
2026/08/24 08:45:00,4.955360117262975
2026/08/24 08:46:00,3.7188980054699488
2026/08/24 08:47:00,3.831098525859914
2026/08/24 08:48:00,4.241595973400444
2026/08/24 08:49:00,4.024932917784704
2026/08/24 08:50:00,3.985791237930057
2026/08/24 08:51:00,4.205809847424878
2026/08/24 08:52:00,4.083265278912019
2026/08/24 08:53:00,4.377699581408535
2026/08/24 08:54:00,4.047504039175841
2026/08/24 08:55:00,4.110868368827444
2026/08/24 08:56:00,3.6333333333333333
2026/08/24 08:57:00,3.9583333333333326
2026/08/24 08:58:00,4.114198147778
2026/08/24 08:59:00,4.027416449869922
2026/08/24 09:00:00,4.372085276482346
2026/08/24 09:01:00,4.0336694724560385
2026/08/24 09:02:00,4.694405069623947
2026/08/24 09:03:00,7.245773298908969
2026/08/24 09:04:00,5.269740682064538
2026/08/24 09:05:00,4.183333333333334
2026/08/24 09:06:00,3.481360562348003
2026/08/24 09:07:00,3.8438448454124
2026/08/24 09:08:00,4.230865328558341
2026/08/24 09:09:00,3.727174184941215
2026/08/24 09:10:00,3.775
2026/08/24 09:11:00,4.316666666666666
2026/08/24 09:12:00,4.25
2026/08/24 09:13:00,4.380777879570251
2026/08/24 09:14:00,3.7333333333333334
2026/08/24 09:15:00,3.8249999999999997
2026/08/24 09:16:00,4.002334695238889
2026/08/24 09:17:00,3.8478195689109502
2026/08/24 09:18:00,4.3999266678888675
2026/08/24 09:19:00,3.952305511548403
2026/08/24 09:20:00,3.775
2026/08/24 09:21:00,4.222536853502123
2026/08/24 09:22:00,4.133333333333334
2026/08/24 09:23:00,4.319186191945301
2026/08/24 09:24:00,3.8394270009161326
2026/08/24 09:25:00,3.827232552322188
2026/08/24 09:26:00,4.225
2026/08/24 09:27:00,4.075
2026/08/24 09:28:00,4.125
2026/08/24 09:29:00,3.8166666666666673
2026/08/24 09:30:00,4.041666666666666
2026/08/24 09:31:00,4.289164653951861
2026/08/24 09:32:00,5.119653130993079
2026/08/24 09:33:00,6.383333333333334
2026/08/24 09:34:00,3.8394270009161326
2026/08/24 09:35:00,3.75
2026/08/24 09:36:00,3.9773201033936463
2026/08/24 09:37:00,4.075
2026/08/24 09:38:00,4.2749999999999995
2026/08/24 09:39:00,3.8227700508036975
2026/08/24 09:40:00,3.752188776786459
2026/08/24 09:41:00,4.141666666666667
2026/08/24 09:42:00,5.655034563171483
2026/08/24 09:43:00,4.508333333333334
2026/08/24 09:44:00,3.5583926398773316
2026/08/24 09:45:00,4.366593890101832
2026/08/24 09:46:00,4.258404306738446
2026/08/24 09:47:00,3.9355634859753854
2026/08/24 09:48:00,4.225
2026/08/24 09:49:00,3.6999999999999997
2026/08/24 09:50:00,3.766666666666666
2026/08/24 09:51:00,4.355792454401599
2026/08/24 09:52:00,4.258262362293961
2026/08/24 09:53:00,4.2000700011666865
2026/08/24 09:54:00,3.6688068039689816
2026/08/24 09:55:00,4.166666666666666
2026/08/24 09:56:00,3.806113100691263
2026/08/24 09:57:00,3.843908946885683
2026/08/24 09:58:00,3.9976680269842593
2026/08/24 09:59:00,3.8416666666666672
2026/08/24 10:00:00,4.316738612310204
2026/08/24 10:01:00,4.460861154654304
2026/08/24 10:02:00,4.697181690985409
2026/08/24 10:03:00,5.294843572810353
2026/08/24 10:04:00,3.9083333333333328
2026/08/24 10:05:00,4.291666666666666
2026/08/24 10:06:00,3.991666666666667
2026/08/24 10:07:00,3.8643480578319678
2026/08/24 10:08:00,4.119138149556401
2026/08/24 10:09:00,3.6916666666666664
2026/08/24 10:10:00,4.430601129303596
2026/08/24 10:11:00,3.8523756316395112
2026/08/24 10:12:00,4.2140679914053
2026/08/24 10:13:00,4.285976352083785
2026/08/24 10:14:00,3.914252877392275
2026/08/24 10:15:00,4.208333333333334
2026/08/24 10:16:00,4.183263612273128
2026/08/24 10:17:00,3.991733195553259
2026/08/24 10:18:00,4.627853843203308
2026/08/24 10:19:00,3.9475656678381665
2026/08/24 10:20:00,4.077514467254807
2026/08/24 10:21:00,4.441666666666666
2026/08/24 10:22:00,3.9808784582840584
2026/08/24 10:23:00,4.444407384553808
2026/08/24 10:24:00,4.125
2026/08/24 10:25:00,4.283333333333333
2026/08/24 10:26:00,4.014191248729951
2026/08/24 10:27:00,4.04416056568217
2026/08/24 10:28:00,4.322334560354448
2026/08/24 10:29:00,3.844037156246352
2026/08/24 10:30:00,4.6
2026/08/24 10:31:00,4.091666666666666
2026/08/24 10:32:00,5.080200542998484
2026/08/24 10:33:00,5.720194119707153
2026/08/24 10:34:00,3.8642836917234367
2026/08/24 10:35:00,4.452745859946967
2026/08/24 10:36:00,3.8975964821693285
2026/08/24 10:37:00,3.9250654177569633
2026/08/24 10:38:00,4.727836702021213
2026/08/24 10:39:00,3.8643480578319678
2026/08/24 10:40:00,4.374927084548591
2026/08/24 10:41:00,4.085852942647966
2026/08/24 10:42:00,4.089145027233206
2026/08/24 10:43:00,4.650077501291688
2026/08/24 10:44:00,3.799936667722205
2026/08/24 10:45:00,4.661207744775945
2026/08/24 10:46:00,4.3999999999999995
2026/08/24 10:47:00,4.072488632010261
2026/08/24 10:48:00,4.8
2026/08/24 10:49:00,3.9357603855711023
2026/08/24 10:50:00,4.341666666666666
2026/08/24 10:51:00,4.064228129788793
2026/08/24 10:52:00,4.624922917951368
2026/08/24 10:53:00,4.375
2026/08/24 10:54:00,3.869052582425829
2026/08/24 10:55:00,4.014191248729951
2026/08/24 10:56:00,4.041734028900482
2026/08/24 10:57:00,4.16659722337961
2026/08/24 10:58:00,4.341666666666666
2026/08/24 10:59:00,3.7856678284942373
2026/08/24 11:00:00,4.366666666666666
2026/08/24 11:01:00,4.658333333333332
2026/08/24 11:02:00,4.991666666666666
2026/08/24 11:03:00,5.513358651475781
2026/08/24 11:04:00,3.8666022232962782
2026/08/24 11:05:00,4.094191418041125
2026/08/24 11:06:00,4.164168165767206
2026/08/24 11:07:00,4.166666666666666
2026/08/24 11:08:00,4.294243212594223
2026/08/24 11:09:00,3.822706376174295
2026/08/24 11:10:00,3.9023414048429057
2026/08/24 11:11:00,4.491666666666666
2026/08/24 11:12:00,4.622149674367473
2026/08/24 11:13:00,4.361022630622217
2026/08/24 11:14:00,3.675
2026/08/24 11:15:00,4.147511493104138
2026/08/24 11:16:00,3.9333333333333327
2026/08/24 11:17:00,4.025
2026/08/24 11:18:00,4.233333333333333
2026/08/24 11:19:00,3.8166666666666673
2026/08/24 11:20:00,3.725
2026/08/24 11:21:00,4.475
2026/08/24 11:22:00,3.9773864318591152
2026/08/24 11:23:00,4.239123192751016
2026/08/24 11:24:00,3.6916666666666664
2026/08/24 11:25:00,3.766666666666666
2026/08/24 11:26:00,4.1273388253343555
2026/08/24 11:27:00,3.7833333333333328
2026/08/24 11:28:00,4.041734028900482
2026/08/24 11:29:00,3.508274862085632
2026/08/24 11:30:00,3.8
2026/08/24 11:31:00,4.475
2026/08/24 11:32:00,5.108333333333333
2026/08/24 11:33:00,6.508333333333335
2026/08/24 11:34:00,3.625
2026/08/24 11:35:00,3.858461948731624
2026/08/24 11:36:00,3.9915336155461487
2026/08/24 11:37:00,3.766666666666666
2026/08/24 11:38:00,3.9666666666666672
2026/08/24 11:39:00,3.7333333333333334
2026/08/24 11:40:00,3.8333972232870552
2026/08/24 11:41:00,4.224929584506925
2026/08/24 11:42:00,3.925
2026/08/24 11:43:00,4.091803060102003
2026/08/24 11:44:00,3.5475167382832016
2026/08/24 11:45:00,4.169446297531688
2026/08/24 11:46:00,4.258333333333334
2026/08/24 11:47:00,3.831289978678038
2026/08/24 11:48:00,4.127201173959445
2026/08/24 11:49:00,3.550118337277909
2026/08/24 11:50:00,3.833205559814673
2026/08/24 11:51:00,4.208333333333334
2026/08/24 11:52:00,3.9083333333333328
2026/08/24 11:53:00,4.2834047234120565
2026/08/24 11:54:00,3.5729753139887395
2026/08/24 11:55:00,3.8939381305761693
2026/08/24 11:56:00,3.9832005599813343
2026/08/24 11:57:00,3.7416666666666663
2026/08/24 11:58:00,3.9751325044168135
2026/08/24 11:59:00,3.7832072264257857
2026/08/24 12:00:00,3.9500658344305735
2026/08/24 12:01:00,4.6165897235046085
2026/08/24 12:02:00,4.625077084618077
2026/08/24 12:03:00,5.388343854622982
2026/08/24 12:04:00,4.436142890497314
2026/08/24 12:05:00,4.333333333333334
2026/08/24 12:06:00,3.9724840934075085
2026/08/24 12:07:00,3.891666666666667
2026/08/24 12:08:00,4.069243854441146
2026/08/24 12:09:00,3.8808108063092317
2026/08/24 12:10:00,4.127682993946065
2026/08/24 12:11:00,4.066666666666666
2026/08/24 12:12:00,4.2057397937938275
2026/08/24 12:13:00,4.486099761519604
2026/08/24 12:14:00,3.73103252993987
2026/08/24 12:15:00,4.252622450511149
2026/08/24 12:16:00,3.8166666666666673
2026/08/24 12:17:00,3.866666666666667
2026/08/24 12:18:00,4.430601129303596
2026/08/24 12:19:00,3.8666022232962782
2026/08/24 12:20:00,4.177645842366832
2026/08/24 12:21:00,4.039108564575768
2026/08/24 12:22:00,4.133333333333334
2026/08/24 12:23:00,4.602915179613755
2026/08/24 12:24:00,3.9416666666666673
2026/08/24 12:25:00,3.8558912688630533
2026/08/24 12:26:00,4.5
2026/08/24 12:27:00,3.9691804809712816
2026/08/24 12:28:00,4.483333333333333
2026/08/24 12:29:00,3.725
2026/08/24 12:30:00,3.991666666666667
2026/08/24 12:31:00,4.366666666666666
2026/08/24 12:32:00,4.8999999999999995
2026/08/24 12:33:00,5.888035711311359
2026/08/24 12:34:00,3.660590697596851
2026/08/24 12:35:00,3.8226427036660717
2026/08/24 12:36:00,4.2025915981521935
2026/08/24 12:37:00,3.866666666666667
2026/08/24 12:38:00,4.2749999999999995
2026/08/24 12:39:00,3.725
2026/08/24 12:40:00,3.9833333333333325
2026/08/24 12:41:00,4.222325860288484
2026/08/24 12:42:00,4.319402288115807
2026/08/24 12:43:00,4.283333333333333
2026/08/24 12:44:00,3.4916666666666663
2026/08/24 12:45:00,4.5249999999999995
2026/08/24 12:46:00,3.725
2026/08/24 12:47:00,4.341666666666666
2026/08/24 12:48:00,4.505479862753589
2026/08/24 12:49:00,3.7190220472966207
2026/08/24 12:50:00,3.8975964821693285
2026/08/24 12:51:00,4.227607024331671
2026/08/24 12:52:00,4.363975548411813
2026/08/24 12:53:00,4.502776712305922
2026/08/24 12:54:00,3.7061096675328136
2026/08/24 12:55:00,3.810619705156427
2026/08/24 12:56:00,4.0166666666666675
2026/08/24 12:57:00,4.141666666666667
2026/08/24 12:58:00,4.108333333333333
2026/08/24 12:59:00,3.6999999999999997
2026/08/24 13:00:00,4.180755200959408
2026/08/24 13:01:00,4.658333333333332
2026/08/24 13:02:00,4.883333333333334
2026/08/24 13:03:00,5.3916666666666675
2026/08/24 13:04:00,3.6772676483831694
2026/08/24 13:05:00,3.872740901141001
2026/08/24 13:06:00,4.377553572917535
2026/08/24 13:07:00,3.925
2026/08/24 13:08:00,4.033333333333333
2026/08/24 13:09:00,3.6333333333333333
2026/08/24 13:10:00,3.9059246797808016
2026/08/24 13:11:00,4.208333333333334
2026/08/24 13:12:00,4.425
2026/08/24 13:13:00,4.277637876690625
2026/08/24 13:14:00,3.675
2026/08/24 13:15:00,4.389033246718636
2026/08/24 13:16:00,3.7939430324861583
2026/08/24 13:17:00,3.9642220630611127
2026/08/24 13:18:00,4.461084335340126
2026/08/24 13:19:00,3.889268284557856
2026/08/24 13:20:00,4.3026533028701035
2026/08/24 13:21:00,4.191666666666666
2026/08/24 13:22:00,4.2890217699085555
2026/08/24 13:23:00,4.4667411123518725
2026/08/24 13:24:00,3.868988059502368
2026/08/24 13:25:00,4.430674928376307
2026/08/24 13:26:00,3.868988059502368
2026/08/24 13:27:00,4.025
2026/08/24 13:28:00,4.497301619028582
2026/08/24 13:29:00,3.6938829964645454
2026/08/24 13:30:00,4.072556466120328
2026/08/24 13:31:00,4.210859849242879
2026/08/24 13:32:00,5.021986807915251
2026/08/24 13:33:00,6.866666666666666
2026/08/24 13:34:00,3.6855446601294113
2026/08/24 13:35:00,3.991666666666667
2026/08/24 13:36:00,4.025
2026/08/24 13:37:00,4.0059297754680525
2026/08/24 13:38:00,4.058333333333334
2026/08/24 13:39:00,4.127476485891535
2026/08/24 13:40:00,3.7333333333333334
2026/08/24 13:41:00,4.158333333333333
2026/08/24 13:42:00,4.122526484109534
2026/08/24 13:43:00,4.199930001166647
2026/08/24 13:44:00,3.8750645844097398
2026/08/24 13:45:00,4.083265278912019
2026/08/24 13:46:00,4.191736528942148
2026/08/24 13:47:00,3.8416666666666672
2026/08/24 13:48:00,4.586084984323928
2026/08/24 13:49:00,3.9583333333333326
2026/08/24 13:50:00,3.75
2026/08/24 13:51:00,4.2473807818511915
2026/08/24 13:52:00,4.141666666666667
2026/08/24 13:53:00,4.441740695678261
2026/08/24 13:54:00,3.9190180775131753
2026/08/24 13:55:00,3.7916666666666665
2026/08/24 13:56:00,3.9083333333333328
2026/08/24 13:57:00,3.9809447664734496
2026/08/24 13:58:00,4.19418317657261
2026/08/24 13:59:00,3.675
2026/08/24 14:00:00,4.85
2026/08/24 14:01:00,4.114129620067625
2026/08/24 14:02:00,4.6778846955622635
2026/08/24 14:03:00,5.763112747139265
2026/08/24 14:04:00,3.6916666666666664
2026/08/24 14:05:00,4.035822090289012
2026/08/24 14:06:00,4.297349967520029
2026/08/24 14:07:00,4.094191418041125
2026/08/24 14:08:00,4.397288338857704
2026/08/24 14:09:00,3.7167286121435352
2026/08/24 14:10:00,3.8082063931202295
2026/08/24 14:11:00,4.366739445657428
2026/08/24 14:12:00,4.1082648622522955
2026/08/24 14:13:00,4.9000816680278
2026/08/24 14:14:00,3.7523139269216017
2026/08/24 14:15:00,3.930974748484243
2026/08/24 14:16:00,3.9999333344444254
2026/08/24 14:17:00,4.010806664109534
2026/08/24 14:18:00,4.875
2026/08/24 14:19:00,4.005863051118476
2026/08/24 14:20:00,4.010806664109534
2026/08/24 14:21:00,4.5249999999999995
2026/08/24 14:22:00,4.458333333333334
2026/08/24 14:23:00,4.455511509377394
2026/08/24 14:24:00,3.908398473307889
2026/08/24 14:25:00,3.9916001399976673
2026/08/24 14:26:00,4.075
2026/08/24 14:27:00,4.3861112037623835
2026/08/24 14:28:00,4.483333333333333
2026/08/24 14:29:00,3.7833333333333328
2026/08/24 14:30:00,4.239123192751016
2026/08/24 14:31:00,4.219198185578014
2026/08/24 14:32:00,4.925
2026/08/24 14:33:00,5.5
2026/08/24 14:34:00,3.797721367179692
2026/08/24 14:35:00,3.8166666666666673
2026/08/24 14:36:00,4.025
2026/08/24 14:37:00,4.1858448402374755
2026/08/24 14:38:00,4.291666666666666
2026/08/24 14:39:00,3.6999999999999997
2026/08/24 14:40:00,3.8
2026/08/24 14:41:00,4.638806069590419
2026/08/24 14:42:00,4.069175991861648
2026/08/24 14:43:00,4.455585722138014
2026/08/24 14:44:00,3.816603056615723
2026/08/24 14:45:00,4.175
2026/08/24 14:46:00,4.3277409025716285
2026/08/24 14:47:00,3.9083333333333328
2026/08/24 14:48:00,4.725
2026/08/24 14:49:00,3.989273102804983
2026/08/24 14:50:00,3.8189580414915616
2026/08/24 14:51:00,4.5138831054183255
2026/08/24 14:52:00,4.183333333333334
2026/08/24 14:53:00,4.361022630622217
2026/08/24 14:54:00,3.656078751436614
2026/08/24 14:55:00,4.241666666666666
2026/08/24 14:56:00,4.091666666666666
2026/08/24 14:57:00,3.8773910578189885
2026/08/24 14:58:00,4.258333333333334
2026/08/24 14:59:00,3.9058596222392485
2026/08/24 15:00:00,4.361095360394916
2026/08/24 15:01:00,4.391666666666667
2026/08/24 15:02:00,4.7666666666666675
2026/08/24 15:03:00,6.8500000000000005
2026/08/24 15:04:00,5.2550926928394155
2026/08/24 15:05:00,4.1
2026/08/24 15:06:00,3.894068008605306
2026/08/24 15:07:00,3.8726763941635016
2026/08/24 15:08:00,4.041666666666666
2026/08/24 15:09:00,3.716604723254612
2026/08/24 15:10:00,3.9916001399976673
2026/08/24 15:11:00,4.3861112037623835
2026/08/24 15:12:00,4.075
2026/08/24 15:13:00,4.283333333333333
2026/08/24 15:14:00,3.930909272615221
2026/08/24 15:15:00,4.01673361222687
2026/08/24 15:16:00,3.785604696151024
2026/08/24 15:17:00,3.875
2026/08/24 15:18:00,4.497226710195379
2026/08/24 15:19:00,4.244283975117989
2026/08/24 15:20:00,3.9391062476057233
2026/08/24 15:21:00,4.502926902486616
2026/08/24 15:22:00,4.075
2026/08/24 15:23:00,4.322334560354448
2026/08/24 15:24:00,4.060837516468489
2026/08/24 15:25:00,3.9
2026/08/24 15:26:00,4.397288338857704
2026/08/24 15:27:00,4.033333333333333
2026/08/24 15:28:00,4.25
2026/08/24 15:29:00,3.8857295332121478
2026/08/24 15:30:00,4
2026/08/24 15:31:00,4.130854820441069
2026/08/24 15:32:00,5.053031819091454
2026/08/24 15:33:00,6.458333333333333
2026/08/24 15:34:00,3.822706376174295
2026/08/24 15:35:00,4.35
2026/08/24 15:36:00,3.618837969448336
2026/08/24 15:37:00,4.033333333333333
2026/08/24 15:38:00,4.558333333333333
2026/08/24 15:39:00,3.6478113132120726
2026/08/24 15:40:00,4.169168167567207
2026/08/24 15:41:00,3.8643480578319678
2026/08/24 15:42:00,3.933398889981499
2026/08/24 15:43:00,4.374927084548591
2026/08/24 15:44:00,3.775062917715295
2026/08/24 15:45:00,4.475
2026/08/24 15:46:00,3.6916051399143353
2026/08/24 15:47:00,3.8773263958375024
2026/08/24 15:48:00,4.3999999999999995
2026/08/24 15:49:00,3.6894529948697445
2026/08/24 15:50:00,3.791793059768659
2026/08/24 15:51:00,4.352466397625321
2026/08/24 15:52:00,4.039310402265346
2026/08/24 15:53:00,4.441592640122664
2026/08/24 15:54:00,3.7166666666666663
2026/08/24 15:55:00,3.9583333333333326
2026/08/24 15:56:00,3.7939430324861583
2026/08/24 15:57:00,4.072556466120328
2026/08/24 15:58:00,4.2608898672536855
2026/08/24 15:59:00,3.6999999999999997
2026/08/24 16:00:00,4.491666666666666
2026/08/24 16:01:00,4.341666666666666
2026/08/24 16:02:00,4.875
2026/08/24 16:03:00,5.754688697158466
2026/08/24 16:04:00,3.6999999999999997
2026/08/24 16:05:00,4.027550782162036
2026/08/24 16:06:00,4.15577060812499
2026/08/24 16:07:00,4.285976352083785
2026/08/24 16:08:00,4.072420800159899
2026/08/24 16:09:00,3.660651746105867
2026/08/24 16:10:00,4.241666666666666
2026/08/24 16:11:00,4.180755200959408
2026/08/24 16:12:00,4.216666666666666
2026/08/24 16:13:00,4.402715007588012
2026/08/24 16:14:00,3.7060479371054513
2026/08/24 16:15:00,3.9024064839984653
2026/08/24 16:16:00,4.438929326915069
2026/08/24 16:17:00,3.799936667722205
2026/08/24 16:18:00,4.5528834928788235
2026/08/24 16:19:00,3.6810020320463703
2026/08/24 16:20:00,3.766666666666666
2026/08/24 16:21:00,4.441740695678261
2026/08/24 16:22:00,4.166666666666666
2026/08/24 16:23:00,4.35
2026/08/24 16:24:00,3.952437336357421
2026/08/24 16:25:00,4.23319222692577
2026/08/24 16:26:00,3.8583976399606654
2026/08/24 16:27:00,3.9833997233287217
2026/08/24 16:28:00,4.0640250503839175
2026/08/24 16:29:00,3.658455281842728
2026/08/24 16:30:00,3.9080727951469902
2026/08/24 16:31:00,4.503077102686836
2026/08/24 16:32:00,4.90506329113924
2026/08/24 16:33:00,5.378406324005203
2026/08/24 16:34:00,3.6999999999999997
2026/08/24 16:35:00,3.9500658344305735
2026/08/24 16:36:00,4.17493041782637
2026/08/24 16:37:00,4.033467782259408
2026/08/24 16:38:00,4.380631943634758
2026/08/24 16:39:00,3.8356986808531928
2026/08/24 16:40:00,4.075
2026/08/24 16:41:00,4.35
2026/08/24 16:42:00,4.183263612273128
2026/08/24 16:43:00,4.4888237449615245
2026/08/24 16:44:00,3.902536648821734
2026/08/24 16:45:00,4.725
2026/08/24 16:46:00,4.233333333333333
2026/08/24 16:47:00,3.991666666666667
2026/08/24 16:48:00,4.3
2026/08/24 16:49:00,3.805922915486858
2026/08/24 16:50:00,4.3999999999999995
2026/08/24 16:51:00,4.361095360394916
2026/08/24 16:52:00,4.497301619028582
2026/08/24 16:53:00,4.299928334527758
2026/08/24 16:54:00,3.916666666666667
2026/08/24 16:55:00,4.158333333333333
2026/08/24 16:56:00,3.660590697596851
2026/08/24 16:57:00,3.883268612189797
2026/08/24 16:58:00,4.008266528891185
2026/08/24 16:59:00,4.041666666666666
2026/08/24 17:00:00,4
2026/08/24 17:01:00,4.305678165131503
2026/08/24 17:02:00,4.6778846955622635
2026/08/24 17:03:00,5.241666666666666
2026/08/24 17:04:00,3.8166666666666673
2026/08/24 17:05:00,3.9499999999999997
2026/08/24 17:06:00,3.9499999999999997
2026/08/24 17:07:00,3.708456948564952
2026/08/24 17:08:00,4.072420800159899
2026/08/24 17:09:00,3.8356347141618303
2026/08/24 17:10:00,3.9083333333333328
2026/08/24 17:11:00,3.90598973948964
2026/08/24 17:12:00,4.294314827476944
2026/08/24 17:13:00,4.28326194563424
2026/08/24 17:14:00,3.8501283376112534
2026/08/24 17:15:00,4.108333333333333
2026/08/24 17:16:00,3.614497967885935
2026/08/24 17:17:00,3.8605209618783976
2026/08/24 17:18:00,4.325
2026/08/24 17:19:00,3.975
2026/08/24 17:20:00,3.864090606262491
2026/08/24 17:21:00,4.377918612408272
2026/08/24 17:22:00,3.9499999999999997
2026/08/24 17:23:00,4.308333333333334
2026/08/24 17:24:00,3.891666666666667
2026/08/24 17:25:00,3.8333333333333326
2026/08/24 17:26:00,3.9833997233287217
2026/08/24 17:27:00,4.163960092606472
2026/08/24 17:28:00,4.3861112037623835
2026/08/24 17:29:00,3.6478113132120726
2026/08/24 17:30:00,4.26922820358882
2026/08/24 17:31:00,3.8166666666666673
2026/08/24 17:32:00,4.841666666666666
2026/08/24 17:33:00,6.850228340944699
2026/08/24 17:34:00,3.647993603518065
2026/08/24 17:35:00,3.7937532309436857
2026/08/24 17:36:00,3.9083333333333328
2026/08/24 17:37:00,3.733208893036899
2026/08/24 17:38:00,4.214489180590029
2026/08/24 17:39:00,3.8083333333333327
2026/08/24 17:40:00,3.635211525955077
2026/08/24 17:41:00,4.122869850577201
2026/08/24 17:42:00,3.985525372288091
2026/08/24 17:43:00,4.224859171360955
2026/08/24 17:44:00,3.3833333333333333
2026/08/24 17:45:00,3.9584652821760726
2026/08/24 17:46:00,4.025
2026/08/24 17:47:00,3.866537782073931
2026/08/24 17:48:00,4.216666666666666
2026/08/24 17:49:00,3.541784726157539
2026/08/24 17:50:00,3.7248758374720845
2026/08/24 17:51:00,4.333333333333334
2026/08/24 17:52:00,4.25
2026/08/24 17:53:00,4.541666666666666
2026/08/24 17:54:00,3.716790559685322
2026/08/24 17:55:00,3.7475640833458246
2026/08/24 17:56:00,4.127682993946065
2026/08/24 17:57:00,3.7583333333333333
2026/08/24 17:58:00,4.0643635273345105
2026/08/24 17:59:00,3.6436099252934904
2026/08/24 18:00:00,4.183333333333334
2026/08/24 18:01:00,4.647134267201892
2026/08/24 18:02:00,4.694561646348581
2026/08/24 18:03:00,5.541759029317155
2026/08/24 18:04:00,4.249929167847203
2026/08/24 18:05:00,4.2834047234120565
2026/08/24 18:06:00,4.289164653951861
2026/08/24 18:07:00,3.894003068507771
2026/08/24 18:08:00,4.2140679914053
2026/08/24 18:09:00,3.727298500742125
2026/08/24 18:10:00,3.9416666666666673
2026/08/24 18:11:00,4.266666666666667
2026/08/24 18:12:00,4.272436538077153
2026/08/24 18:13:00,4.4193182576212395
2026/08/24 18:14:00,3.7166666666666663
2026/08/24 18:15:00,4.03924312079419
2026/08/24 18:16:00,3.9833997233287217
2026/08/24 18:17:00,3.935629116984908
2026/08/24 18:18:00,4.366666666666666
2026/08/24 18:19:00,3.916666666666667
2026/08/24 18:20:00,3.7894561505788293
2026/08/24 18:21:00,4.258262362293961
2026/08/24 18:22:00,4.052431458875326
2026/08/24 18:23:00,4.355719901392497
2026/08/24 18:24:00,3.6938829964645454
2026/08/24 18:25:00,4.008333333333333
2026/08/24 18:26:00,3.9976680269842593
2026/08/24 18:27:00,4.11073125990161
2026/08/24 18:28:00,4.230865328558341
2026/08/24 18:29:00,3.9250654177569633
2026/08/24 18:30:00,3.960577660674382
2026/08/24 18:31:00,4.308333333333334
2026/08/24 18:32:00,4.780544682268677
2026/08/24 18:33:00,5.6783123488701746
2026/08/24 18:34:00,4.091666666666666
2026/08/24 18:35:00,3.914383276422087
2026/08/24 18:36:00,4.335862586508797
2026/08/24 18:37:00,3.8249999999999997
2026/08/24 18:38:00,4.083333333333334
2026/08/24 18:39:00,4.033333333333333
2026/08/24 18:40:00,4.383333333333334
2026/08/24 18:41:00,4.008333333333333
2026/08/24 18:42:00,4.15
2026/08/24 18:43:00,4.339135504289165
2026/08/24 18:44:00,4.141597640039333
2026/08/24 18:45:00,4.144153158561804
2026/08/24 18:46:00,4.0166666666666675
2026/08/24 18:47:00,4.155909053052386
2026/08/24 18:48:00,4.377553572917535
2026/08/24 18:49:00,4.025
2026/08/24 18:50:00,3.8249999999999997
2026/08/24 18:51:00,4.425
2026/08/24 18:52:00,4.216666666666666
2026/08/24 18:53:00,4.225
2026/08/24 18:54:00,4.341666666666666
2026/08/24 18:55:00,4.205809847424878
2026/08/24 18:56:00,3.6583943065717768
2026/08/24 18:57:00,3.818894355040441
2026/08/24 18:58:00,4.3141500791205125
2026/08/24 18:59:00,3.75
2026/08/24 19:00:00,3.877261736012674
2026/08/24 19:01:00,4.491666666666666
2026/08/24 19:02:00,4.683333333333333
2026/08/24 19:03:00,5.5249999999999995
2026/08/24 19:04:00,3.8560839510285665
2026/08/24 19:05:00,4.166736112268538
2026/08/24 19:06:00,3.7604642630824134
2026/08/24 19:07:00,4.116666666666666
2026/08/24 19:08:00,4.291666666666666
2026/08/24 19:09:00,3.675
2026/08/24 19:10:00,3.7166666666666663
2026/08/24 19:11:00,4.155909053052386
2026/08/24 19:12:00,4.091734862247704
2026/08/24 19:13:00,4.425
2026/08/24 19:14:00,4.008266528891185
2026/08/24 19:15:00,3.943967314266655
2026/08/24 19:16:00,4.022586448131121
2026/08/24 19:17:00,4.091666666666666
2026/08/24 19:18:00,4.310919885264492
2026/08/24 19:19:00,3.8227700508036975
2026/08/24 19:20:00,3.7833333333333328
2026/08/24 19:21:00,4.661052280496957
2026/08/24 19:22:00,4.191666666666666
2026/08/24 19:23:00,4.347391565060964
2026/08/24 19:24:00,3.7272363418050833
2026/08/24 19:25:00,3.9083333333333328
2026/08/24 19:26:00,4.025
2026/08/24 19:27:00,4
2026/08/24 19:28:00,4.289236099543592
2026/08/24 19:29:00,3.6770836807524265
2026/08/24 19:30:00,4.133333333333334
2026/08/24 19:31:00,3.891666666666667
2026/08/24 19:32:00,5.047055884067627
2026/08/24 19:33:00,6.45
2026/08/24 19:34:00,3.7082715288078534
2026/08/24 19:35:00,3.8856647321726365
2026/08/24 19:36:00,4.383333333333334
2026/08/24 19:37:00,3.866666666666667
2026/08/24 19:38:00,4.130923627883735
2026/08/24 19:39:00,3.727174184941215
2026/08/24 19:40:00,3.9560256517031727
2026/08/24 19:41:00,4.6416666666666675
2026/08/24 19:42:00,4.044025681647628
2026/08/24 19:43:00,4.330807029232948
2026/08/24 19:44:00,3.752188776786459
2026/08/24 19:45:00,4.108333333333333
2026/08/24 19:46:00,4.197551428333472
2026/08/24 19:47:00,3.766666666666666
2026/08/24 19:48:00,4.383333333333334
2026/08/24 19:49:00,3.6833333333333336
2026/08/24 19:50:00,4.152422246310348
2026/08/24 19:51:00,4.047638877321562
2026/08/24 19:52:00,4.058333333333334
2026/08/24 19:53:00,4.266595556740721
2026/08/24 19:54:00,3.610499633113201
2026/08/24 19:55:00,4.6306321312567675
2026/08/24 19:56:00,3.6521304094054865
2026/08/24 19:57:00,3.766666666666666
2026/08/24 19:58:00,4.189222953277255
2026/08/24 19:59:00,3.752188776786459
2026/08/24 20:00:00,4.355792454401599
2026/08/24 20:01:00,4.544317518552488
2026/08/24 20:02:00,4.833333333333334
2026/08/24 20:03:00,5.455060297155041
2026/08/24 20:04:00,3.7416666666666663
2026/08/24 20:05:00,4.058333333333334
2026/08/24 20:06:00,4.060769795210459
2026/08/24 20:07:00,3.8560197215004326
2026/08/24 20:08:00,4.391739862331038
2026/08/24 20:09:00,3.6854831985324767
2026/08/24 20:10:00,4.158333333333333
2026/08/24 20:11:00,4.3999999999999995
2026/08/24 20:12:00,4.183333333333334
2026/08/24 20:13:00,4.2473807818511915
2026/08/24 20:14:00,3.7106215499558055
2026/08/24 20:15:00,4.616666666666667
2026/08/24 20:16:00,3.6166666666666663
2026/08/24 20:17:00,3.8560197215004326
2026/08/24 20:18:00,4.291666666666666
2026/08/24 20:19:00,3.6583943065717768
2026/08/24 20:20:00,4.03568748436588
2026/08/24 20:21:00,4.158333333333333
2026/08/24 20:22:00,4.18915317476181
2026/08/24 20:23:00,4.316594723421276
2026/08/24 20:24:00,3.7523139269216017
2026/08/24 20:25:00,4.208333333333334
2026/08/24 20:26:00,4.083333333333334
2026/08/24 20:27:00,3.8975964821693285
2026/08/24 20:28:00,4.1440840490286
2026/08/24 20:29:00,3.597781368156304
2026/08/24 20:30:00,4.361022630622217
2026/08/24 20:31:00,4.266666666666667
2026/08/24 20:32:00,4.7333333333333325
2026/08/24 20:33:00,5.216666666666666
2026/08/24 20:34:00,3.8583333333333325
2026/08/24 20:35:00,4.225070417840297
2026/08/24 20:36:00,3.941600973317111
2026/08/24 20:37:00,3.8728699215431512
2026/08/24 20:38:00,4.17743683815559
2026/08/24 20:39:00,3.9
2026/08/24 20:40:00,3.9333333333333327
2026/08/24 20:41:00,4.289164653951861
2026/08/24 20:42:00,4.316666666666666
2026/08/24 20:43:00,4.241595973400444
2026/08/24 20:44:00,3.7188980054699488
2026/08/24 20:45:00,4.32247855417673
2026/08/24 20:46:00,4.05826569557174
2026/08/24 20:47:00,3.9750662511041854
2026/08/24 20:48:00,4.6915884735254405
2026/08/24 20:49:00,3.799936667722205
2026/08/24 20:50:00,4.661207744775945
2026/08/24 20:51:00,3.922646412152708
2026/08/24 20:52:00,4.127476485891535
2026/08/24 20:53:00,4.505554907806853
2026/08/24 20:54:00,3.7167286121435352
2026/08/24 20:55:00,3.91067974117804
2026/08/24 20:56:00,4.083333333333334
2026/08/24 20:57:00,4.008333333333333
2026/08/24 20:58:00,4.35
2026/08/24 20:59:00,3.6999383343610943
2026/08/24 21:00:00,4.074932084465259
2026/08/24 21:01:00,4.316666666666666
2026/08/24 21:02:00,4.741824727490916
2026/08/24 21:03:00,6.749775007499751
2026/08/24 21:04:00,4.808413473557892
2026/08/24 21:05:00,3.9556962025316453
2026/08/24 21:06:00,3.777455345974884
2026/08/24 21:07:00,4.006129961854313
2026/08/24 21:08:00,4.166736112268538
2026/08/24 21:09:00,3.7104359136844214
2026/08/24 21:10:00,4.241666666666666
2026/08/24 21:11:00,4.297493129008078
2026/08/24 21:12:00,4.425
2026/08/24 21:13:00,4.460935545735012
2026/08/24 21:14:00,3.9333333333333327
2026/08/24 21:15:00,4.15
2026/08/24 21:16:00,4.17263550654629
2026/08/24 21:17:00,4.033333333333333
2026/08/24 21:18:00,4.458333333333334
2026/08/24 21:19:00,3.7583333333333333
2026/08/24 21:20:00,4.043958243004369
2026/08/24 21:21:00,4.408333333333333
2026/08/24 21:22:00,4.358333333333333
2026/08/24 21:23:00,4.475
2026/08/24 21:24:00,3.9499999999999997
2026/08/24 21:25:00,3.9061198654096008
2026/08/24 21:26:00,4.277423873528333
2026/08/24 21:27:00,3.8083333333333327
2026/08/24 21:28:00,4.139252102939952
2026/08/24 21:29:00,3.768739473377024
2026/08/24 21:30:00,3.9
2026/08/24 21:31:00,4.608486949564986
2026/08/24 21:32:00,4.891503616546115
2026/08/24 21:33:00,6.3168772292409745
2026/08/24 21:34:00,3.9
2026/08/24 21:35:00,3.8309709012775457
2026/08/24 21:36:00,4.510964729425498
2026/08/24 21:37:00,3.8249999999999997
2026/08/24 21:38:00,4.116666666666666
2026/08/24 21:39:00,3.4916666666666663
2026/08/24 21:40:00,3.7916666666666665
2026/08/24 21:41:00,4.316666666666666
2026/08/24 21:42:00,3.9416666666666673
2026/08/24 21:43:00,4.308476949231641
2026/08/24 21:44:00,3.6082130595646817
2026/08/24 21:45:00,4.358333333333333
2026/08/24 21:46:00,3.9334644488149606
2026/08/24 21:47:00,3.9248691710276327
2026/08/24 21:48:00,4.305965052554429
2026/08/24 21:49:00,3.7604015541881366
2026/08/24 21:50:00,4.0810887345293425
2026/08/24 21:51:00,4.224788760561972
2026/08/24 21:52:00,4.191666666666666
2026/08/24 21:53:00,4.219198185578014
2026/08/24 21:54:00,3.625
2026/08/24 21:55:00,4.091666666666666
2026/08/24 21:56:00,4.047841151385927
2026/08/24 21:57:00,3.8437166488794023
2026/08/24 21:58:00,4.341811393713123
2026/08/24 21:59:00,3.6998766707776407
2026/08/24 22:00:00,4.166666666666666
2026/08/24 22:01:00,4.3999999999999995
2026/08/24 22:02:00,4.625077084618077
2026/08/24 22:03:00,5.7464563519163185
2026/08/24 22:04:00,3.7188980054699488
2026/08/24 22:05:00,4.158402640044001
2026/08/24 22:06:00,3.9666666666666672
2026/08/24 22:07:00,3.925
2026/08/24 22:08:00,4.05
2026/08/24 22:09:00,3.6666055565740567
2026/08/24 22:10:00,4.008333333333333
2026/08/24 22:11:00,4.383333333333334
2026/08/24 22:12:00,4.041666666666666
2026/08/24 22:13:00,4.3393523454157785
2026/08/24 22:14:00,3.827041088580576
2026/08/24 22:15:00,3.883333333333333
2026/08/24 22:16:00,3.980679546968688
2026/08/24 22:17:00,3.8358905937291525
2026/08/24 22:18:00,4.866828894296477
2026/08/24 22:19:00,3.9642220630611127
2026/08/24 22:20:00,3.7833963899398326
2026/08/24 22:21:00,4.210859849242879
2026/08/24 22:22:00,4.058333333333334
2026/08/24 22:23:00,4.366666666666666
2026/08/24 22:24:00,4.172357506912289
2026/08/24 22:25:00,3.9248691710276327
2026/08/24 22:26:00,4.166805560185339
2026/08/24 22:27:00,3.9833333333333325
2026/08/24 22:28:00,4.069243854441146
2026/08/24 22:29:00,4.005863051118476
2026/08/24 22:30:00,4.419391958374331
2026/08/24 22:31:00,4.25
2026/08/24 22:32:00,4.963523102035378
2026/08/24 22:33:00,5.428256954172503
2026/08/24 22:34:00,4.008333333333333
2026/08/24 22:35:00,3.8557628247834774
2026/08/24 22:36:00,4.202801867911941
2026/08/24 22:37:00,3.9499999999999997
2026/08/24 22:38:00,4.366666666666666
2026/08/24 22:39:00,4.00566289140573
2026/08/24 22:40:00,3.791793059768659
2026/08/24 22:41:00,4.283333333333333
2026/08/24 22:42:00,4.060905239985324
2026/08/24 22:43:00,4.516666666666667
2026/08/24 22:44:00,4.066666666666666
2026/08/24 22:45:00,3.8833980566342774
2026/08/24 22:46:00,4.1082648622522955
2026/08/24 22:47:00,3.85
2026/08/24 22:48:00,4.858333333333333
2026/08/24 22:49:00,3.8249999999999997
2026/08/24 22:50:00,3.7751258375279173
2026/08/24 22:51:00,4.233262778953684
2026/08/24 22:52:00,4.3082615289745165
2026/08/24 22:53:00,4.5
2026/08/24 22:54:00,3.9583333333333326
2026/08/24 22:55:00,3.8810693761972184
2026/08/24 22:56:00,4.060769795210459
2026/08/24 22:57:00,4.133264445592573
2026/08/24 22:58:00,4.097609727658866
2026/08/24 22:59:00,3.96077581175058
2026/08/24 23:00:00,4.6081797273424225
2026/08/24 23:01:00,4.064092741263866
2026/08/24 23:02:00,4.803041926553484
2026/08/24 23:03:00,5.296380806448926
2026/08/24 23:04:00,3.944361980686803
2026/08/24 23:05:00,4.225
2026/08/24 23:06:00,3.6251208373612456
2026/08/24 23:07:00,3.9808784582840584
2026/08/24 23:08:00,4.108196393453552
2026/08/24 23:09:00,3.7189600253489647
2026/08/24 23:10:00,4.025067084451407
2026/08/24 23:11:00,4.4135771626528095
2026/08/24 23:12:00,4.411421328263118
2026/08/24 23:13:00,4.280408387601805
2026/08/24 23:14:00,3.7191460973982657
2026/08/24 23:15:00,4.441666666666666
2026/08/24 23:16:00,3.9583333333333326
2026/08/24 23:17:00,3.916666666666667
2026/08/24 23:18:00,4.475
2026/08/24 23:19:00,3.7083951399189985
2026/08/24 23:20:00,3.9972019586289598
2026/08/24 23:21:00,4.469720976000266
2026/08/24 23:22:00,3.9806132476141305
2026/08/24 23:23:00,4.336441116133229
2026/08/24 23:24:00,3.5475758231874885
2026/08/24 23:25:00,4.302796817931655
2026/08/24 23:26:00,3.9917997266575553
2026/08/24 23:27:00,3.7166666666666663
2026/08/24 23:28:00,4.025
2026/08/24 23:29:00,3.62487917069431
2026/08/24 23:30:00,4.458481949398313
2026/08/24 23:31:00,3.899870004333189
2026/08/24 23:32:00,5.025167505583519
2026/08/24 23:33:00,6.499783340555315
2026/08/24 23:34:00,3.65
2026/08/24 23:35:00,4.0166666666666675
2026/08/24 23:36:00,3.9416666666666673
2026/08/24 23:37:00,3.7833333333333328
2026/08/24 23:38:00,4.308333333333334
2026/08/24 23:39:00,3.7061714000166566
2026/08/24 23:40:00,4.060702076211123
2026/08/24 23:41:00,4.308476949231641
2026/08/24 23:42:00,3.9166013899768335
2026/08/24 23:43:00,4.258262362293961
2026/08/24 23:44:00,3.7391116070685033
2026/08/24 23:45:00,4.92002868626895
2026/08/24 23:46:00,3.7583333333333333
2026/08/24 23:47:00,4.883333333333334
2026/08/24 23:48:00,5.1750862514375235
2026/08/24 23:49:00,4.199930001166647
2026/08/24 23:50:00,3.6583943065717768
2026/08/24 23:51:00,4.191666666666666
2026/08/24 23:52:00,4.2165963900601655
2026/08/24 23:53:00,4.2834047234120565
2026/08/24 23:54:00,3.8416026399560006
2026/08/24 23:55:00,3.8975964821693285
2026/08/24 23:56:00,4.027550782162036
2026/08/24 23:57:00,3.7666038899351673
2026/08/24 23:58:00,4.025067084451407
2026/08/24 23:59:00,4.2057397937938275
2026/08/25 00:00:00,5.8286915046195915
2026/08/25 00:01:00,4.47485083830539
2026/08/25 00:02:00,4.95
2026/08/25 00:03:00,6.245836109260493
2026/08/25 00:04:00,4.3945963975983995
2026/08/25 00:05:00,4.35
2026/08/25 00:06:00,4.041734028900482
2026/08/25 00:07:00,3.9500658344305735
2026/08/25 00:08:00,4.833333333333334
2026/08/25 00:09:00,3.875
2026/08/25 00:10:00,4.041666666666666
2026/08/25 00:11:00,4.391666666666667
2026/08/25 00:12:00,4.488524699377102
2026/08/25 00:13:00,4.458259029016183
2026/08/25 00:14:00,3.9250654177569633
2026/08/25 00:15:00,4.091666666666666
2026/08/25 00:16:00,4.2749999999999995
2026/08/25 00:17:00,4.075
2026/08/25 00:18:00,4.391666666666667
2026/08/25 00:19:00,3.869375229327196
2026/08/25 00:20:00,4
2026/08/25 00:21:00,4.729785993837955
2026/08/25 00:22:00,4.069718955883579
2026/08/25 00:23:00,4.172010059457389
2026/08/25 00:24:00,3.8444218356488817
2026/08/25 00:25:00,4.2
2026/08/25 00:26:00,4.28247683796574
2026/08/25 00:27:00,3.8981159106431895
2026/08/25 00:28:00,4.411347754298771
2026/08/25 00:29:00,3.891666666666667
2026/08/25 00:30:00,4.480047964825794
2026/08/25 00:31:00,4.411568483554606
2026/08/25 00:32:00,4.758333333333333
2026/08/25 00:33:00,5.52113520535625
2026/08/25 00:34:00,4.127889522665867
2026/08/25 00:35:00,3.916666666666667
2026/08/25 00:36:00,4.355212097996436
2026/08/25 00:37:00,3.9417323622060367
2026/08/25 00:38:00,4.403082157510258
2026/08/25 00:39:00,3.738987059274187
2026/08/25 00:40:00,4.241595973400444
2026/08/25 00:41:00,4.233545010583862
2026/08/25 00:42:00,4.361313564268917
2026/08/25 00:43:00,4.408333333333333
2026/08/25 00:44:00,3.7222083437421936
2026/08/25 00:45:00,4.450222511125556
2026/08/25 00:46:00,4.294672937723073
2026/08/25 00:47:00,3.8333333333333326
2026/08/25 00:48:00,4.571723598088036
2026/08/25 00:49:00,3.744350117584269
2026/08/25 00:50:00,4.055426944023449
2026/08/25 00:51:00,4.394816285004253
2026/08/25 00:52:00,4.122114519836114
2026/08/25 00:53:00,4.3363687914873745
2026/08/25 00:54:00,3.7890143566170345
2026/08/25 00:55:00,3.9583333333333326
2026/08/25 00:56:00,4.353047132993095
2026/08/25 00:57:00,3.883333333333333
2026/08/25 00:58:00,4.216666666666666
2026/08/25 00:59:00,3.797341860697512
2026/08/25 01:00:00,4.141666666666667
2026/08/25 01:01:00,4.519830548050303
2026/08/25 01:02:00,4.875
2026/08/25 01:03:00,5.546210089771988
2026/08/25 01:04:00,3.9360229490151597
2026/08/25 01:05:00,3.9890073284477015
2026/08/25 01:06:00,4.183263612273128
2026/08/25 01:07:00,3.944361980686803
2026/08/25 01:08:00,4.22197425178622
2026/08/25 01:09:00,4.108470282342744
2026/08/25 01:10:00,3.8109374739405264
2026/08/25 01:11:00,4.375
2026/08/25 01:12:00,4.188874083944038
2026/08/25 01:13:00,4.319546364242829
2026/08/25 01:14:00,3.9389750337269533
2026/08/25 01:15:00,4.125068751145852
2026/08/25 01:16:00,4.283333333333333
2026/08/25 01:17:00,3.933267778870352
2026/08/25 01:18:00,4.494738071015194
2026/08/25 01:19:00,3.6891457504038905
2026/08/25 01:20:00,3.844293600627095
2026/08/25 01:21:00,4.2749999999999995
2026/08/25 01:22:00,4.238840772818121
2026/08/25 01:23:00,4.49159180680322
2026/08/25 01:24:00,3.744225220567388
2026/08/25 01:25:00,4.25
2026/08/25 01:26:00,3.5249999999999995
2026/08/25 01:27:00,4.063957361758828
2026/08/25 01:28:00,4.386257505003335
2026/08/25 01:29:00,3.6999999999999997
2026/08/25 01:30:00,4.2967058588415545
2026/08/25 01:31:00,4.366957797186479
2026/08/25 01:32:00,5.30008833480558
2026/08/25 01:33:00,6.3460031021197825
2026/08/25 01:34:00,3.714004963109771
2026/08/25 01:35:00,4.125137504583487
2026/08/25 01:36:00,3.977718107373371
2026/08/25 01:37:00,4.047301798800799
2026/08/25 01:38:00,4.094396264176117
2026/08/25 01:39:00,3.7058627581612256
2026/08/25 01:40:00,3.775
2026/08/25 01:41:00,4.427951967978652
2026/08/25 01:42:00,4.225
2026/08/25 01:43:00,4.3
2026/08/25 01:44:00,3.7833333333333328
2026/08/25 01:45:00,4.375
2026/08/25 01:46:00,4.3471019320453035
2026/08/25 01:47:00,3.9192795196797863
2026/08/25 01:48:00,4.45
2026/08/25 01:49:00,3.680879413724184
2026/08/25 01:50:00,3.8583333333333325
2026/08/25 01:51:00,4.436290860573716
2026/08/25 01:52:00,4.391666666666667
2026/08/25 01:53:00,4.291666666666666
2026/08/25 01:54:00,3.7583333333333333
2026/08/25 01:55:00,3.7891405729513665
2026/08/25 01:56:00,4.461307538358906
2026/08/25 01:57:00,3.9082030598980033
2026/08/25 01:58:00,4.141666666666667
2026/08/25 01:59:00,3.6643459142543056
2026/08/25 02:00:00,4.244354758013409
2026/08/25 02:01:00,4.489870718379315
2026/08/25 02:02:00,4.98532746431906
2026/08/25 02:03:00,5.52964690206529
2026/08/25 02:04:00,3.7191460973982657
2026/08/25 02:05:00,4.225
2026/08/25 02:06:00,4.075
2026/08/25 02:07:00,3.9834661155371847
2026/08/25 02:08:00,5.987475433862962
2026/08/25 02:09:00,4.0667344455740935
2026/08/25 02:10:00,4.191666666666666
2026/08/25 02:11:00,4.3082615289745165
2026/08/25 02:12:00,4.236298742453051
2026/08/25 02:13:00,4.483183893870205
2026/08/25 02:14:00,3.7751258375279173
2026/08/25 02:15:00,4.166527782407253
2026/08/25 02:16:00,4.008466948898297
2026/08/25 02:17:00,3.9166013899768335
2026/08/25 02:18:00,4.463542187135672
2026/08/25 02:19:00,3.9693790757017293
2026/08/25 02:20:00,4.325
2026/08/25 02:21:00,3.930516463201372
2026/08/25 02:22:00,4.094601130810414
2026/08/25 02:23:00,4.396848924937129
2026/08/25 02:24:00,4.086261820971696
2026/08/25 02:25:00,3.8416666666666672
2026/08/25 02:26:00,4.041666666666666
2026/08/25 02:27:00,3.916666666666667
2026/08/25 02:28:00,4.25
2026/08/25 02:29:00,4.188455517436632
2026/08/25 02:30:00,3.936416859873568
2026/08/25 02:31:00,4.5082581956967385
2026/08/25 02:32:00,4.808413473557892
2026/08/25 02:33:00,5.549907501541641
2026/08/25 02:34:00,4.066666666666666
2026/08/25 02:35:00,4.225
2026/08/25 02:36:00,3.641666666666666
2026/08/25 02:37:00,3.88042301607128
2026/08/25 02:38:00,4.533711142595216
2026/08/25 02:39:00,3.7691794529686455
2026/08/25 02:40:00,3.788825047880756
2026/08/25 02:41:00,4.2281711283462595
2026/08/25 02:42:00,4.141735695594926
2026/08/25 02:43:00,4.488300441335665
2026/08/25 02:44:00,4.077990526386016
2026/08/25 02:45:00,4.188664790233665
2026/08/25 02:46:00,4.127958370165285
2026/08/25 02:47:00,3.9167319455324257
2026/08/25 02:48:00,4.574923751270813
2026/08/25 02:49:00,3.8249999999999997
2026/08/25 02:50:00,3.8139333477674335
2026/08/25 02:51:00,4.444926279271465
2026/08/25 02:52:00,4.074932084465259
2026/08/25 02:53:00,4.45
2026/08/25 02:54:00,3.7833333333333328
2026/08/25 02:55:00,4
2026/08/25 02:56:00,3.6143775608781104
2026/08/25 02:57:00,3.9858577098829255
2026/08/25 02:58:00,4.241808060268676
2026/08/25 02:59:00,3.7665411152961568
2026/08/25 03:00:00,4.083469448981632
2026/08/25 03:01:00,4.341521949268357
2026/08/25 03:02:00,4.866666666666666
2026/08/25 03:03:00,6.595712786688653
2026/08/25 03:04:00,5.224912918118031
2026/08/25 03:05:00,3.766666666666666
2026/08/25 03:06:00,4.200210010500525
2026/08/25 03:07:00,4.14422227040008
2026/08/25 03:08:00,4.0751358378612625
2026/08/25 03:09:00,3.749875004166528
2026/08/25 03:10:00,3.6333333333333333
2026/08/25 03:11:00,4.341666666666666
2026/08/25 03:12:00,4.325
2026/08/25 03:13:00,4.147027963292974
2026/08/25 03:14:00,3.800443385061591
2026/08/25 03:15:00,3.994063104529384
2026/08/25 03:16:00,4.097132007594684
2026/08/25 03:17:00,4.133264445592573
2026/08/25 03:18:00,4.316882510792206
2026/08/25 03:19:00,3.794196130753836
2026/08/25 03:20:00,4.097336731124769
2026/08/25 03:21:00,4.091462093561988
2026/08/25 03:22:00,4.008667388949079
2026/08/25 03:23:00,4.244283975117989
2026/08/25 03:24:00,3.8250637510625176
2026/08/25 03:25:00,3.9223197481720824
2026/08/25 03:26:00,4.136228693418726
2026/08/25 03:27:00,3.9082030598980033
2026/08/25 03:28:00,4.041666666666666
2026/08/25 03:29:00,3.7891405729513665
2026/08/25 03:30:00,4.061040693795864
2026/08/25 03:31:00,4.230231163813203
2026/08/25 03:32:00,5.142266597769739
2026/08/25 03:33:00,6.508224862918951
2026/08/25 03:34:00,3.794196130753836
2026/08/25 03:35:00,4.122320491680408
2026/08/25 03:36:00,3.9358916629142273
2026/08/25 03:37:00,3.9474341677909357
2026/08/25 03:38:00,4.3945231066860115
2026/08/25 03:39:00,3.7333333333333334
2026/08/25 03:40:00,4.047369210013491
2026/08/25 03:41:00,4.383333333333334
2026/08/25 03:42:00,4.127682993946065
2026/08/25 03:43:00,4.505404820200203
2026/08/25 03:44:00,4.102666733376695
2026/08/25 03:45:00,4.313790806129247
2026/08/25 03:46:00,4.074932084465259
2026/08/25 03:47:00,3.8359545689554526
2026/08/25 03:48:00,4.241666666666666
2026/08/25 03:49:00,3.866666666666667
2026/08/25 03:50:00,4.188874083944038
2026/08/25 03:51:00,4.1082648622522955
2026/08/25 03:52:00,4.100068334472241
2026/08/25 03:53:00,4.2695130086724475
2026/08/25 03:54:00,3.8583333333333325
2026/08/25 03:55:00,4.25
2026/08/25 03:56:00,3.6916666666666664
2026/08/25 03:57:00,3.8724183877415057
2026/08/25 03:58:00,4.291666666666666
2026/08/25 03:59:00,3.925
2026/08/25 04:00:00,4.483258612356461
2026/08/25 04:01:00,4.15
2026/08/25 04:02:00,4.786604179522674
2026/08/25 04:03:00,5.8543328725371
2026/08/25 04:04:00,3.9417323622060367
2026/08/25 04:05:00,4.66977985323549
2026/08/25 04:06:00,3.7333333333333334
2026/08/25 04:07:00,3.8806815342849057
2026/08/25 04:08:00,4.408333333333333
2026/08/25 04:09:00,3.7083333333333335
2026/08/25 04:10:00,3.894327790656949
2026/08/25 04:11:00,4.166666666666666
2026/08/25 04:12:00,4.638419772825689
2026/08/25 04:13:00,4.411421328263118
2026/08/25 04:14:00,3.697473393181326
2026/08/25 04:15:00,4.400073334555576
2026/08/25 04:16:00,3.774937084381927
2026/08/25 04:17:00,4.077786487433079
2026/08/25 04:18:00,4.575
2026/08/25 04:19:00,3.747501665556296
2026/08/25 04:20:00,3.933267778870352
2026/08/25 04:21:00,4.294601310895779
2026/08/25 04:22:00,4.283333333333333
2026/08/25 04:23:00,4.408333333333333
2026/08/25 04:24:00,3.6558960692871425
2026/08/25 04:25:00,3.9333333333333327
2026/08/25 04:26:00,4.2
2026/08/25 04:27:00,4.361240827218145
2026/08/25 04:28:00,4.105596269153898
2026/08/25 04:29:00,3.660773849232822
2026/08/25 04:30:00,3.947368421052631
2026/08/25 04:31:00,4.411274182788525
2026/08/25 04:32:00,5.11325782811459
2026/08/25 04:33:00,5.562041360907272
2026/08/25 04:34:00,3.7166666666666663
2026/08/25 04:35:00,3.980679546968688
2026/08/25 04:36:00,4.091598473358777
2026/08/25 04:37:00,3.977718107373371
2026/08/25 04:38:00,4.172149031495144
2026/08/25 04:39:00,4.025067084451407
2026/08/25 04:40:00,3.891601806636556
2026/08/25 04:41:00,4.516741945699095
2026/08/25 04:42:00,4.38326027899535
2026/08/25 04:43:00,4.375
2026/08/25 04:44:00,3.75256425223903
2026/08/25 04:45:00,4.180407048399453
2026/08/25 04:46:00,4.483333333333333
2026/08/25 04:47:00,4.050067501125019
2026/08/25 04:48:00,4.3248558381387285
2026/08/25 04:49:00,3.70265356839068
2026/08/25 04:50:00,3.755141463089707
2026/08/25 04:51:00,4.475372947745646
2026/08/25 04:52:00,4.003069019581679
2026/08/25 04:53:00,4.491516949435019
2026/08/25 04:54:00,3.675
2026/08/25 04:55:00,3.9333333333333327
2026/08/25 04:56:00,3.9474341677909357
2026/08/25 04:57:00,3.985924184052968
2026/08/25 04:58:00,4.097336731124769
2026/08/25 04:59:00,3.7080243313057246
2026/08/25 05:00:00,4.486623523917539
2026/08/25 05:01:00,4.447035309793471
2026/08/25 05:02:00,4.786684012141833
2026/08/25 05:03:00,5.55
2026/08/25 05:04:00,3.725
2026/08/25 05:05:00,4.075
2026/08/25 05:06:00,4.258333333333334
2026/08/25 05:07:00,3.891666666666667
2026/08/25 05:08:00,4.255425459269499
2026/08/25 05:09:00,3.9110058540002335
2026/08/25 05:10:00,3.7916666666666665
2026/08/25 05:11:00,4.538565313702304
2026/08/25 05:12:00,4.394669690955486
2026/08/25 05:13:00,4.38034010093103
2026/08/25 05:14:00,3.8693106956420213
2026/08/25 05:15:00,4.233333333333333
2026/08/25 05:16:00,3.630791779087972
2026/08/25 05:17:00,3.927749424597218
2026/08/25 05:18:00,4.463616528705384
2026/08/25 05:19:00,3.8416666666666672
2026/08/25 05:20:00,4.008333333333333
2026/08/25 05:21:00,4.225070417840297
2026/08/25 05:22:00,3.9693128752501665
2026/08/25 05:23:00,4.496927099815126
2026/08/25 05:24:00,3.8108739159439624
2026/08/25 05:25:00,4.216666666666666
2026/08/25 05:26:00,3.5226515656229185
2026/08/25 05:27:00,3.8526326322987376
2026/08/25 05:28:00,4.566666666666666
2026/08/25 05:29:00,3.675
2026/08/25 05:30:00,4.266666666666667
2026/08/25 05:31:00,3.8416666666666672
2026/08/25 05:32:00,4.916666666666666
2026/08/25 05:33:00,6.978448419439726
2026/08/25 05:34:00,3.6916666666666664
2026/08/25 05:35:00,3.84993583440276
2026/08/25 05:36:00,3.9945294127458006
2026/08/25 05:37:00,3.8249999999999997
2026/08/25 05:38:00,4.291666666666666
2026/08/25 05:39:00,3.9333333333333327
2026/08/25 05:40:00,3.7916666666666665
2026/08/25 05:41:00,4.396922154491856
2026/08/25 05:42:00,4.027819473631542
2026/08/25 05:43:00,4.380194194160852
2026/08/25 05:44:00,3.766666666666666
2026/08/25 05:45:00,4.044565271778108
2026/08/25 05:46:00,4.2
2026/08/25 05:47:00,4.022251461501308
2026/08/25 05:48:00,4.28326194563424
2026/08/25 05:49:00,3.8193402048100333
2026/08/25 05:50:00,4.091666666666666
2026/08/25 05:51:00,3.9471711939776495
2026/08/25 05:52:00,4.308405140085668
2026/08/25 05:53:00,4.466592223462943
2026/08/25 05:54:00,3.7860466667778576
2026/08/25 05:55:00,3.8223243729389424
2026/08/25 05:56:00,4.116598056699055
2026/08/25 05:57:00,3.952832863552212
2026/08/25 05:58:00,3.9139269178241896
2026/08/25 05:59:00,3.7359484972814303
2026/08/25 06:00:00,4.055494487192298
2026/08/25 06:01:00,4.8367190366589945
2026/08/25 06:02:00,4.80456975369294
2026/08/25 06:03:00,5.629409704268343
2026/08/25 06:04:00,4.583333333333333
2026/08/25 06:05:00,4.033333333333333
2026/08/25 06:06:00,4.441666666666666
2026/08/25 06:07:00,3.8804876423955768
2026/08/25 06:08:00,4.161385015678164
2026/08/25 06:09:00,3.8249999999999997
2026/08/25 06:10:00,4.25
2026/08/25 06:11:00,4.105391136352281
2026/08/25 06:12:00,4.483333333333333
2026/08/25 06:13:00,4.341666666666666
2026/08/25 06:14:00,3.8333333333333326
2026/08/25 06:15:00,4.094601130810414
2026/08/25 06:16:00,4.083333333333334
2026/08/25 06:17:00,4.038772213247173
2026/08/25 06:18:00,4.366593890101832
2026/08/25 06:19:00,3.811128160651144
2026/08/25 06:20:00,4.583333333333333
2026/08/25 06:21:00,4.033333333333333
2026/08/25 06:22:00,4.041666666666666
2026/08/25 06:23:00,4.446739058024116
2026/08/25 06:24:00,4.091734862247704
2026/08/25 06:25:00,3.869439765165035
2026/08/25 06:26:00,4.316666666666666
2026/08/25 06:27:00,3.9
2026/08/25 06:28:00,4.321974617767562
2026/08/25 06:29:00,4.0332661122314635
2026/08/25 06:30:00,4.283333333333333
2026/08/25 06:31:00,3.975
2026/08/25 06:32:00,4.820121086778857
2026/08/25 06:33:00,5.666666666666666
2026/08/25 06:34:00,4.158333333333333
2026/08/25 06:35:00,3.866666666666667
2026/08/25 06:36:00,4.138700597904834
2026/08/25 06:37:00,3.891666666666667
2026/08/25 06:38:00,4.175
2026/08/25 06:39:00,3.7916666666666665
2026/08/25 06:40:00,3.969511483229648
2026/08/25 06:41:00,4.433333333333334
2026/08/25 06:42:00,4.058333333333334
2026/08/25 06:43:00,4.558333333333333
2026/08/25 06:44:00,3.85
2026/08/25 06:45:00,4.175
2026/08/25 06:46:00,4.15
2026/08/25 06:47:00,4.425
2026/08/25 06:48:00,5.258333333333334
2026/08/25 06:49:00,3.9638259247539263
2026/08/25 06:50:00,3.85
2026/08/25 06:51:00,4.308333333333334
2026/08/25 06:52:00,4.311423186617076
2026/08/25 06:53:00,4.596552585560829
2026/08/25 06:54:00,4.0751358378612625
2026/08/25 06:55:00,3.836082525810164
2026/08/25 06:56:00,4.005462751694619
2026/08/25 06:57:00,4.177994229197592
2026/08/25 06:58:00,4.116666666666666
2026/08/25 06:59:00,3.822260713155572
2026/08/25 07:00:00,4.136297680004003
2026/08/25 07:01:00,4.716666666666667
2026/08/25 07:02:00,4.929882415642384
2026/08/25 07:03:00,5.341666666666666
2026/08/25 07:04:00,3.7833333333333328
2026/08/25 07:05:00,3.799936667722205
2026/08/25 07:06:00,4.1084018066967785
2026/08/25 07:07:00,4.286333766970212
2026/08/25 07:08:00,4.088804503514206
2026/08/25 07:09:00,3.8110010340571727
2026/08/25 07:10:00,3.8389154439318487
2026/08/25 07:11:00,4.311423186617076
2026/08/25 07:12:00,4.380194194160852
2026/08/25 07:13:00,4.3531197358106635
2026/08/25 07:14:00,3.8305880785437103
2026/08/25 07:15:00,4.03622596193939
2026/08/25 07:16:00,4.266666666666667
2026/08/25 07:17:00,3.866666666666667
2026/08/25 07:18:00,4.283333333333333
2026/08/25 07:19:00,3.725
2026/08/25 07:20:00,3.897142095796416
2026/08/25 07:21:00,4.533408890148169
2026/08/25 07:22:00,4.233403890064834
2026/08/25 07:23:00,4.366593890101832
2026/08/25 07:24:00,3.685974948713244
2026/08/25 07:25:00,4.105391136352281
2026/08/25 07:26:00,4.058333333333334
2026/08/25 07:27:00,3.9194756241973416
2026/08/25 07:28:00,4.333333333333334
2026/08/25 07:29:00,3.6833333333333336
2026/08/25 07:30:00,4.721694813630458
2026/08/25 07:31:00,3.902731912338637
2026/08/25 07:32:00,5.10450495461737
2026/08/25 07:33:00,6.771745475773496
2026/08/25 07:34:00,3.7416666666666663
2026/08/25 07:35:00,4.15
2026/08/25 07:36:00,4.030444847859035
2026/08/25 07:37:00,3.8750645844097398
2026/08/25 07:38:00,4.074864171194293
2026/08/25 07:39:00,3.7333955565926096
2026/08/25 07:40:00,4.1529762996814386
2026/08/25 07:41:00,4.538414136535482
2026/08/25 07:42:00,4.308333333333334
2026/08/25 07:43:00,4.391666666666667
2026/08/25 07:44:00,3.9611721733909304
2026/08/25 07:45:00,4.325
2026/08/25 07:46:00,4.055494487192298
2026/08/25 07:47:00,3.8276793755628935
2026/08/25 07:48:00,4.458333333333334
2026/08/25 07:49:00,3.9221890978132343
2026/08/25 07:50:00,3.869439765165035
2026/08/25 07:51:00,4.3384851109186595
2026/08/25 07:52:00,4.144706117819735
2026/08/25 07:53:00,4.471795213430374
2026/08/25 07:54:00,3.75
2026/08/25 07:55:00,4.019547342261954
2026/08/25 07:56:00,4.088736405576004
2026/08/25 07:57:00,3.8583333333333325
2026/08/25 07:58:00,4.27492875118748
2026/08/25 07:59:00,3.6860364267129233
2026/08/25 08:00:00,4.030444847859035
2026/08/25 08:01:00,4.875
2026/08/25 08:02:00,4.7867638474239875
2026/08/25 08:03:00,5.783333333333333
2026/08/25 08:04:00,3.7972786169911568
2026/08/25 08:05:00,4.469870073552713
2026/08/25 08:06:00,3.8083333333333327
2026/08/25 08:07:00,4.196852360729452
2026/08/25 08:08:00,4.341811393713123
2026/08/25 08:09:00,3.719332188068115
2026/08/25 08:10:00,4.255283713338774
2026/08/25 08:11:00,4.052904581616825
2026/08/25 08:12:00,4.416666666666666
2026/08/25 08:13:00,4.463467848042237
2026/08/25 08:14:00,4
2026/08/25 08:15:00,3.941600973317111
2026/08/25 08:16:00,4.186403362465809
2026/08/25 08:17:00,4.05
2026/08/25 08:18:00,4.291666666666666
2026/08/25 08:19:00,3.7389247884884416
2026/08/25 08:20:00,3.8249999999999997
2026/08/25 08:21:00,4.6499999999999995
2026/08/25 08:22:00,4.253118953899526
2026/08/25 08:23:00,4.341666666666666
2026/08/25 08:24:00,3.75
2026/08/25 08:25:00,3.875
2026/08/25 08:26:00,4.366666666666666
2026/08/25 08:27:00,4.25
2026/08/25 08:28:00,4.396775697821598
2026/08/25 08:29:00,3.6943758756421374
2026/08/25 08:30:00,3.78056092199054
2026/08/25 08:31:00,4.708333333333333
2026/08/25 08:32:00,4.800160005333511
2026/08/25 08:33:00,5.408243195946733
2026/08/25 08:34:00,3.952832863552212
2026/08/25 08:35:00,3.8471787355938982
2026/08/25 08:36:00,4.391666666666667
2026/08/25 08:37:00,3.8695043031556478
2026/08/25 08:38:00,4.166666666666666
2026/08/25 08:39:00,3.6806955015572167
2026/08/25 08:40:00,3.974933751104148
2026/08/25 08:41:00,4.64507305357262
2026/08/25 08:42:00,4.255212843914462
2026/08/25 08:43:00,4.375
2026/08/25 08:44:00,3.7277336713589966
2026/08/25 08:45:00,4.971188755287613
2026/08/25 08:46:00,3.858461948731624
2026/08/25 08:47:00,3.8695043031556478
2026/08/25 08:48:00,4.516666666666667
2026/08/25 08:49:00,3.738987059274187
2026/08/25 08:50:00,4.019547342261954
2026/08/25 08:51:00,4.291666666666666
2026/08/25 08:52:00,4.22197425178622
2026/08/25 08:53:00,4.333261112314795
2026/08/25 08:54:00,3.7667294454907583
2026/08/25 08:55:00,4.008333333333333
2026/08/25 08:56:00,4.3
2026/08/25 08:57:00,4.094601130810414
2026/08/25 08:58:00,4.196922257011525
2026/08/25 08:59:00,4.011274934952298
2026/08/25 09:00:00,4.538338551728732
2026/08/25 09:01:00,4.075
2026/08/25 09:02:00,5.0249999999999995
2026/08/25 09:03:00,6.766666666666667
2026/08/25 09:04:00,5.5
2026/08/25 09:05:00,4.019614383881514
2026/08/25 09:06:00,4.033333333333333
2026/08/25 09:07:00,3.9970688162014527
2026/08/25 09:08:00,4.211421709253453
2026/08/25 09:09:00,3.8389154439318487
2026/08/25 09:10:00,3.77770735693914
2026/08/25 09:11:00,4.455066284724535
2026/08/25 09:12:00,4.244779504970311
2026/08/25 09:13:00,4.421757377922857
2026/08/25 09:14:00,3.9862565881646543
2026/08/25 09:15:00,3.925
2026/08/25 09:16:00,4.1
2026/08/25 09:17:00,3.9833333333333325
2026/08/25 09:18:00,4.455140482654097
2026/08/25 09:19:00,3.9278149340360593
2026/08/25 09:20:00,3.8416666666666672
2026/08/25 09:21:00,4.35
2026/08/25 09:22:00,4.230231163813203
2026/08/25 09:23:00,4.475
2026/08/25 09:24:00,3.725
2026/08/25 09:25:00,4.077990526386016
2026/08/25 09:26:00,4.058333333333334
2026/08/25 09:27:00,4.030377723003131
2026/08/25 09:28:00,4.661751951431049
2026/08/25 09:29:00,3.6583333333333337
2026/08/25 09:30:00,4.091666666666666
2026/08/25 09:31:00,4.241666666666666
2026/08/25 09:32:00,5.425
2026/08/25 09:33:00,6.483333333333334
2026/08/25 09:34:00,3.7416666666666663
2026/08/25 09:35:00,4.2
2026/08/25 09:36:00,3.5083333333333337
2026/08/25 09:37:00,4.180337424845527
2026/08/25 09:38:00,4.2780659472622045
2026/08/25 09:39:00,3.689022866945356
2026/08/25 09:40:00,3.816603056615723
2026/08/25 09:41:00,4.225
2026/08/25 09:42:00,4.225070417840297
2026/08/25 09:43:00,4.291595140080998
2026/08/25 09:44:00,3.7944492627927144
2026/08/25 09:45:00,4.405102924522017
2026/08/25 09:46:00,4.333333333333334
2026/08/25 09:47:00,3.9862565881646543
2026/08/25 09:48:00,4.358333333333333
2026/08/25 09:49:00,3.7833333333333328
2026/08/25 09:50:00,3.788825047880756
2026/08/25 09:51:00,4.425073751229187
2026/08/25 09:52:00,4.35
2026/08/25 09:53:00,4.361531789979319
2026/08/25 09:54:00,3.755641790050464
2026/08/25 09:55:00,4.1
2026/08/25 09:56:00,3.9611721733909304
2026/08/25 09:57:00,3.9666666666666672
2026/08/25 09:58:00,4.208333333333334
2026/08/25 09:59:00,3.8583333333333325
2026/08/25 10:00:00,4.683333333333333
2026/08/25 10:01:00,4.088668309906069
2026/08/25 10:02:00,4.8165863902268296
2026/08/25 10:03:00,5.604203152364273
2026/08/25 10:04:00,4.025
2026/08/25 10:05:00,4.280194524015722
2026/08/25 10:06:00,4.158333333333333
2026/08/25 10:07:00,3.8749354177430377
2026/08/25 10:08:00,4.3750729178819645
2026/08/25 10:09:00,3.9082030598980033
2026/08/25 10:10:00,4.141804726824227
2026/08/25 10:11:00,3.9528987924477943
2026/08/25 10:12:00,4.225
2026/08/25 10:13:00,4.458333333333334
2026/08/25 10:14:00,4.216666666666666
2026/08/25 10:15:00,4.355067033058539
2026/08/25 10:16:00,3.750062501041684
2026/08/25 10:17:00,3.8583333333333325
2026/08/25 10:18:00,4.478284074988324
2026/08/25 10:19:00,4.241666666666666
2026/08/25 10:20:00,4.258333333333334
2026/08/25 10:21:00,4.05535940310439
2026/08/25 10:22:00,4.161385015678164
2026/08/25 10:23:00,4.7381919925388045
2026/08/25 10:24:00,3.844485956368003
2026/08/25 10:25:00,3.9333333333333327
2026/08/25 10:26:00,4.263469064868015
2026/08/25 10:27:00,3.9167319455324257
2026/08/25 10:28:00,4.5116418707051835
2026/08/25 10:29:00,3.8083333333333327
2026/08/25 10:30:00,4.3135034308174
2026/08/25 10:31:00,4.052972179598372
2026/08/25 10:32:00,5.021234074444167
2026/08/25 10:33:00,5.95446584938704
2026/08/25 10:34:00,3.780497959863436
2026/08/25 10:35:00,3.916666666666667
2026/08/25 10:36:00,4.050067501125019
2026/08/25 10:37:00,3.9445593435185806
2026/08/25 10:38:00,4.466666666666666
2026/08/25 10:39:00,3.9137965491972557
2026/08/25 10:40:00,3.844485956368003
2026/08/25 10:41:00,4.408333333333333
2026/08/25 10:42:00,4.075
2026/08/25 10:43:00,4.625
2026/08/25 10:44:00,3.7722336952901205
2026/08/25 10:45:00,4.303155647474815
2026/08/25 10:46:00,4.271796152885336
2026/08/25 10:47:00,4.033333333333333
2026/08/25 10:48:00,4.795263114002169
2026/08/25 10:49:00,3.8
2026/08/25 10:50:00,3.975
2026/08/25 10:51:00,4.3051762041169805
2026/08/25 10:52:00,4.13636666889052
2026/08/25 10:53:00,4.488300441335665
2026/08/25 10:54:00,4.036360603786172
2026/08/25 10:55:00,3.891666666666667
2026/08/25 10:56:00,4.096927304521609
2026/08/25 10:57:00,4.05
2026/08/25 10:58:00,4.316738612310204
2026/08/25 10:59:00,3.6860364267129233
2026/08/25 11:00:00,4.483333333333333
2026/08/25 11:01:00,4.216666666666666
2026/08/25 11:02:00,4.908333333333333
2026/08/25 11:03:00,5.583333333333334
2026/08/25 11:04:00,3.7472520151888613
2026/08/25 11:05:00,3.883333333333333
2026/08/25 11:06:00,4.044632730669157
2026/08/25 11:07:00,4.308333333333334
2026/08/25 11:08:00,4.175
2026/08/25 11:09:00,3.75
2026/08/25 11:10:00,3.805542602091799
2026/08/25 11:11:00,4.45326572820068
2026/08/25 11:12:00,4.263540070614883
2026/08/25 11:13:00,4.325072084534742
2026/08/25 11:14:00,4.008333333333333
2026/08/25 11:15:00,4.025
2026/08/25 11:16:00,4.208403473391223
2026/08/25 11:17:00,3.933267778870352
2026/08/25 11:18:00,4.458259029016183
2026/08/25 11:19:00,3.9
2026/08/25 11:20:00,3.7527520181466407
2026/08/25 11:21:00,4.696634078910114
2026/08/25 11:22:00,3.9833997233287217
2026/08/25 11:23:00,4.319690449981653
2026/08/25 11:24:00,3.8722249054844022
2026/08/25 11:25:00,3.869439765165035
2026/08/25 11:26:00,4.341666666666666
2026/08/25 11:27:00,3.891666666666667
2026/08/25 11:28:00,4.216666666666666
2026/08/25 11:29:00,3.7583333333333333
2026/08/25 11:30:00,4.075
2026/08/25 11:31:00,4.591666666666667
2026/08/25 11:32:00,5
2026/08/25 11:33:00,6.816666666666666
2026/08/25 11:34:00,3.866666666666667
2026/08/25 11:35:00,4.080341083205648
2026/08/25 11:36:00,4.07506791779863
2026/08/25 11:37:00,3.9945294127458006
2026/08/25 11:38:00,4.205319521009942
2026/08/25 11:39:00,3.7860466667778576
2026/08/25 11:40:00,4.513356871627473
2026/08/25 11:41:00,3.8750645844097398
2026/08/25 11:42:00,4.019547342261954
2026/08/25 11:43:00,4.338557367220159
2026/08/25 11:44:00,3.8277432159714464
2026/08/25 11:45:00,4.663246952235028
2026/08/25 11:46:00,4.050067501125019
2026/08/25 11:47:00,3.8277432159714464
2026/08/25 11:48:00,4.479973353318344
2026/08/25 11:49:00,3.9000650010833513
2026/08/25 11:50:00,3.875
2026/08/25 11:51:00,4.178063913536594
2026/08/25 11:52:00,4.163682694069251
2026/08/25 11:53:00,4.286405257100922
2026/08/25 11:54:00,4.05
2026/08/25 11:55:00,4.25
2026/08/25 11:56:00,3.8138698287922193
2026/08/25 11:57:00,3.7833963899398326
2026/08/25 11:58:00,4.111279750487849
2026/08/25 11:59:00,3.9055343670369567
2026/08/25 12:00:00,4.194672848875027
2026/08/25 12:01:00,4.716666666666667
2026/08/25 12:02:00,4.783333333333332
2026/08/25 12:03:00,5.645765675743193
2026/08/25 12:04:00,4.54507547327162
2026/08/25 12:05:00,4.358333333333333
2026/08/25 12:06:00,3.925
2026/08/25 12:07:00,3.891666666666667
2026/08/25 12:08:00,4.175
2026/08/25 12:09:00,3.947039720209842
2026/08/25 12:10:00,4.0447001918105245
2026/08/25 12:11:00,4.288521750716142
2026/08/25 12:12:00,4.203082260324238
2026/08/25 12:13:00,4.796402697976517
2026/08/25 12:14:00,3.81119172712868
2026/08/25 12:15:00,4.216666666666666
2026/08/25 12:16:00,4.341666666666666
2026/08/25 12:17:00,3.938712632192522
2026/08/25 12:18:00,4.558333333333333
2026/08/25 12:19:00,3.775
2026/08/25 12:20:00,4.116735278921315
2026/08/25 12:21:00,4.3114950964040295
2026/08/25 12:22:00,4.125
2026/08/25 12:23:00,4.6416666666666675
2026/08/25 12:24:00,3.775
2026/08/25 12:25:00,4.391666666666667
2026/08/25 12:26:00,3.725
2026/08/25 12:27:00,4.213436365453153
2026/08/25 12:28:00,4.391739862331038
2026/08/25 12:29:00,3.794512551079977
2026/08/25 12:30:00,4.041666666666666
2026/08/25 12:31:00,4.596552585560829
2026/08/25 12:32:00,5.066751112518542
2026/08/25 12:33:00,5.670825271866035
2026/08/25 12:34:00,3.7166666666666663
2026/08/25 12:35:00,3.8583333333333325
2026/08/25 12:36:00,4.13856274460821
2026/08/25 12:37:00,4.0667344455740935
2026/08/25 12:38:00,3.9999333344444254
2026/08/25 12:39:00,3.7916666666666665
2026/08/25 12:40:00,3.8249999999999997
2026/08/25 12:41:00,4.7785839379534645
2026/08/25 12:42:00,4.133333333333334
2026/08/25 12:43:00,4.405029561162461
2026/08/25 12:44:00,3.7916666666666665
2026/08/25 12:45:00,4.611792177466433
2026/08/25 12:46:00,3.9970688162014527
2026/08/25 12:47:00,3.886183201014077
2026/08/25 12:48:00,4.529935881422266
2026/08/25 12:49:00,3.7833333333333328
2026/08/25 12:50:00,3.9833333333333325
2026/08/25 12:51:00,4.7
2026/08/25 12:52:00,4.1697940121757995
2026/08/25 12:53:00,4.330085769006578
2026/08/25 12:54:00,3.9196063714452505
2026/08/25 12:55:00,3.8887501040886
2026/08/25 12:56:00,4.441592640122664
2026/08/25 12:57:00,3.877973112719752
2026/08/25 12:58:00,4.225
2026/08/25 12:59:00,3.8416666666666672
2026/08/25 13:00:00,4.180198184694813
2026/08/25 13:01:00,4.9084151402523375
2026/08/25 13:02:00,4.774920417993034
2026/08/25 13:03:00,5.37903427570678
2026/08/25 13:04:00,3.7722336952901205
2026/08/25 13:05:00,4.219761158182667
2026/08/25 13:06:00,4.0136564243484045
2026/08/25 13:07:00,4.1030773079809855
2026/08/25 13:08:00,4.166666666666666
2026/08/25 13:09:00,3.65
2026/08/25 13:10:00,4.063618952452327
2026/08/25 13:11:00,4.383333333333334
2026/08/25 13:12:00,4.086398131932282
2026/08/25 13:13:00,4.3
2026/08/25 13:14:00,3.9833333333333325
2026/08/25 13:15:00,4.133333333333334
2026/08/25 13:16:00,3.916666666666667
2026/08/25 13:17:00,3.8333333333333326
2026/08/25 13:18:00,4.296777416937297
2026/08/25 13:19:00,3.775
2026/08/25 13:20:00,4.003002251688766
2026/08/25 13:21:00,4.479973353318344
2026/08/25 13:22:00,4
2026/08/25 13:23:00,4.2165963900601655
2026/08/25 13:24:00,3.9417980599353313
2026/08/25 13:25:00,3.9612382413770093
2026/08/25 13:26:00,4.196852360729452
2026/08/25 13:27:00,3.827870903177382
2026/08/25 13:28:00,4.396629250907638
2026/08/25 13:29:00,3.8833980566342774
2026/08/25 13:30:00,4.003002251688766
2026/08/25 13:31:00,4.325
2026/08/25 13:32:00,5.278934221482098
2026/08/25 13:33:00,6.633886157179765
2026/08/25 13:34:00,3.944625135518305
2026/08/25 13:35:00,3.866666666666667
2026/08/25 13:36:00,4.196782466775472
2026/08/25 13:37:00,3.852953931347366
2026/08/25 13:38:00,4.080273128486968
2026/08/25 13:39:00,3.8528896672504374
2026/08/25 13:40:00,3.980348072279124
2026/08/25 13:41:00,4.35
2026/08/25 13:42:00,4.003002251688766
2026/08/25 13:43:00,4.521608793404947
2026/08/25 13:44:00,3.7667294454907583
2026/08/25 13:45:00,4.203082260324238
2026/08/25 13:46:00,4.171871096677492
2026/08/25 13:47:00,3.875
2026/08/25 13:48:00,4.758333333333333
2026/08/25 13:49:00,3.752814610958219
2026/08/25 13:50:00,4.105254392538929
2026/08/25 13:51:00,4.086398131932282
2026/08/25 13:52:00,4.191666666666666
2026/08/25 13:53:00,4.6499999999999995
2026/08/25 13:54:00,3.888814869095996
2026/08/25 13:55:00,4.043553658373908
2026/08/25 13:56:00,3.851026940517471
2026/08/25 13:57:00,3.971954834626786
2026/08/25 13:58:00,4.511792374153518
2026/08/25 13:59:00,3.6639187276209513
2026/08/25 14:00:00,4.1030773079809855
2026/08/25 14:01:00,4.575
2026/08/25 14:02:00,4.933333333333334
2026/08/25 14:03:00,5.633333333333334
2026/08/25 14:04:00,3.7138812557248735
2026/08/25 14:05:00,4.058333333333334
2026/08/25 14:06:00,4.069718955883579
2026/08/25 14:07:00,4.046964776417687
2026/08/25 14:08:00,4.35
2026/08/25 14:09:00,3.677758318739054
2026/08/25 14:10:00,3.85
2026/08/25 14:11:00,4.430010825214422
2026/08/25 14:12:00,4.328246184638479
2026/08/25 14:13:00,4.341666666666666
2026/08/25 14:14:00,3.9220584561578815
2026/08/25 14:15:00,4.003002251688766
2026/08/25 14:16:00,4.066666666666666
2026/08/25 14:17:00,4.083333333333334
2026/08/25 14:18:00,4.491666666666666
2026/08/25 14:19:00,3.7583333333333333
2026/08/25 14:20:00,4.166666666666666
2026/08/25 14:21:00,3.9387782292985145
2026/08/25 14:22:00,4.578357462138902
2026/08/25 14:23:00,4.308333333333334
2026/08/25 14:24:00,3.8054792239153965
2026/08/25 14:25:00,3.961304311567009
2026/08/25 14:26:00,4.180198184694813
2026/08/25 14:27:00,3.994662663664415
2026/08/25 14:28:00,4.108333333333333
2026/08/25 14:29:00,3.891666666666667
2026/08/25 14:30:00,3.7638437838287953
2026/08/25 14:31:00,4.483333333333333
2026/08/25 14:32:00,4.891666666666667
2026/08/25 14:33:00,5.441666666666667
2026/08/25 14:34:00,3.9279459594696022
2026/08/25 14:35:00,4.175
2026/08/25 14:36:00,3.9553668082271622
2026/08/25 14:37:00,3.9499999999999997
2026/08/25 14:38:00,4.211491952297557
2026/08/25 14:39:00,3.7721708718461153
2026/08/25 14:40:00,3.8
2026/08/25 14:41:00,4.625077084618077
2026/08/25 14:42:00,4.3198345453332445
2026/08/25 14:43:00,4.316666666666666
2026/08/25 14:44:00,3.788825047880756
2026/08/25 14:45:00,4.425
2026/08/25 14:46:00,4.075
2026/08/25 14:47:00,3.977983487615712
2026/08/25 14:48:00,4.646515113664751
2026/08/25 14:49:00,3.7083333333333335
2026/08/25 14:50:00,4.069718955883579
2026/08/25 14:51:00,4.305104504954618
2026/08/25 14:52:00,4.333261112314795
2026/08/25 14:53:00,4.378356740167462
2026/08/25 14:54:00,4.033333333333333
2026/08/25 14:55:00,3.9137313681405614
2026/08/25 14:56:00,4.341666666666666
2026/08/25 14:57:00,3.891731528858814
2026/08/25 14:58:00,4.233262778953684
2026/08/25 14:59:00,3.8749354177430377
2026/08/25 15:00:00,4.336658104546819
2026/08/25 15:01:00,4.529935881422266
2026/08/25 15:02:00,4.925082084701412
2026/08/25 15:03:00,7.0635132430449
2026/08/25 15:04:00,5.2749999999999995
2026/08/25 15:05:00,4
2026/08/25 15:06:00,3.8637688400366392
2026/08/25 15:07:00,3.8583976399606654
2026/08/25 15:08:00,4.303155647474815
2026/08/25 15:09:00,3.9
2026/08/25 15:10:00,3.8
2026/08/25 15:11:00,4.438337913231743
2026/08/25 15:12:00,4.278208656492369
2026/08/25 15:13:00,4.408333333333333
2026/08/25 15:14:00,3.905404280123241
2026/08/25 15:15:00,4.1697940121757995
2026/08/25 15:16:00,3.7583333333333333
2026/08/25 15:17:00,3.8249999999999997
2026/08/25 15:18:00,4.513356871627473
2026/08/25 15:19:00,3.9612382413770093
2026/08/25 15:20:00,3.8333333333333326
2026/08/25 15:21:00,4.2749999999999995
2026/08/25 15:22:00,3.997002248313765
2026/08/25 15:23:00,4.499925001249979
2026/08/25 15:24:00,3.8946525669680088
2026/08/25 15:25:00,4.133333333333334
2026/08/25 15:26:00,4.096995536606489
2026/08/25 15:27:00,3.8749354177430377
2026/08/25 15:28:00,4.308333333333334
2026/08/25 15:29:00,3.7583333333333333
2026/08/25 15:30:00,3.9279459594696022
2026/08/25 15:31:00,4.291666666666666
2026/08/25 15:32:00,4.983333333333333
2026/08/25 15:33:00,7.008333333333333
2026/08/25 15:34:00,4.088668309906069
2026/08/25 15:35:00,3.844485956368003
2026/08/25 15:36:00,4.0053293363310845
2026/08/25 15:37:00,4.111416896005338
2026/08/25 15:38:00,4.358333333333333
2026/08/25 15:39:00,3.838787575984678
2026/08/25 15:40:00,3.8582047265091166
2026/08/25 15:41:00,4.266737778962982
2026/08/25 15:42:00,4.25
2026/08/25 15:43:00,4.358333333333333
2026/08/25 15:44:00,3.7833333333333328
2026/08/25 15:45:00,4.366666666666666
2026/08/25 15:46:00,4.094806017947093
2026/08/25 15:47:00,4.116666666666666
2026/08/25 15:48:00,4.416666666666666
2026/08/25 15:49:00,3.8220697465276623
2026/08/25 15:50:00,3.8416666666666672
2026/08/25 15:51:00,4.586849918270674
2026/08/25 15:52:00,4.45
2026/08/25 15:53:00,4.375
2026/08/25 15:54:00,3.8416666666666672
2026/08/25 15:55:00,3.797152135898076
2026/08/25 15:56:00,4.211491952297557
2026/08/25 15:57:00,3.905404280123241
2026/08/25 15:58:00,4.15
2026/08/25 15:59:00,3.8749354177430377
2026/08/25 16:00:00,4.2917381956365945
2026/08/25 16:01:00,4.7785839379534645
2026/08/25 16:02:00,4.816666666666667
2026/08/25 16:03:00,5.912232492297444
2026/08/25 16:04:00,3.977983487615712
2026/08/25 16:05:00,4.058333333333334
2026/08/25 16:06:00,4.625
2026/08/25 16:07:00,3.9416666666666673
2026/08/25 16:08:00,4.196852360729452
2026/08/25 16:09:00,3.7861729630556247
2026/08/25 16:10:00,3.7916666666666665
2026/08/25 16:11:00,4.5050296449270535
2026/08/25 16:12:00,4.478284074988324
2026/08/25 16:13:00,4.413136157740475
2026/08/25 16:14:00,3.8614224713103815
2026/08/25 16:15:00,3.9553668082271622
2026/08/25 16:16:00,4.294887832541072
2026/08/25 16:17:00,3.980348072279124
2026/08/25 16:18:00,4.528396297222916
2026/08/25 16:19:00,3.8249999999999997
2026/08/25 16:20:00,4.4382639976018385
2026/08/25 16:21:00,4.153184107815992
2026/08/25 16:22:00,4.216666666666666
2026/08/25 16:23:00,4.496702418226634
2026/08/25 16:24:00,3.933267778870352
2026/08/25 16:25:00,4.0166666666666675
2026/08/25 16:26:00,4.028021015761822
2026/08/25 16:27:00,4.033333333333333
2026/08/25 16:28:00,4.316666666666666
2026/08/25 16:29:00,3.780497959863436
2026/08/25 16:30:00,4.186473188224501
2026/08/25 16:31:00,4.305104504954618
2026/08/25 16:32:00,4.899918334694421
2026/08/25 16:33:00,5.683428057134286
2026/08/25 16:34:00,3.9279459594696022
2026/08/25 16:35:00,4.3999999999999995
2026/08/25 16:36:00,4.071946040469648
2026/08/25 16:37:00,3.8583333333333325
2026/08/25 16:38:00,4.136435660078392
2026/08/25 16:39:00,3.838787575984678
2026/08/25 16:40:00,4.2749999999999995
2026/08/25 16:41:00,4.283333333333333
2026/08/25 16:42:00,4.094737719956634
2026/08/25 16:43:00,4.355067033058539
2026/08/25 16:44:00,3.994662663664415
2026/08/25 16:45:00,4.483333333333333
2026/08/25 16:46:00,3.6666666666666665
2026/08/25 16:47:00,4.088600216504289
2026/08/25 16:48:00,4.3999999999999995
2026/08/25 16:49:00,4.025
2026/08/25 16:50:00,3.8416666666666672
2026/08/25 16:51:00,4.383333333333334
2026/08/25 16:52:00,4.203152364273205
2026/08/25 16:53:00,4.291666666666666
2026/08/25 16:54:00,4.263540070614883
2026/08/25 16:55:00,3.8278070585095745
2026/08/25 16:56:00,4.0552918644350076
2026/08/25 16:57:00,3.8612292552747896
2026/08/25 16:58:00,3.9833333333333325
2026/08/25 16:59:00,4.066666666666666
2026/08/25 17:00:00,4.071946040469648
2026/08/25 17:01:00,4.611792177466433
2026/08/25 17:02:00,4.7
2026/08/25 17:03:00,5.816666666666666
2026/08/25 17:04:00,4.0053293363310845
2026/08/25 17:05:00,4.55
2026/08/25 17:06:00,3.766666666666666
2026/08/25 17:07:00,3.916666666666667
2026/08/25 17:08:00,4.666744445740762
2026/08/25 17:09:00,3.8166666666666673
2026/08/25 17:10:00,3.8666022232962782
2026/08/25 17:11:00,4.316594723421276
2026/08/25 17:12:00,4.30014333811127
2026/08/25 17:13:00,4.549924167930534
2026/08/25 17:14:00,4.01968142773747
2026/08/25 17:15:00,3.938712632192522
2026/08/25 17:16:00,4.058333333333334
2026/08/25 17:17:00,4.108333333333333
2026/08/25 17:18:00,4.391666666666667
2026/08/25 17:19:00,3.866666666666667
2026/08/25 17:20:00,3.8333972232870552
2026/08/25 17:21:00,4.483258612356461
2026/08/25 17:22:00,4.528396297222916
2026/08/25 17:23:00,4.3999999999999995
2026/08/25 17:24:00,3.75
2026/08/25 17:25:00,3.946973986610265
2026/08/25 17:26:00,4.050067501125019
2026/08/25 17:27:00,4.086398131932282
2026/08/25 17:28:00,4.105322763306908
2026/08/25 17:29:00,3.9082681955300744
2026/08/25 17:30:00,4.108196393453552
2026/08/25 17:31:00,4.353410171300853
2026/08/25 17:32:00,5.0712810605555925
2026/08/25 17:33:00,6.429715124424578
2026/08/25 17:34:00,4
2026/08/25 17:35:00,4.0166666666666675
2026/08/25 17:36:00,4.513432040371067
2026/08/25 17:37:00,3.883333333333333
2026/08/25 17:38:00,4.249929167847203
2026/08/25 17:39:00,3.744412569217426
2026/08/25 17:40:00,3.9720871361001935
2026/08/25 17:41:00,4.745146440723197
2026/08/25 17:42:00,4.138287065563123
2026/08/25 17:43:00,4.428616703641307
2026/08/25 17:44:00,3.788825047880756
2026/08/25 17:45:00,4.478358769076807
2026/08/25 17:46:00,4.416666666666666
2026/08/25 17:47:00,3.9303855441752025
2026/08/25 17:48:00,4.625
2026/08/25 17:49:00,3.85
2026/08/25 17:50:00,4.224859171360955
2026/08/25 17:51:00,4.383479449314978
2026/08/25 17:52:00,4.183333333333334
2026/08/25 17:53:00,4.341739028983816
2026/08/25 17:54:00,3.749875004166528
2026/08/25 17:55:00,4.1615238349401205
2026/08/25 17:56:00,4.32183065751782
2026/08/25 17:57:00,4.019614383881514
2026/08/25 17:58:00,4.125
2026/08/25 17:59:00,3.7916034732754453
2026/08/25 18:00:00,4.379829469757527
2026/08/25 18:01:00,4.478508164729037
2026/08/25 18:02:00,4.8999999999999995
2026/08/25 18:03:00,5.553982713541059
2026/08/25 18:04:00,4.492041003416951
2026/08/25 18:05:00,4.886917072519848
2026/08/25 18:06:00,3.8583333333333325
2026/08/25 18:07:00,3.9499999999999997
2026/08/25 18:08:00,4.533333333333333
2026/08/25 18:09:00,3.7333333333333334
2026/08/25 18:10:00,4.041666666666666
2026/08/25 18:11:00,4.571647458530411
2026/08/25 18:12:00,4.1113483221028755
2026/08/25 18:13:00,4.396775697821598
2026/08/25 18:14:00,4.3198345453332445
2026/08/25 18:15:00,3.9471711939776495
2026/08/25 18:16:00,4.102940440649132
2026/08/25 18:17:00,3.8638975400962647
2026/08/25 18:18:00,4.244708707907334
2026/08/25 18:19:00,3.9471711939776495
2026/08/25 18:20:00,3.73258681597014
2026/08/25 18:21:00,4.845947253407176
2026/08/25 18:22:00,4.0251341711390385
2026/08/25 18:23:00,4.308333333333334
2026/08/25 18:24:00,3.8583333333333325
2026/08/25 18:25:00,3.8806169015022816
2026/08/25 18:26:00,4.158194726842439
2026/08/25 18:27:00,3.8611648542264327
2026/08/25 18:28:00,4.338557367220159
2026/08/25 18:29:00,3.8583333333333325
2026/08/25 18:30:00,3.9278149340360593
2026/08/25 18:31:00,4.388521559548989
2026/08/25 18:32:00,4.741745695761596
2026/08/25 18:33:00,5.3916666666666675
2026/08/25 18:34:00,4.166666666666666
2026/08/25 18:35:00,3.902731912338637
2026/08/25 18:36:00,4.141666666666667
2026/08/25 18:37:00,3.888879636260679
2026/08/25 18:38:00,4.186333539036308
2026/08/25 18:39:00,3.9083333333333328
2026/08/25 18:40:00,3.8805522708725415
2026/08/25 18:41:00,4.394816285004253
2026/08/25 18:42:00,4.258333333333334
2026/08/25 18:43:00,4.466666666666666
2026/08/25 18:44:00,3.7833333333333328
2026/08/25 18:45:00,4.038772213247173
2026/08/25 18:46:00,4.133333333333334
2026/08/25 18:47:00,3.916536115462818
2026/08/25 18:48:00,4.500150005000167
2026/08/25 18:49:00,3.974933751104148
2026/08/25 18:50:00,3.8778437520848623
2026/08/25 18:51:00,4.375
2026/08/25 18:52:00,4.413430151222436
2026/08/25 18:53:00,4.566666666666666
2026/08/25 18:54:00,3.7944492627927144
2026/08/25 18:55:00,4.175
2026/08/25 18:56:00,3.925
2026/08/25 18:57:00,4.05535940310439
2026/08/25 18:58:00,4.408406806780112
2026/08/25 18:59:00,3.808269862168963
2026/08/25 19:00:00,4.208263195613406
2026/08/25 19:01:00,4.533257779037016
2026/08/25 19:02:00,5.183419723662061
2026/08/25 19:03:00,5.504128096072054
2026/08/25 19:04:00,3.771919598994155
2026/08/25 19:05:00,4.512018148154326
2026/08/25 19:06:00,3.78888814869096
2026/08/25 19:07:00,4.2948161985455995
2026/08/25 19:08:00,4.455066284724535
2026/08/25 19:09:00,3.7944492627927144
2026/08/25 19:10:00,3.863833188994737
2026/08/25 19:11:00,4.494962972846754
2026/08/25 19:12:00,4.3384851109186595
2026/08/25 19:13:00,4.403229034625392
2026/08/25 19:14:00,3.822197055492639
2026/08/25 19:15:00,4.3249279178680355
2026/08/25 19:16:00,4.133402223370389
2026/08/25 19:17:00,3.92788044566015
2026/08/25 19:18:00,4.466666666666666
2026/08/25 19:19:00,3.5333333333333337
2026/08/25 19:20:00,3.8387236452053424
2026/08/25 19:21:00,4.603529372518931
2026/08/25 19:22:00,4.258333333333334
2026/08/25 19:23:00,4.675
2026/08/25 19:24:00,3.7916666666666665
2026/08/25 19:25:00,4.230160712798734
2026/08/25 19:26:00,3.891666666666667
2026/08/25 19:27:00,4.033400556675945
2026/08/25 19:28:00,4.3198345453332445
2026/08/25 19:29:00,3.672306974885084
2026/08/25 19:30:00,3.9362198945893656
2026/08/25 19:31:00,4.841666666666666
2026/08/25 19:32:00,5
2026/08/25 19:33:00,6.645126906934914
2026/08/25 19:34:00,3.7166666666666663
2026/08/25 19:35:00,4.7201280939355525
2026/08/25 19:36:00,3.725
2026/08/25 19:37:00,4.080273128486968
2026/08/25 19:38:00,4.258333333333334
2026/08/25 19:39:00,3.752814610958219
2026/08/25 19:40:00,4.0387049497035505
2026/08/25 19:41:00,4.266666666666667
2026/08/25 19:42:00,4.2749999999999995
2026/08/25 19:43:00,4.458333333333334
2026/08/25 19:44:00,3.7833333333333328
2026/08/25 19:45:00,4.361531789979319
2026/08/25 19:46:00,4.175
2026/08/25 19:47:00,3.888814869095996
2026/08/25 19:48:00,4.466666666666666
2026/08/25 19:49:00,3.7193942224297816
2026/08/25 19:50:00,4.313359757519235
2026/08/25 19:51:00,4.486773192781132
2026/08/25 19:52:00,4.158333333333333
2026/08/25 19:53:00,4.383333333333334
2026/08/25 19:54:00,3.925
2026/08/25 19:55:00,4.063686629804811
2026/08/25 19:56:00,4.116666666666666
2026/08/25 19:57:00,3.9
2026/08/25 19:58:00,4.15304556674895
2026/08/25 19:59:00,4.05535940310439
2026/08/25 20:00:00,4.494962972846754
2026/08/25 20:01:00,4.088668309906069
2026/08/25 20:02:00,4.7201280939355525
2026/08/25 20:03:00,5.875
2026/08/25 20:04:00,3.991666666666667
2026/08/25 20:05:00,3.988675160296444
2026/08/25 20:06:00,4.0447001918105245
2026/08/25 20:07:00,3.9471054559989334
2026/08/25 20:08:00,4.161385015678164
2026/08/25 20:09:00,4.183333333333334
2026/08/25 20:10:00,3.916666666666667
2026/08/25 20:11:00,4.3
2026/08/25 20:12:00,4.180267803610685
2026/08/25 20:13:00,5.245513376476082
2026/08/25 20:14:00,4.8
2026/08/25 20:15:00,4.713210312437545
2026/08/25 20:16:00,3.5083333333333337
2026/08/25 20:17:00,4.033333333333333
2026/08/25 20:18:00,4.558333333333333
2026/08/25 20:19:00,3.6860364267129233
2026/08/25 20:20:00,4.0386376884003665
2026/08/25 20:21:00,4.436660828955049
2026/08/25 20:22:00,4.013723269602291
2026/08/25 20:23:00,4.741666666666667
2026/08/25 20:24:00,3.8000633343889065
2026/08/25 20:25:00,4.1249312511458145
2026/08/25 20:26:00,3.669357528854493
2026/08/25 20:27:00,3.8083333333333327
2026/08/25 20:28:00,4.32183065751782
2026/08/25 20:29:00,3.675
2026/08/25 20:30:00,4.199930001166647
2026/08/25 20:31:00,4.316666666666666
2026/08/25 20:32:00,4.770244349929113
2026/08/25 20:33:00,5.620878022783293
2026/08/25 20:34:00,3.641666666666666
2026/08/25 20:35:00,4.336513443191674
2026/08/25 20:36:00,4.163613350209846
2026/08/25 20:37:00,3.8361465074387877
2026/08/25 20:38:00,4.288521750716142
2026/08/25 20:39:00,3.677696977783708
2026/08/25 20:40:00,3.9471054559989334
2026/08/25 20:41:00,4.2749999999999995
2026/08/25 20:42:00,4.203082260324238
2026/08/25 20:43:00,4.458333333333334
2026/08/25 20:44:00,3.6973502323334944
2026/08/25 20:45:00,4.336441116133229
2026/08/25 20:46:00,4.013723269602291
2026/08/25 20:47:00,4.178063913536594
2026/08/25 20:48:00,4.3
2026/08/25 20:49:00,3.725
2026/08/25 20:50:00,4.022050496302711
2026/08/25 20:51:00,4.258404306738446
2026/08/25 20:52:00,4.4165930567823874
2026/08/25 20:53:00,4.258333333333334
2026/08/25 20:54:00,3.75
2026/08/25 20:55:00,4.403229034625392
2026/08/25 20:56:00,3.6721846584285376
2026/08/25 20:57:00,4.119825199319478
2026/08/25 20:58:00,4.32183065751782
2026/08/25 20:59:00,3.744412569217426
2026/08/25 21:00:00,4.180267803610685
2026/08/25 21:01:00,4.749920834652756
2026/08/25 21:02:00,4.7535651738804106
2026/08/25 21:03:00,6.808333333333333
2026/08/25 21:04:00,5.008333333333334
2026/08/25 21:05:00,4.330013656196915
2026/08/25 21:06:00,4.036427928078194
2026/08/25 21:07:00,3.85
2026/08/25 21:08:00,4.2
2026/08/25 21:09:00,3.6639797481846648
2026/08/25 21:10:00,3.891666666666667
2026/08/25 21:11:00,4.853559276802988
2026/08/25 21:12:00,4.2052494837119445
2026/08/25 21:13:00,4.45326572820068
2026/08/25 21:14:00,3.7388625197768337
2026/08/25 21:15:00,4.316738612310204
2026/08/25 21:16:00,4.016599723337944
2026/08/25 21:17:00,3.725062084368073
2026/08/25 21:18:00,4.566666666666666
2026/08/25 21:19:00,3.7694309160050703
2026/08/25 21:20:00,3.7916666666666665
2026/08/25 21:21:00,4.929800309777992
2026/08/25 21:22:00,4.016599723337944
2026/08/25 21:23:00,4.332972252312307
2026/08/25 21:24:00,3.769745291988457
2026/08/25 21:25:00,3.8138698287922193
2026/08/25 21:26:00,4.494962972846754
2026/08/25 21:27:00,3.9499999999999997
2026/08/25 21:28:00,4.233333333333333
2026/08/25 21:29:00,3.7416666666666663
2026/08/25 21:30:00,4.058333333333334
2026/08/25 21:31:00,4.688306713521976
2026/08/25 21:32:00,5.2248258391386955
2026/08/25 21:33:00,6.4667744462407715
2026/08/25 21:34:00,3.85
2026/08/25 21:35:00,3.894522649943292
2026/08/25 21:36:00,4.366666666666666
2026/08/25 21:37:00,4.091666666666666
2026/08/25 21:38:00,4.166666666666666
2026/08/25 21:39:00,3.7166666666666663
2026/08/25 21:40:00,4.030377723003131
2026/08/25 21:41:00,4.441370575294981
2026/08/25 21:42:00,4.141942796186413
2026/08/25 21:43:00,4.336513443191674
2026/08/25 21:44:00,3.9553668082271622
2026/08/25 21:45:00,4.428321240930697
2026/08/25 21:46:00,4.147027963292974
2026/08/25 21:47:00,3.891601806636556
2026/08/25 21:48:00,4.336513443191674
2026/08/25 21:49:00,3.7166666666666663
2026/08/25 21:50:00,4.155286123509426
2026/08/25 21:51:00,4.583256945717571
2026/08/25 21:52:00,4.166805560185339
2026/08/25 21:53:00,4.433111677749446
2026/08/25 21:54:00,4.066802226740891
2026/08/25 21:55:00,3.9362198945893656
2026/08/25 21:56:00,4.116666666666666
2026/08/25 21:57:00,3.8333333333333326
2026/08/25 21:58:00,4.1386316701085875
2026/08/25 21:59:00,3.9445593435185806
2026/08/25 22:00:00,4.2
2026/08/25 22:01:00,4.554917145474228
2026/08/25 22:02:00,4.783413056884282
2026/08/25 22:03:00,5.378944559343519
2026/08/25 22:04:00,4.180267803610685
2026/08/25 22:05:00,4.575
2026/08/25 22:06:00,3.744412569217426
2026/08/25 22:07:00,3.891666666666667
2026/08/25 22:08:00,4.158333333333333
2026/08/25 22:09:00,3.883333333333333
2026/08/25 22:10:00,4.163613350209846
2026/08/25 22:11:00,4.266666666666667
2026/08/25 22:12:00,4.11968777103209
2026/08/25 22:13:00,4.383333333333334
2026/08/25 22:14:00,3.888685341238384
2026/08/25 22:15:00,4.236581379057276
2026/08/25 22:16:00,3.780497959863436
2026/08/25 22:17:00,3.891666666666667
2026/08/25 22:18:00,4.725078751312521
2026/08/25 22:19:00,3.7610914670758553
2026/08/25 22:20:00,4.0166666666666675
2026/08/25 22:21:00,4.3999999999999995
2026/08/25 22:22:00,4.083333333333334
2026/08/25 22:23:00,4.483333333333333
2026/08/25 22:24:00,3.6833333333333336
2026/08/25 22:25:00,4.425
2026/08/25 22:26:00,3.5749999999999997
2026/08/25 22:27:00,3.891666666666667
2026/08/25 22:28:00,4.413356649179781
2026/08/25 22:29:00,3.794512551079977
2026/08/25 22:30:00,4.316666666666666
2026/08/25 22:31:00,4.121771279164654
2026/08/25 22:32:00,4.953880539756143
2026/08/25 22:33:00,5.691666666666666
2026/08/25 22:34:00,3.7885726656563805
2026/08/25 22:35:00,4.200280018667911
2026/08/25 22:36:00,4.1697940121757995
2026/08/25 22:37:00,4.125
2026/08/25 22:38:00,4.479973353318344
2026/08/25 22:39:00,3.7444750229338672
2026/08/25 22:40:00,3.875
2026/08/25 22:41:00,4.316666666666666
2026/08/25 22:42:00,4.341666666666666
2026/08/25 22:43:00,4.405029561162461
2026/08/25 22:44:00,3.6916666666666664
2026/08/25 22:45:00,4.575
2026/08/25 22:46:00,4.108333333333333
2026/08/25 22:47:00,4.011341839713118
2026/08/25 22:48:00,4.341666666666666
2026/08/25 22:49:00,3.8471787355938982
2026/08/25 22:50:00,3.8278070585095745
2026/08/25 22:51:00,4.5
2026/08/25 22:52:00,4.308333333333334
2026/08/25 22:53:00,4.558333333333333
2026/08/25 22:54:00,3.7972153753913793
2026/08/25 22:55:00,4.278137300687171
2026/08/25 22:56:00,3.8305242821930583
2026/08/25 22:57:00,4.052972179598372
2026/08/25 22:58:00,4.241666666666666
2026/08/25 22:59:00,3.66404077078094
2026/08/25 23:00:00,4.2530480177460515
2026/08/25 23:01:00,4.688228632336286
2026/08/25 23:02:00,4.561678564280473
2026/08/25 23:03:00,5.466666666666667
2026/08/25 23:04:00,3.6833333333333336
2026/08/25 23:05:00,4.108333333333333
2026/08/25 23:06:00,4.216666666666666
2026/08/25 23:07:00,3.963693896244483
2026/08/25 23:08:00,4.125068751145852
2026/08/25 23:09:00,3.6943758756421374
2026/08/25 23:10:00,4.183333333333334
2026/08/25 23:11:00,4.271796152885336
2026/08/25 23:12:00,4.328246184638479
2026/08/25 23:13:00,4.483333333333333
2026/08/25 23:14:00,3.7639691554386023
2026/08/25 23:15:00,4.183263612273128
2026/08/25 23:16:00,4.044632730669157
2026/08/25 23:17:00,3.9137965491972557
2026/08/25 23:18:00,4.2417373622893715
2026/08/25 23:19:00,3.736010807745551
2026/08/25 23:20:00,4.221903937112784
2026/08/25 23:21:00,4.3281739942624595
2026/08/25 23:22:00,4.130304443408167
2026/08/25 23:23:00,4.391666666666667
2026/08/25 23:24:00,4.044632730669157
2026/08/25 23:25:00,4.3051762041169805
2026/08/25 23:26:00,3.6999999999999997
2026/08/25 23:27:00,4.1030088731736605
2026/08/25 23:28:00,4.088668309906069
2026/08/25 23:29:00,3.919540996730936
2026/08/25 23:30:00,3.888814869095996
2026/08/25 23:31:00,4.3281739942624595
2026/08/25 23:32:00,4.941666666666666
2026/08/25 23:33:00,6.8500000000000005
2026/08/25 23:34:00,4.241666666666666
2026/08/25 23:35:00,3.8249999999999997
2026/08/25 23:36:00,4.008333333333333
2026/08/25 23:37:00,3.8083333333333327
2026/08/25 23:38:00,4.475
2026/08/25 23:39:00,3.88042301607128
2026/08/25 23:40:00,3.9416666666666673
2026/08/25 23:41:00,4.119756484029689
2026/08/25 23:42:00,4.141666666666667
2026/08/25 23:43:00,4.5633962326998985
2026/08/25 23:44:00,3.736010807745551
2026/08/25 23:45:00,4.55
2026/08/25 23:46:00,4
2026/08/25 23:47:00,3.8804876423955768
2026/08/25 23:48:00,4.836880378944559
2026/08/25 23:49:00,3.78056092199054
2026/08/25 23:50:00,3.858269028849519
2026/08/25 23:51:00,4.203152364273205
2026/08/25 23:52:00,4.358333333333333
2026/08/25 23:53:00,4.658333333333332
2026/08/25 23:54:00,3.7583333333333333
2026/08/25 23:55:00,3.85
2026/08/25 23:56:00,4.080341083205648
2026/08/25 23:57:00,3.883333333333333
2026/08/25 23:58:00,4.466666666666666
2026/08/25 23:59:00,3.7610914670758553
2026/08/26 00:00:00,5.562587435880355
2026/08/26 00:01:00,4.524924584590257
2026/08/26 00:02:00,4.933333333333334
2026/08/26 00:03:00,6.037861729630556
2026/08/26 00:04:00,4.363466791019919
2026/08/26 00:05:00,4.05
2026/08/26 00:06:00,4.208263195613406
2026/08/26 00:07:00,4.069718955883579
2026/08/26 00:08:00,4.008333333333333
2026/08/26 00:09:00,3.7389247884884416
2026/08/26 00:10:00,3.852825405297218
2026/08/26 00:11:00,4.375
2026/08/26 00:12:00,4.458333333333334
2026/08/26 00:13:00,4.813137032842582
2026/08/26 00:14:00,3.75
2026/08/26 00:15:00,3.9695776903062248
2026/08/26 00:16:00,4.04703217640397
2026/08/26 00:17:00,4.086329975315231
2026/08/26 00:18:00,4.291666666666666
2026/08/26 00:19:00,3.8305242821930583
2026/08/26 00:20:00,3.8778437520848623
2026/08/26 00:21:00,4.458333333333334
2026/08/26 00:22:00,4.191666666666666
2026/08/26 00:23:00,4.3999999999999995
2026/08/26 00:24:00,3.963693896244483
2026/08/26 00:25:00,4.094737719956634
2026/08/26 00:26:00,4.0166666666666675
2026/08/26 00:27:00,4.033333333333333
2026/08/26 00:28:00,4.246814888833375
2026/08/26 00:29:00,3.8362104912017343
2026/08/26 00:30:00,4.3962631763001445
2026/08/26 00:31:00,3.992065873253992
2026/08/26 00:32:00,5.020431990659661
2026/08/26 00:33:00,5.825
2026/08/26 00:34:00,3.847114664001998
2026/08/26 00:35:00,4.183193893536882
2026/08/26 00:36:00,4.003135789701933
2026/08/26 00:37:00,3.9666666666666672
2026/08/26 00:38:00,4.146958896809007
2026/08/26 00:39:00,3.808269862168963
2026/08/26 00:40:00,3.819531315153032
2026/08/26 00:41:00,4.6499999999999995
2026/08/26 00:42:00,3.8083333333333327
2026/08/26 00:43:00,4.346739945041219
2026/08/26 00:44:00,3.775062917715295
2026/08/26 00:45:00,4.203082260324238
2026/08/26 00:46:00,4.2
2026/08/26 00:47:00,3.847050594544183
2026/08/26 00:48:00,4.77866364212563
2026/08/26 00:49:00,3.7833333333333328
2026/08/26 00:50:00,4.033333333333333
2026/08/26 00:51:00,4.304961113794194
2026/08/26 00:52:00,4.125
2026/08/26 00:53:00,4.378429769986489
2026/08/26 00:54:00,3.883333333333333
2026/08/26 00:55:00,4.412989175686927
2026/08/26 00:56:00,4.103419516263553
2026/08/26 00:57:00,3.9218625099920064
2026/08/26 00:58:00,4.141735695594926
2026/08/26 00:59:00,3.9113972611879304
2026/08/26 01:00:00,4.316666666666666
2026/08/26 01:01:00,4.554765433743568
2026/08/26 01:02:00,5.008249862502292
2026/08/26 01:03:00,5.395983453429411
2026/08/26 01:04:00,4.0166666666666675
2026/08/26 01:05:00,3.9
2026/08/26 01:06:00,3.997002248313765
2026/08/26 01:07:00,3.8445500792260865
2026/08/26 01:08:00,4.383333333333334
2026/08/26 01:09:00,3.916666666666667
2026/08/26 01:10:00,3.755516695811475
2026/08/26 01:11:00,4.266595556740721
2026/08/26 01:12:00,4.208403473391223
2026/08/26 01:13:00,4.333333333333334
2026/08/26 01:14:00,4.2417373622893715
2026/08/26 01:15:00,3.9528987924477943
2026/08/26 01:16:00,4.041666666666666
2026/08/26 01:17:00,3.866666666666667
2026/08/26 01:18:00,4.46324484561836
2026/08/26 01:19:00,3.7945758414784665
2026/08/26 01:20:00,3.7721708718461153
2026/08/26 01:21:00,4.344925360687182
2026/08/26 01:22:00,4.008333333333333
2026/08/26 01:23:00,4.483333333333333
2026/08/26 01:24:00,3.7889512516030175
2026/08/26 01:25:00,3.8749354177430377
2026/08/26 01:26:00,4.027953832810728
2026/08/26 01:27:00,3.9499999999999997
2026/08/26 01:28:00,4.579974685230831
2026/08/26 01:29:00,3.7833963899398326
2026/08/26 01:30:00,4.3081897270091
2026/08/26 01:31:00,4.011341839713118
2026/08/26 01:32:00,5.133333333333334
2026/08/26 01:33:00,7.011524881753381
2026/08/26 01:34:00,3.8083968066134433
2026/08/26 01:35:00,4.2780659472622045
2026/08/26 01:36:00,3.7166666666666663
2026/08/26 01:37:00,3.9720871361001935
2026/08/26 01:38:00,4.353192341050104
2026/08/26 01:39:00,3.7139431083871823
2026/08/26 01:40:00,3.7832702788286863
2026/08/26 01:41:00,5.69593862063214
2026/08/26 01:42:00,5.112917194057691
2026/08/26 01:43:00,4.100068334472241
2026/08/26 01:44:00,3.8027252864552925
2026/08/26 01:45:00,4.04703217640397
2026/08/26 01:46:00,4.266737778962982
2026/08/26 01:47:00,4.411494904681689
2026/08/26 01:48:00,4.230231163813203
2026/08/26 01:49:00,3.744412569217426
2026/08/26 01:50:00,3.883333333333333
2026/08/26 01:51:00,4.271796152885336
2026/08/26 01:52:00,4.553415061295972
2026/08/26 01:53:00,4.3
2026/08/26 01:54:00,3.7722336952901205
2026/08/26 01:55:00,3.9112015478017215
2026/08/26 01:56:00,4.721537539137966
2026/08/26 01:57:00,4.658333333333332
2026/08/26 01:58:00,4.541590973483775
2026/08/26 01:59:00,3.8445500792260865
2026/08/26 02:00:00,4.937798724332605
2026/08/26 02:01:00,5.391846394879829
2026/08/26 02:02:00,4.903677758318739
2026/08/26 02:03:00,5.433333333333333
2026/08/26 02:04:00,4.083333333333334
2026/08/26 02:05:00,4.033333333333333
2026/08/26 02:06:00,4.396702473145141
2026/08/26 02:07:00,3.8362104912017343
2026/08/26 02:08:00,5.579241889281193
2026/08/26 02:09:00,4.1
2026/08/26 02:10:00,3.7694309160050703
2026/08/26 02:11:00,4.491666666666666
2026/08/26 02:12:00,4.2052494837119445
2026/08/26 02:13:00,4.336441116133229
2026/08/26 02:14:00,3.925
2026/08/26 02:15:00,4.041666666666666
2026/08/26 02:16:00,4.3334055567592795
2026/08/26 02:17:00,4.208333333333334
2026/08/26 02:18:00,4.355067033058539
2026/08/26 02:19:00,3.683394723245387
2026/08/26 02:20:00,4.269797851757956
2026/08/26 02:21:00,4.091666666666666
2026/08/26 02:22:00,4.241666666666666
2026/08/26 02:23:00,4.291666666666666
2026/08/26 02:24:00,3.6999999999999997
2026/08/26 02:25:00,4.208333333333334
2026/08/26 02:26:00,3.8333333333333326
2026/08/26 02:27:00,3.847114664001998
2026/08/26 02:28:00,4.366666666666666
2026/08/26 02:29:00,3.6333333333333333
2026/08/26 02:30:00,4.17813360020015
2026/08/26 02:31:00,4.338340605535756
2026/08/26 02:32:00,5.075084584743079
2026/08/26 02:33:00,5.42907180385289
2026/08/26 02:34:00,3.7583333333333333
2026/08/26 02:35:00,4.04703217640397
2026/08/26 02:36:00,3.9695776903062248
2026/08/26 02:37:00,4.1
2026/08/26 02:38:00,4.066666666666666
2026/08/26 02:39:00,3.725
2026/08/26 02:40:00,4.022050496302711
2026/08/26 02:41:00,4.258262362293961
2026/08/26 02:42:00,4.278208656492369
2026/08/26 02:43:00,4.213576710412365
2026/08/26 02:44:00,3.85
2026/08/26 02:45:00,4.199790010499475
2026/08/26 02:46:00,4.036495254616116
2026/08/26 02:47:00,4.380121244420757
2026/08/26 02:48:00,4.216666666666666
2026/08/26 02:49:00,3.9666666666666672
2026/08/26 02:50:00,3.7833333333333328
2026/08/26 02:51:00,4.3198345453332445
2026/08/26 02:52:00,4.425
2026/08/26 02:53:00,4.3
2026/08/26 02:54:00,3.7305975617880223
2026/08/26 02:55:00,4.1249312511458145
2026/08/26 02:56:00,3.7166666666666663
2026/08/26 02:57:00,3.81119172712868
2026/08/26 02:58:00,4.246885617214043
2026/08/26 02:59:00,3.9028620988725065
2026/08/26 03:00:00,4.191666666666666
2026/08/26 03:01:00,4.6416666666666675
2026/08/26 03:02:00,4.971271546340245
2026/08/26 03:03:00,6.988574764406638
2026/08/26 03:04:00,5.037972153753914
2026/08/26 03:05:00,4.036293281739942
2026/08/26 03:06:00,4.171871096677492
2026/08/26 03:07:00,4.028021015761822
2026/08/26 03:08:00,4.288521750716142
2026/08/26 03:09:00,3.899935001083315
2026/08/26 03:10:00,4.203152364273205
2026/08/26 03:11:00,4.108333333333333
2026/08/26 03:12:00,4.141666666666667
2026/08/26 03:13:00,4.5
2026/08/26 03:14:00,3.980414362800613
2026/08/26 03:15:00,4.2
2026/08/26 03:16:00,4.186403362465809
2026/08/26 03:17:00,4.3717940177203385
2026/08/26 03:18:00,4.35840597343289
2026/08/26 03:19:00,3.8944576946811877
2026/08/26 03:20:00,3.7833333333333328
2026/08/26 03:21:00,4.375
2026/08/26 03:22:00,4.221903937112784
2026/08/26 03:23:00,4.366666666666666
2026/08/26 03:24:00,3.9499999999999997
2026/08/26 03:25:00,4.175
2026/08/26 03:26:00,3.7694309160050703
2026/08/26 03:27:00,4.0387049497035505
2026/08/26 03:28:00,4.183263612273128
2026/08/26 03:29:00,3.736135434909515
2026/08/26 03:30:00,4.558333333333333
2026/08/26 03:31:00,4.413503655713406
2026/08/26 03:32:00,5.024916251395809
2026/08/26 03:33:00,6.663219694442592
2026/08/26 03:34:00,3.5308029245707244
2026/08/26 03:35:00,3.8083333333333327
2026/08/26 03:36:00,4.127958370165285
2026/08/26 03:37:00,3.9888080209183414
2026/08/26 03:38:00,4.041666666666666
2026/08/26 03:39:00,3.875
2026/08/26 03:40:00,4.341594306761554
2026/08/26 03:41:00,4.002935486023083
2026/08/26 03:42:00,4.025
2026/08/26 03:43:00,4.355139564319499
2026/08/26 03:44:00,3.919540996730936
2026/08/26 03:45:00,4.8048098061421625
2026/08/26 03:46:00,3.625060417673628
2026/08/26 03:47:00,3.975
2026/08/26 03:48:00,4.258333333333334
2026/08/26 03:49:00,3.9778507930683653
2026/08/26 03:50:00,3.9554326826993536
2026/08/26 03:51:00,4.333333333333334
2026/08/26 03:52:00,4.369871238908533
2026/08/26 03:53:00,4.491666666666666
2026/08/26 03:54:00,3.8333333333333326
2026/08/26 03:55:00,4.033333333333333
2026/08/26 03:56:00,4.2
2026/08/26 03:57:00,3.9471711939776495
2026/08/26 03:58:00,4.269726637423487
2026/08/26 03:59:00,3.7222703350876025
2026/08/26 04:00:00,4.378210687837748
2026/08/26 04:01:00,4.530011325028312
2026/08/26 04:02:00,5.008333333333334
2026/08/26 04:03:00,5.583054180624302
2026/08/26 04:04:00,4.00026668444563
2026/08/26 04:05:00,3.9583333333333326
2026/08/26 04:06:00,3.9999333344444254
2026/08/26 04:07:00,4.15304556674895
2026/08/26 04:08:00,4.1719405769102655
2026/08/26 04:09:00,3.844485956368003
2026/08/26 04:10:00,3.775
2026/08/26 04:11:00,4.3718668287727125
2026/08/26 04:12:00,4.578281101456043
2026/08/26 04:13:00,4.291666666666666
2026/08/26 04:14:00,3.916666666666667
2026/08/26 04:15:00,3.9583333333333326
2026/08/26 04:16:00,4.058333333333334
2026/08/26 04:17:00,3.7472520151888613
2026/08/26 04:18:00,4.541666666666666
2026/08/26 04:19:00,3.844485956368003
2026/08/26 04:20:00,4.221903937112784
2026/08/26 04:21:00,3.9499999999999997
2026/08/26 04:22:00,4.3198345453332445
2026/08/26 04:23:00,4.355212097996436
2026/08/26 04:24:00,3.9027970045199063
2026/08/26 04:25:00,3.89707719210592
2026/08/26 04:26:00,4.069718955883579
2026/08/26 04:27:00,3.916666666666667
2026/08/26 04:28:00,4.458333333333334
2026/08/26 04:29:00,3.688961428285924
2026/08/26 04:30:00,3.9612382413770093
2026/08/26 04:31:00,4.591666666666667
2026/08/26 04:32:00,5.104589967357271
2026/08/26 04:33:00,5.754219761158183
2026/08/26 04:34:00,3.7166666666666663
2026/08/26 04:35:00,3.822197055492639
2026/08/26 04:36:00,3.9528987924477943
2026/08/26 04:37:00,3.805542602091799
2026/08/26 04:38:00,4.725
2026/08/26 04:39:00,3.661018079925279
2026/08/26 04:40:00,3.8555059622943166
2026/08/26 04:41:00,4.411568483554606
2026/08/26 04:42:00,4.233333333333333
2026/08/26 04:43:00,4.613283592032509
2026/08/26 04:44:00,3.675
2026/08/26 04:45:00,4.711710058875527
2026/08/26 04:46:00,4.083401390023167
2026/08/26 04:47:00,4.04703217640397
2026/08/26 04:48:00,4.661751951431049
2026/08/26 04:49:00,3.680634201585504
2026/08/26 04:50:00,3.7944492627927144
2026/08/26 04:51:00,4.255212843914462
2026/08/26 04:52:00,4.575
2026/08/26 04:53:00,4.394889585696178
2026/08/26 04:54:00,3.7416666666666663
2026/08/26 04:55:00,4.2052494837119445
2026/08/26 04:56:00,3.7193942224297816
2026/08/26 04:57:00,3.8083333333333327
2026/08/26 04:58:00,4.405102924522017
2026/08/26 04:59:00,3.7193942224297816
2026/08/26 05:00:00,4.225
2026/08/26 05:01:00,4.521608793404947
2026/08/26 05:02:00,5.058417640294005
2026/08/26 05:03:00,5.662485822936821
2026/08/26 05:04:00,3.6999999999999997
2026/08/26 05:05:00,3.8416666666666672
2026/08/26 05:06:00,3.991666666666667
2026/08/26 05:07:00,4.208333333333334
2026/08/26 05:08:00,4.5249999999999995
2026/08/26 05:09:00,3.622403943840248
2026/08/26 05:10:00,3.719332188068115
2026/08/26 05:11:00,4.491666666666666
2026/08/26 05:12:00,4.380121244420757
2026/08/26 05:13:00,4.41674027900465
2026/08/26 05:14:00,3.666544448518383
2026/08/26 05:15:00,4.028021015761822
2026/08/26 05:16:00,4.558333333333333
2026/08/26 05:17:00,3.7916666666666665
2026/08/26 05:18:00,4.6
2026/08/26 05:19:00,3.7139431083871823
2026/08/26 05:20:00,3.6999999999999997
2026/08/26 05:21:00,4.45326572820068
2026/08/26 05:22:00,4.2052494837119445
2026/08/26 05:23:00,4.403229034625392
2026/08/26 05:24:00,3.6916666666666664
2026/08/26 05:25:00,3.8
2026/08/26 05:26:00,4.355139564319499
2026/08/26 05:27:00,3.7861098138635
2026/08/26 05:28:00,4.32183065751782
2026/08/26 05:29:00,3.7610914670758553
2026/08/26 05:30:00,4.083333333333334
2026/08/26 05:31:00,4.325
2026/08/26 05:32:00,4.946372660049297
2026/08/26 05:33:00,6.85502701981453
2026/08/26 05:34:00,3.675
2026/08/26 05:35:00,4.008333333333333
2026/08/26 05:36:00,4
2026/08/26 05:37:00,3.916666666666667
2026/08/26 05:38:00,4.180267803610685
2026/08/26 05:39:00,3.875
2026/08/26 05:40:00,4.141666666666667
2026/08/26 05:41:00,3.908398473307889
2026/08/26 05:42:00,4.183263612273128
2026/08/26 05:43:00,4.233333333333333
2026/08/26 05:44:00,3.9862565881646543
2026/08/26 05:45:00,4.155286123509426
2026/08/26 05:46:00,4.169724464607378
2026/08/26 05:47:00,4.066666666666666
2026/08/26 05:48:00,4.196922257011525
2026/08/26 05:49:00,3.9695776903062248
2026/08/26 05:50:00,4.141666666666667
2026/08/26 05:51:00,3.9887415895010325
2026/08/26 05:52:00,4.2948161985455995
2026/08/26 05:53:00,4.241666666666666
2026/08/26 05:54:00,3.9499999999999997
2026/08/26 05:55:00,3.8138698287922193
2026/08/26 05:56:00,4.011274934952298
2026/08/26 05:57:00,4.0720138565052295
2026/08/26 05:58:00,4.2749999999999995
2026/08/26 05:59:00,3.724937917701371
2026/08/26 06:00:00,4.069718955883579
2026/08/26 06:01:00,4.575
2026/08/26 06:02:00,4.941666666666666
2026/08/26 06:03:00,5.683333333333334
2026/08/26 06:04:00,4.480047964825794
2026/08/26 06:05:00,4.2749999999999995
2026/08/26 06:06:00,4.036293281739942
2026/08/26 06:07:00,3.8555059622943166
2026/08/26 06:08:00,4.358333333333333
2026/08/26 06:09:00,3.7916666666666665
2026/08/26 06:10:00,3.844485956368003
2026/08/26 06:11:00,4.316666666666666
2026/08/26 06:12:00,4.391666666666667
2026/08/26 06:13:00,4.325
2026/08/26 06:14:00,3.6999999999999997
2026/08/26 06:15:00,4.005396042901872
2026/08/26 06:16:00,4.211421709253453
2026/08/26 06:17:00,4.025
2026/08/26 06:18:00,4.308333333333334
2026/08/26 06:19:00,3.7972153753913793
2026/08/26 06:20:00,3.819467609580359
2026/08/26 06:21:00,4.391666666666667
2026/08/26 06:22:00,4.175
2026/08/26 06:23:00,4.2749999999999995
2026/08/26 06:24:00,3.7472520151888613
2026/08/26 06:25:00,3.9445593435185806
2026/08/26 06:26:00,4.133333333333334
2026/08/26 06:27:00,4.05
2026/08/26 06:28:00,4.146958896809007
2026/08/26 06:29:00,3.775
2026/08/26 06:30:00,4.1
2026/08/26 06:31:00,4.391666666666667
2026/08/26 06:32:00,5.045366602174929
2026/08/26 06:33:00,5.341666666666666
2026/08/26 06:34:00,3.65
2026/08/26 06:35:00,3.897142095796416
2026/08/26 06:36:00,4.419907932483821
2026/08/26 06:37:00,3.8583333333333325
2026/08/26 06:38:00,4.130304443408167
2026/08/26 06:39:00,3.602641937420775
2026/08/26 06:40:00,4.183333333333334
2026/08/26 06:41:00,4.291666666666666
2026/08/26 06:42:00,3.9471054559989334
2026/08/26 06:43:00,4.375
2026/08/26 06:44:00,3.677696977783708
2026/08/26 06:45:00,4.255283713338774
2026/08/26 06:46:00,4.441592640122664
2026/08/26 06:47:00,4.1
2026/08/26 06:48:00,4.27492875118748
2026/08/26 06:49:00,3.7444750229338672
2026/08/26 06:50:00,3.925
2026/08/26 06:51:00,4.5
2026/08/26 06:52:00,4.113649990007328
2026/08/26 06:53:00,4.308333333333334
2026/08/26 06:54:00,3.8333333333333326
2026/08/26 06:55:00,4.15304556674895
2026/08/26 06:56:00,4.208333333333334
2026/08/26 06:57:00,3.922123775897675
2026/08/26 06:58:00,4.194742811395023
2026/08/26 06:59:00,3.725
2026/08/26 07:00:00,4.929636106253643
2026/08/26 07:01:00,4.433407223453724
2026/08/26 07:02:00,4.683333333333333
2026/08/26 07:03:00,5.395623457201948
2026/08/26 07:04:00,3.75
2026/08/26 07:05:00,4.463393511424954
2026/08/26 07:06:00,4.1
2026/08/26 07:07:00,3.9695776903062248
2026/08/26 07:08:00,4.163613350209846
2026/08/26 07:09:00,3.677696977783708
2026/08/26 07:10:00,4.291666666666666
2026/08/26 07:11:00,4.388375385127821
2026/08/26 07:12:00,4.183403056717612
2026/08/26 07:13:00,4.378210687837748
2026/08/26 07:14:00,3.8
2026/08/26 07:15:00,4.87975484644594
2026/08/26 07:16:00,3.744412569217426
2026/08/26 07:17:00,4.058333333333334
2026/08/26 07:18:00,4.3546318962215445
2026/08/26 07:19:00,3.919998665532369
2026/08/26 07:20:00,4.33015788421824
2026/08/26 07:21:00,4.186403362465809
2026/08/26 07:22:00,4.058333333333334
2026/08/26 07:23:00,4.421757377922857
2026/08/26 07:24:00,4.041464593436995
2026/08/26 07:25:00,3.9864560572448413
2026/08/26 07:26:00,4.2749999999999995
2026/08/26 07:27:00,3.9083333333333328
2026/08/26 07:28:00,4.5
2026/08/26 07:29:00,3.5499999999999994
2026/08/26 07:30:00,4.088668309906069
2026/08/26 07:31:00,4.561678564280473
2026/08/26 07:32:00,5.366666666666667
2026/08/26 07:33:00,6.770035307441209
2026/08/26 07:34:00,3.7083333333333335
2026/08/26 07:35:00,4.224929584506925
2026/08/26 07:36:00,4.050067501125019
2026/08/26 07:37:00,3.8666022232962782
2026/08/26 07:38:00,4.378283712784588
2026/08/26 07:39:00,3.6583333333333337
2026/08/26 07:40:00,3.991666666666667
2026/08/26 07:41:00,4.45
2026/08/26 07:42:00,4.075
2026/08/26 07:43:00,4.5798221363621225
2026/08/26 07:44:00,3.7333955565926096
2026/08/26 07:45:00,4.736885997831707
2026/08/26 07:46:00,3.9471054559989334
2026/08/26 07:47:00,4.061311628527587
2026/08/26 07:48:00,4.2749999999999995
2026/08/26 07:49:00,3.7416666666666663
2026/08/26 07:50:00,3.8138698287922193
2026/08/26 07:51:00,4.624922917951368
2026/08/26 07:52:00,4.33658577266283
2026/08/26 07:53:00,4.529558701082431
2026/08/26 07:54:00,3.8448707256046704
2026/08/26 07:55:00,3.883333333333333
2026/08/26 07:56:00,4.32183065751782
2026/08/26 07:57:00,4.091666666666666
2026/08/26 07:58:00,4.158333333333333
2026/08/26 07:59:00,3.7333333333333334
2026/08/26 08:00:00,3.916666666666667
2026/08/26 08:01:00,5.020348255387284
2026/08/26 08:02:00,4.958333333333334
2026/08/26 08:03:00,5.508333333333333
2026/08/26 08:04:00,3.7389247884884416
2026/08/26 08:05:00,4.258333333333334
2026/08/26 08:06:00,4.411568483554606
2026/08/26 08:07:00,3.8305242821930583
2026/08/26 08:08:00,4.141666666666667
2026/08/26 08:09:00,3.674938751020816
2026/08/26 08:10:00,4.008400140002333
2026/08/26 08:11:00,4.608256529057849
2026/08/26 08:12:00,4.2918097269909
2026/08/26 08:13:00,4.333188893703543
2026/08/26 08:14:00,3.7111166708364607
2026/08/26 08:15:00,4.491666666666666
2026/08/26 08:16:00,4.022050496302711
2026/08/26 08:17:00,3.8333333333333326
2026/08/26 08:18:00,4.46994462605911
2026/08/26 08:19:00,3.7916666666666665
2026/08/26 08:20:00,4.0303106003830464
2026/08/26 08:21:00,4.678508881661246
2026/08/26 08:22:00,4.113649990007328
2026/08/26 08:23:00,4.353192341050104
2026/08/26 08:24:00,3.775
2026/08/26 08:25:00,4.633333333333333
2026/08/26 08:26:00,3.8416666666666672
2026/08/26 08:27:00,3.8887501040886
2026/08/26 08:28:00,4.2615294804436665
2026/08/26 08:29:00,3.7583333333333333
2026/08/26 08:30:00,4.116666666666666
2026/08/26 08:31:00,4.683333333333333
2026/08/26 08:32:00,4.841666666666666
2026/08/26 08:33:00,5.683333333333334
2026/08/26 08:34:00,3.875
2026/08/26 08:35:00,4.091666666666666
2026/08/26 08:36:00,4.183333333333334
2026/08/26 08:37:00,3.883333333333333
2026/08/26 08:38:00,4.158333333333333
2026/08/26 08:39:00,3.7305354317595136
2026/08/26 08:40:00,4.586773413393378
2026/08/26 08:41:00,4.12183992272591
2026/08/26 08:42:00,4.194882743436635
2026/08/26 08:43:00,4.425
2026/08/26 08:44:00,4.025
2026/08/26 08:45:00,4.479824137758755
2026/08/26 08:46:00,4.191736528942148
2026/08/26 08:47:00,3.8946525669680088
2026/08/26 08:48:00,4.379975352229956
2026/08/26 08:49:00,4.2000700011666865
2026/08/26 08:50:00,4.0447001918105245
2026/08/26 08:51:00,4.383333333333334
2026/08/26 08:52:00,4.408333333333333
2026/08/26 08:53:00,4.341666666666666
2026/08/26 08:54:00,4.0166666666666675
2026/08/26 08:55:00,4.233333333333333
2026/08/26 08:56:00,4.141666666666667
2026/08/26 08:57:00,4
2026/08/26 08:58:00,4.188525272712133
2026/08/26 08:59:00,3.977983487615712
2026/08/26 09:00:00,4.13016687206475
2026/08/26 09:01:00,4.753644460753244
2026/08/26 09:02:00,4.758333333333333
2026/08/26 09:03:00,7.119778828858838
2026/08/26 09:04:00,5.262192274334512
2026/08/26 09:05:00,4.008333333333333
2026/08/26 09:06:00,4.041666666666666
2026/08/26 09:07:00,4.041666666666666
2026/08/26 09:08:00,4.346667554874596
2026/08/26 09:09:00,3.8250637510625176
2026/08/26 09:10:00,3.7861729630556247
2026/08/26 09:11:00,4.280123240902657
2026/08/26 09:12:00,4.394962888833292
2026/08/26 09:13:00,4.504954617370306
2026/08/26 09:14:00,3.8
2026/08/26 09:15:00,4.591666666666667
2026/08/26 09:16:00,3.677758318739054
2026/08/26 09:17:00,3.9720209842618037
2026/08/26 09:18:00,4.645150529563839
2026/08/26 09:19:00,3.7416666666666663
2026/08/26 09:20:00,4.466666666666666
2026/08/26 09:21:00,3.891666666666667
2026/08/26 09:22:00,4.121977216707748
2026/08/26 09:23:00,4.766428345249404
2026/08/26 09:24:00,3.7333955565926096
2026/08/26 09:25:00,4.528471828401775
2026/08/26 09:26:00,3.680634201585504
2026/08/26 09:27:00,3.866666666666667
2026/08/26 09:28:00,4.5082581956967385
2026/08/26 09:29:00,3.6860979067634063
2026/08/26 09:30:00,4.213436365453153
2026/08/26 09:31:00,4.325144171472382
2026/08/26 09:32:00,5.17045833611315
2026/08/26 09:33:00,6.8949437079475056
2026/08/26 09:34:00,3.799873337555415
2026/08/26 09:35:00,3.994729292457551
2026/08/26 09:36:00,4.096927304521609
2026/08/26 09:37:00,4.053039779834877
2026/08/26 09:38:00,4.221833624781413
2026/08/26 09:39:00,3.8445500792260865
2026/08/26 09:40:00,3.991666666666667
2026/08/26 09:41:00,4.296777416937297
2026/08/26 09:42:00,5.424638357442837
2026/08/26 09:43:00,5.379393171089723
2026/08/26 09:44:00,3.8219424460431655
2026/08/26 09:45:00,4.350145004833494
2026/08/26 09:46:00,4.058333333333334
2026/08/26 09:47:00,4.075
2026/08/26 09:48:00,4.666666666666667
2026/08/26 09:49:00,3.775062917715295
2026/08/26 09:50:00,3.9833333333333325
2026/08/26 09:51:00,4.533257779037016
2026/08/26 09:52:00,4.378356740167462
2026/08/26 09:53:00,4.446665001249063
2026/08/26 09:54:00,3.7416666666666663
2026/08/26 09:55:00,3.9529647235426566
2026/08/26 09:56:00,4.341666666666666
2026/08/26 09:57:00,3.880358391899544
2026/08/26 09:58:00,4.533408890148169
2026/08/26 09:59:00,3.8028521391043277
2026/08/26 10:00:00,4.221622701838529
2026/08/26 10:01:00,4.953963170536428
2026/08/26 10:02:00,5.004496552642974
2026/08/26 10:03:00,5.8461487140140775
2026/08/26 10:04:00,3.8054792239153965
2026/08/26 10:05:00,4.583333333333333
2026/08/26 10:06:00,4.136435660078392
2026/08/26 10:07:00,3.8220697465276623
2026/08/26 10:08:00,4.445074557160489
2026/08/26 10:09:00,3.991666666666667
2026/08/26 10:10:00,4.225
2026/08/26 10:11:00,4.466666666666666
2026/08/26 10:12:00,4.675
2026/08/26 10:13:00,4.621456883056323
2026/08/26 10:14:00,3.933398889981499
2026/08/26 10:15:00,4.394962888833292
2026/08/26 10:16:00,4.416666666666666
2026/08/26 10:17:00,4.058333333333334
2026/08/26 10:18:00,4.596322941646682
2026/08/26 10:19:00,3.9281425140112085
2026/08/26 10:20:00,4.266666666666667
2026/08/26 10:21:00,4.563168237684441
2026/08/26 10:22:00,4.4784334656570035
2026/08/26 10:23:00,4.541666666666666
2026/08/26 10:24:00,3.9499999999999997
2026/08/26 10:25:00,4.358333333333333
2026/08/26 10:26:00,4.279980681799257
2026/08/26 10:27:00,4.325144171472382
2026/08/26 10:28:00,4.353264948711534
2026/08/26 10:29:00,4.0136564243484045
2026/08/26 10:30:00,4.1030773079809855
2026/08/26 10:31:00,4.49655264297372
2026/08/26 10:32:00,5.203989725456183
2026/08/26 10:33:00,5.966666666666666
2026/08/26 10:34:00,4.133333333333334
2026/08/26 10:35:00,4.221833624781413
2026/08/26 10:36:00,4.4116420648819945
2026/08/26 10:37:00,4.083333333333334
2026/08/26 10:38:00,4.3716484028911164
2026/08/26 10:39:00,4.144844380691864
2026/08/26 10:40:00,3.9386470372714255
2026/08/26 10:41:00,4.403375921539847
2026/08/26 10:42:00,4.405029561162461
2026/08/26 10:43:00,4.766587223546274
2026/08/26 10:44:00,4.05310738232645
2026/08/26 10:45:00,4.346667554874596
2026/08/26 10:46:00,4.003069019581679
2026/08/26 10:47:00,4.213576710412365
2026/08/26 10:48:00,4.611715257855761
2026/08/26 10:49:00,4.030243479998668
2026/08/26 10:50:00,3.936351202588651
2026/08/26 10:51:00,4.6964776417686735
2026/08/26 10:52:00,4.633256112398127
2026/08/26 10:53:00,4.574923751270813
2026/08/26 10:54:00,3.936416859873568
2026/08/26 10:55:00,3.988542308524989
2026/08/26 10:56:00,4.241808060268676
2026/08/26 10:57:00,4.4165930567823874
2026/08/26 10:58:00,4.2699402875537915
2026/08/26 10:59:00,3.9303855441752025
2026/08/26 11:00:00,4.311567008589775
2026/08/26 11:01:00,4.6499999999999995
2026/08/26 11:02:00,5.345545378850957
2026/08/26 11:03:00,5.738115095913262
2026/08/26 11:04:00,4.008333333333333
2026/08/26 11:05:00,4.083333333333334
2026/08/26 11:06:00,4.441666666666666
2026/08/26 11:07:00,4.305104504954618
2026/08/26 11:08:00,4.341666666666666
2026/08/26 11:09:00,3.9
2026/08/26 11:10:00,3.944625135518305
2026/08/26 11:11:00,4.6499999999999995
2026/08/26 11:12:00,4.45
2026/08/26 11:13:00,4.6
2026/08/26 11:14:00,3.9416666666666673
2026/08/26 11:15:00,4.546438623078589
2026/08/26 11:16:00,4.250070834513909
2026/08/26 11:17:00,4.061447109450579
2026/08/26 11:18:00,4.483333333333333
2026/08/26 11:19:00,3.905404280123241
2026/08/26 11:20:00,3.986323075640064
2026/08/26 11:21:00,4.638110781734004
2026/08/26 11:22:00,4.458333333333334
2026/08/26 11:23:00,4.499925001249979
2026/08/26 11:24:00,4.061514853301753
2026/08/26 11:25:00,3.9833333333333325
2026/08/26 11:26:00,4.330013656196915
2026/08/26 11:27:00,4.353337558795076
2026/08/26 11:28:00,4.2551419768506955
2026/08/26 11:29:00,3.9196063714452505
2026/08/26 11:30:00,4.080273128486968
2026/08/26 11:31:00,4.7249212513124785
2026/08/26 11:32:00,5.237348633952697
2026/08/26 11:33:00,6.728287117994837
2026/08/26 11:34:00,3.944625135518305
2026/08/26 11:35:00,3.9499999999999997
2026/08/26 11:36:00,4.6083333333333325
2026/08/26 11:37:00,4.175
2026/08/26 11:38:00,4.305104504954618
2026/08/26 11:39:00,3.7778333750312734
2026/08/26 11:40:00,4.230160712798734
2026/08/26 11:41:00,4.666511116296124
2026/08/26 11:42:00,4.069854719530299
2026/08/26 11:43:00,5.379209272890784
2026/08/26 11:44:00,4.878740367615172
2026/08/26 11:45:00,4.833333333333334
2026/08/26 11:46:00,4.191666666666666
2026/08/26 11:47:00,4.0053293363310845
2026/08/26 11:48:00,4.536735885247269
2026/08/26 11:49:00,3.766666666666666
2026/08/26 11:50:00,4.155147720081271
2026/08/26 11:51:00,4.570170464022418
2026/08/26 11:52:00,4.308333333333334
2026/08/26 11:53:00,4.591666666666667
2026/08/26 11:54:00,3.7970888985111415
2026/08/26 11:55:00,4.3
2026/08/26 11:56:00,4.325072084534742
2026/08/26 11:57:00,3.958399306655111
2026/08/26 11:58:00,4.3249279178680355
2026/08/26 11:59:00,3.975
2026/08/26 12:00:00,4.3
2026/08/26 12:01:00,4.611792177466433
2026/08/26 12:02:00,4.833333333333334
2026/08/26 12:03:00,5.7371725481706
2026/08/26 12:04:00,4.661985221757043
2026/08/26 12:05:00,4.488300441335665
2026/08/26 12:06:00,4.1
2026/08/26 12:07:00,4.094737719956634
2026/08/26 12:08:00,4.288378909502715
2026/08/26 12:09:00,4.061447109450579
2026/08/26 12:10:00,4.529860440329081
2026/08/26 12:11:00,3.9915336155461487
2026/08/26 12:12:00,4.3368027755537755
2026/08/26 12:13:00,4.708333333333333
2026/08/26 12:14:00,3.73880025313926
2026/08/26 12:15:00,4.36637557496167
2026/08/26 12:16:00,4.103419516263553
2026/08/26 12:17:00,3.975
2026/08/26 12:18:00,4.55
2026/08/26 12:19:00,3.963693896244483
2026/08/26 12:20:00,3.993796691568836
2026/08/26 12:21:00,4.367612982812942
2026/08/26 12:22:00,4.083333333333334
2026/08/26 12:23:00,4.8796735781497205
2026/08/26 12:24:00,3.8362104912017343
2026/08/26 12:25:00,4.258333333333334
2026/08/26 12:26:00,4.2
2026/08/26 12:27:00,4.0386376884003665
2026/08/26 12:28:00,4.428321240930697
2026/08/26 12:29:00,3.7583333333333333
2026/08/26 12:30:00,4.6499999999999995
2026/08/26 12:31:00,4.133333333333334
2026/08/26 12:32:00,5.037804349998335
2026/08/26 12:33:00,5.816763612726878
2026/08/26 12:34:00,4.066666666666666
2026/08/26 12:35:00,4.061379367859227
2026/08/26 12:36:00,4.25500024980432
2026/08/26 12:37:00,3.936416859873568